source_model,condition,sample_index,image_name,preserved_view_fraction,mean_route_distance,mean_global_cosine,mean_view_js,weight_entropy,clean_route_gradient_cosine,view_cosine_to_raw_mean,view_sign_agreement,view_effective_rank
visformer_small,uniform_opponent,0,ILSVRC2012_val_00031361.JPEG,0.0,0.1250152885913849,0.9506497383117676,0.002829028991982341,2.995732307434082,0.5855051279067993,0.5625779032707214,0.688671886920929,12.068361282348633
visformer_small,uniform_opponent,1,ILSVRC2012_val_00031410.JPEG,0.0,0.1275816261768341,0.93302983045578,0.008086023852229118,2.995732307434082,0.32905328273773193,0.39900436997413635,0.6285707354545593,16.653242111206055
visformer_small,uniform_opponent,2,ILSVRC2012_val_00031472.JPEG,0.0,0.22578568756580353,0.9631415605545044,0.0026535652577877045,2.995732307434082,0.2222929298877716,0.3023824393749237,0.636914074420929,19.187461853027344
visformer_small,uniform_opponent,3,ILSVRC2012_val_00031495.JPEG,0.5,0.35763266682624817,0.9787937998771667,0.0009477128623984754,2.995732307434082,0.50537109375,0.315073698759079,0.635849118232727,18.134767532348633
visformer_small,uniform_opponent,4,ILSVRC2012_val_00031548.JPEG,0.0,0.30433669686317444,0.8701779246330261,0.0314483568072319,2.995732307434082,0.4216885566711426,0.4599825441837311,0.6522005796432495,14.93765640258789
visformer_small,uniform_opponent,5,ILSVRC2012_val_00031586.JPEG,0.0,0.33672448992729187,0.9508849382400513,0.002372568240389228,2.995732307434082,0.40047213435173035,0.3900406062602997,0.6282349228858948,17.437944412231445
visformer_small,uniform_opponent,6,ILSVRC2012_val_00031588.JPEG,0.0,0.23178572952747345,0.9583896994590759,0.0028346641920506954,2.995732307434082,0.4418192505836487,0.4436374306678772,0.6624820828437805,15.765432357788086
visformer_small,uniform_opponent,7,ILSVRC2012_val_00031593.JPEG,0.0,0.37294384837150574,0.9115206599235535,0.005031507927924395,2.995732307434082,0.08778323978185654,0.36433857679367065,0.6485583782196045,18.49863052368164
visformer_small,uniform_opponent,8,ILSVRC2012_val_00031629.JPEG,0.0,0.270576536655426,0.9582802653312683,0.0024682567454874516,2.995732307434082,0.422840416431427,0.38622555136680603,0.6512672305107117,17.790706634521484
visformer_small,uniform_opponent,9,ILSVRC2012_val_00031647.JPEG,0.0,0.2105969488620758,0.9515756964683533,0.0021606290247291327,2.995732307434082,0.4617365002632141,0.4146434962749481,0.660228967666626,16.72580337524414
visformer_small,uniform_opponent,10,ILSVRC2012_val_00031670.JPEG,0.05000000074505806,0.23414285480976105,0.9625746011734009,0.0024431231431663036,2.995732307434082,0.6276482343673706,0.5362928509712219,0.6789088845252991,13.128747940063477
visformer_small,uniform_opponent,11,ILSVRC2012_val_00031686.JPEG,0.0,0.3403928279876709,0.9438287615776062,0.003547475440427661,2.995732307434082,0.1614443063735962,0.3902934193611145,0.6528662443161011,17.904375076293945
visformer_small,uniform_opponent,12,ILSVRC2012_val_00031762.JPEG,0.05000000074505806,0.24182143807411194,0.9640616774559021,0.011139548383653164,2.995732307434082,0.644040048122406,0.6056667566299438,0.6847891807556152,9.804717063903809
visformer_small,uniform_opponent,13,ILSVRC2012_val_00031783.JPEG,0.0,0.15113775432109833,0.925240159034729,0.013934234157204628,2.995732307434082,0.5031710267066956,0.4568553864955902,0.6420433521270752,15.621447563171387
visformer_small,uniform_opponent,14,ILSVRC2012_val_00031785.JPEG,0.30000001192092896,0.15657652914524078,0.9738457798957825,0.0013754137326031923,2.995732307434082,0.6422916650772095,0.5294672846794128,0.6717982888221741,13.335162162780762
visformer_small,uniform_opponent,15,ILSVRC2012_val_00031789.JPEG,0.0,0.16185204684734344,0.9417570233345032,0.0065429494716227055,2.995732307434082,0.5344278812408447,0.4252762794494629,0.6667513847351074,15.3175630569458
visformer_small,uniform_opponent,16,ILSVRC2012_val_00031922.JPEG,0.0,0.41160717606544495,0.970235288143158,0.0008782478980720043,2.995732307434082,0.5778791308403015,0.4291451573371887,0.6553933620452881,15.795650482177734
visformer_small,uniform_opponent,17,ILSVRC2012_val_00031927.JPEG,0.4000000059604645,0.36218369007110596,0.9712978601455688,0.0024486701004207134,2.995732307434082,0.41515636444091797,0.46636486053466797,0.6521182060241699,15.225031852722168
visformer_small,uniform_opponent,18,ILSVRC2012_val_00032032.JPEG,0.0,0.15291325747966766,0.9182489514350891,0.0079824049025774,2.995732307434082,0.5363320112228394,0.5211743712425232,0.6530462503433228,14.354182243347168
visformer_small,uniform_opponent,19,ILSVRC2012_val_00032039.JPEG,0.0,0.28617343306541443,0.8697614669799805,0.019853884354233742,2.995732307434082,0.025272853672504425,0.3267243206501007,0.6029492616653442,19.243743896484375
visformer_small,uniform_opponent,20,ILSVRC2012_val_00032046.JPEG,0.05000000074505806,0.2160969227552414,0.9558164477348328,0.0029589147306978703,2.995732307434082,0.18710026144981384,0.36719560623168945,0.6506181359291077,17.774839401245117
visformer_small,uniform_opponent,21,ILSVRC2012_val_00032097.JPEG,0.0,0.22663263976573944,0.9529333114624023,0.005990317091345787,2.995732307434082,0.44215714931488037,0.4584381580352783,0.657720148563385,15.895576477050781
visformer_small,uniform_opponent,22,ILSVRC2012_val_00032098.JPEG,0.20000000298023224,0.19388262927532196,0.9703626036643982,0.0028295530937612057,2.995732307434082,0.2725805640220642,0.3230290710926056,0.6259586215019226,18.87445640563965
visformer_small,uniform_opponent,23,ILSVRC2012_val_00032102.JPEG,0.699999988079071,0.26719897985458374,0.9854663014411926,0.0004709011991508305,2.995732307434082,0.6539480090141296,0.5145313143730164,0.6770889759063721,11.903939247131348
visformer_small,uniform_opponent,24,ILSVRC2012_val_00032120.JPEG,0.0,0.271841824054718,0.9588664174079895,0.004458920564502478,2.995732307434082,0.619550883769989,0.5157476663589478,0.6415504217147827,12.673015594482422
visformer_small,uniform_opponent,25,ILSVRC2012_val_00032188.JPEG,0.0,0.24128571152687073,0.9279913902282715,0.008957876823842525,2.995732307434082,0.4950074553489685,0.5202853083610535,0.6446564793586731,13.791376113891602
visformer_small,uniform_opponent,26,ILSVRC2012_val_00032370.JPEG,0.0,0.1725510209798813,0.9642799496650696,0.002155183581635356,2.995732307434082,0.49544352293014526,0.44869479537010193,0.6611039042472839,15.806346893310547
visformer_small,uniform_opponent,27,ILSVRC2012_val_00032435.JPEG,0.0,0.2660612165927887,0.9473316073417664,0.00638592941686511,2.995732307434082,0.6175490617752075,0.538135826587677,0.6644036173820496,12.621489524841309
visformer_small,uniform_opponent,28,ILSVRC2012_val_00032552.JPEG,0.45000001788139343,0.312173455953598,0.9731640219688416,0.0019023012137040496,2.995732307434082,0.6420536637306213,0.4886649250984192,0.677288293838501,14.259760856628418
visformer_small,uniform_opponent,29,ILSVRC2012_val_00032623.JPEG,0.15000000596046448,0.2913418412208557,0.9716043472290039,0.004092346411198378,2.995732307434082,0.7209771871566772,0.6785917282104492,0.694675087928772,7.702542304992676
visformer_small,uniform_opponent,30,ILSVRC2012_val_00032646.JPEG,0.0,0.17063775658607483,0.9623684287071228,0.007512041833251715,2.995732307434082,0.5221708416938782,0.5445173382759094,0.6877793669700623,12.925858497619629
visformer_small,uniform_opponent,31,ILSVRC2012_val_00032695.JPEG,0.0,0.292295902967453,0.9474828839302063,0.0028062514029443264,2.995732307434082,0.13609406352043152,0.39834463596343994,0.6521075963973999,17.464876174926758
visformer_small,uniform_opponent,32,ILSVRC2012_val_00032723.JPEG,0.0,0.4379745125770569,0.9282210469245911,0.003129322547465563,2.995732307434082,0.16842517256736755,0.3497666120529175,0.6242084503173828,18.607023239135742
visformer_small,uniform_opponent,33,ILSVRC2012_val_00032911.JPEG,0.0,0.35161224007606506,0.9388111233711243,0.01824709214270115,2.995732307434082,0.5058771371841431,0.48073482513427734,0.6600812077522278,14.542132377624512
visformer_small,uniform_opponent,34,ILSVRC2012_val_00032926.JPEG,0.0,0.18764285743236542,0.9456565976142883,0.0015893392264842987,2.995732307434082,0.48614048957824707,0.4954828917980194,0.65892094373703,14.264289855957031
visformer_small,uniform_opponent,35,ILSVRC2012_val_00032950.JPEG,0.6000000238418579,0.12803569436073303,0.9796250462532043,0.001456281985156238,2.995732307434082,0.5368351936340332,0.43593546748161316,0.649015486240387,16.302444458007812
visformer_small,uniform_opponent,36,ILSVRC2012_val_00033014.JPEG,0.0,0.332255095243454,0.960655689239502,0.004437423311173916,2.995732307434082,0.6654424071311951,0.6040740609169006,0.6533329486846924,10.538008689880371
visformer_small,uniform_opponent,37,ILSVRC2012_val_00033018.JPEG,0.10000000149011612,0.2909846901893616,0.9661062359809875,0.003449604380875826,2.995732307434082,0.7289369106292725,0.5863907933235168,0.6797599196434021,10.527602195739746
visformer_small,uniform_opponent,38,ILSVRC2012_val_00033076.JPEG,0.0,0.2243928462266922,0.9134389758110046,0.005991991143673658,2.995732307434082,0.45854270458221436,0.5170490145683289,0.6596975326538086,13.326784133911133
visformer_small,uniform_opponent,39,ILSVRC2012_val_00033149.JPEG,0.0,0.36766326427459717,0.942537248134613,0.010490775108337402,2.995732307434082,0.4480282962322235,0.5278752446174622,0.6621588468551636,12.924757957458496
visformer_small,uniform_opponent,40,ILSVRC2012_val_00033150.JPEG,0.20000000298023224,0.2140663117170334,0.974356472492218,0.0016521373763680458,2.995732307434082,0.3735014796257019,0.3389291763305664,0.6346460580825806,18.876562118530273
visformer_small,uniform_opponent,41,ILSVRC2012_val_00033171.JPEG,0.0,0.24305100739002228,0.9541813731193542,0.004935916978865862,2.995732307434082,0.20144960284233093,0.3576575219631195,0.648543119430542,18.682708740234375
visformer_small,uniform_opponent,42,ILSVRC2012_val_00033207.JPEG,0.0,0.29014286398887634,0.8824480175971985,0.00832709576934576,2.995732307434082,0.14875264465808868,0.3651126027107239,0.6169167757034302,18.201976776123047
visformer_small,uniform_opponent,43,ILSVRC2012_val_00033255.JPEG,0.0,0.2750051021575928,0.9259554743766785,0.009878459386527538,2.995732307434082,0.225437730550766,0.4881590008735657,0.6486507654190063,14.802980422973633
visformer_small,uniform_opponent,44,ILSVRC2012_val_00033340.JPEG,0.6000000238418579,0.3936377465724945,0.9819830060005188,0.001041318872012198,2.995732307434082,0.3811646103858948,0.39716634154319763,0.6600183844566345,16.510780334472656
visformer_small,uniform_opponent,45,ILSVRC2012_val_00033725.JPEG,0.0,0.24180102348327637,0.9393173456192017,0.007393795996904373,2.995732307434082,0.324374794960022,0.4420951008796692,0.6380324363708496,15.970845222473145
visformer_small,uniform_opponent,46,ILSVRC2012_val_00033897.JPEG,0.0,0.20798979699611664,0.931377112865448,0.002223568269982934,2.995732307434082,0.4373449683189392,0.510465681552887,0.6570289134979248,14.50931453704834
visformer_small,uniform_opponent,47,ILSVRC2012_val_00033960.JPEG,0.0,0.2141224443912506,0.9652084708213806,0.0019090966088697314,2.995732307434082,0.2427225410938263,0.41182586550712585,0.6732823848724365,16.583524703979492
visformer_small,uniform_opponent,48,ILSVRC2012_val_00033997.JPEG,0.5,0.16232651472091675,0.978434681892395,0.0011570509523153305,2.995732307434082,0.35411757230758667,0.36799630522727966,0.6449933052062988,17.565048217773438
visformer_small,uniform_opponent,49,ILSVRC2012_val_00034008.JPEG,0.0,0.3005203902721405,0.9429494738578796,0.009257939644157887,2.995732307434082,0.437441349029541,0.4604315757751465,0.6497236490249634,15.440215110778809
visformer_small,uniform_opponent,50,ILSVRC2012_val_00034055.JPEG,0.0,0.17705100774765015,0.9527921676635742,0.009045284241437912,2.995732307434082,0.5422136187553406,0.5121018290519714,0.659557044506073,13.647285461425781
visformer_small,uniform_opponent,51,ILSVRC2012_val_00034168.JPEG,0.0,0.2919336259365082,0.9546303153038025,0.004499758593738079,2.995732307434082,0.10193493962287903,0.31556236743927,0.6302438974380493,19.05014419555664
visformer_small,uniform_opponent,52,ILSVRC2012_val_00034182.JPEG,0.0,0.29523468017578125,0.9477791786193848,0.002997026313096285,2.995732307434082,0.10593578964471817,0.3215738832950592,0.633189857006073,18.58890724182129
visformer_small,uniform_opponent,53,ILSVRC2012_val_00034217.JPEG,0.0,0.22426529228687286,0.9683448672294617,0.0031492747366428375,2.995732307434082,0.5188109874725342,0.5499883890151978,0.6457051038742065,12.589110374450684
visformer_small,uniform_opponent,54,ILSVRC2012_val_00034225.JPEG,0.0,0.2385663092136383,0.95359867811203,0.004746878053992987,2.995732307434082,0.40089672803878784,0.5197537541389465,0.6886110901832581,13.470341682434082
visformer_small,uniform_opponent,55,ILSVRC2012_val_00034230.JPEG,0.0,0.29744383692741394,0.9573498964309692,0.003126309020444751,2.995732307434082,0.0757317990064621,0.3897760510444641,0.6395049691200256,17.799449920654297
visformer_small,uniform_opponent,56,ILSVRC2012_val_00034302.JPEG,0.0,0.3623877465724945,0.9547352194786072,0.0018951892852783203,2.995732307434082,0.11552990972995758,0.32523176074028015,0.6124355792999268,19.223873138427734
visformer_small,uniform_opponent,57,ILSVRC2012_val_00034356.JPEG,0.0,0.17970408499240875,0.9660734534263611,0.0013970369473099709,2.995732307434082,0.613956868648529,0.5290563702583313,0.6743605732917786,12.953896522521973
visformer_small,uniform_opponent,58,ILSVRC2012_val_00034359.JPEG,0.0,0.2512653172016144,0.9286727905273438,0.006279157940298319,2.995732307434082,0.21619248390197754,0.38045474886894226,0.6238968968391418,17.883098602294922
visformer_small,uniform_opponent,59,ILSVRC2012_val_00034391.JPEG,0.0,0.29240307211875916,0.8987013101577759,0.0329684242606163,2.995732307434082,0.407967746257782,0.4392232894897461,0.6300581693649292,14.22551155090332
visformer_small,uniform_opponent,60,ILSVRC2012_val_00034406.JPEG,0.0,0.2634081542491913,0.9536640048027039,0.002910528564825654,2.995732307434082,0.2962998151779175,0.3731616139411926,0.6481820940971375,16.309194564819336
visformer_small,uniform_opponent,61,ILSVRC2012_val_00034438.JPEG,0.5,0.19728060066699982,0.9714038968086243,0.013771331869065762,2.995732307434082,0.9037072062492371,0.5887833833694458,0.6613354086875916,9.095769882202148
visformer_small,uniform_opponent,62,ILSVRC2012_val_00034459.JPEG,0.0,0.12473978847265244,0.9543224573135376,0.002979143289849162,2.995732307434082,0.24357129633426666,0.3554143011569977,0.6568163633346558,18.256757736206055
visformer_small,uniform_opponent,63,ILSVRC2012_val_00034548.JPEG,0.0,0.19129592180252075,0.9427245259284973,0.003827824490144849,2.995732307434082,0.25433701276779175,0.3086928427219391,0.6445817351341248,19.25820541381836
visformer_small,global_preserve_opponent,0,ILSVRC2012_val_00031361.JPEG,0.0,0.1250152885913849,0.9506497383117676,0.002829028991982341,2.69801664352417,0.6924004554748535,0.5229378938674927,0.6841245293617249,12.068367004394531
visformer_small,global_preserve_opponent,1,ILSVRC2012_val_00031410.JPEG,0.0,0.1275816261768341,0.93302983045578,0.008086023852229118,2.648632049560547,0.41418319940567017,0.3649081885814667,0.6274589896202087,16.653242111206055
visformer_small,global_preserve_opponent,2,ILSVRC2012_val_00031472.JPEG,0.0,0.22578568756580353,0.9631415605545044,0.0026535652577877045,2.9146618843078613,0.21584364771842957,0.2908419668674469,0.6361274719238281,19.18746566772461
visformer_small,global_preserve_opponent,3,ILSVRC2012_val_00031495.JPEG,0.5,0.35763266682624817,0.9787937998771667,0.0009477128623984754,2.926211357116699,0.5556787252426147,0.2993259131908417,0.6347450017929077,18.13477325439453
visformer_small,global_preserve_opponent,4,ILSVRC2012_val_00031548.JPEG,0.0,0.30433669686317444,0.8701779246330261,0.0314483568072319,2.2808539867401123,0.46748870611190796,0.3848167359828949,0.6379616856575012,14.937652587890625
visformer_small,global_preserve_opponent,5,ILSVRC2012_val_00031586.JPEG,0.0,0.33672448992729187,0.9508849382400513,0.002372568240389228,2.8347554206848145,0.4651133120059967,0.3630083203315735,0.6254863142967224,17.43794059753418
visformer_small,global_preserve_opponent,6,ILSVRC2012_val_00031588.JPEG,0.0,0.23178572952747345,0.9583896994590759,0.0028346641920506954,2.913465738296509,0.4632371962070465,0.428546279668808,0.6613022089004517,15.765432357788086
visformer_small,global_preserve_opponent,7,ILSVRC2012_val_00031593.JPEG,0.0,0.37294384837150574,0.9115206599235535,0.005031507927924395,2.900029182434082,0.08230607211589813,0.3480168879032135,0.6467228531837463,18.498626708984375
visformer_small,global_preserve_opponent,8,ILSVRC2012_val_00031629.JPEG,0.0,0.270576536655426,0.9582802653312683,0.0024682567454874516,2.8883700370788574,0.4603923261165619,0.3729011118412018,0.6502607464790344,17.79070281982422
visformer_small,global_preserve_opponent,9,ILSVRC2012_val_00031647.JPEG,0.0,0.2105969488620758,0.9515756964683533,0.0021606290247291327,2.8431496620178223,0.5188134908676147,0.40345677733421326,0.6630749702453613,16.72580337524414
visformer_small,global_preserve_opponent,10,ILSVRC2012_val_00031670.JPEG,0.05000000074505806,0.23414285480976105,0.9625746011734009,0.0024431231431663036,2.806697130203247,0.7016676664352417,0.5126521587371826,0.67750084400177,13.128747940063477
visformer_small,global_preserve_opponent,11,ILSVRC2012_val_00031686.JPEG,0.0,0.3403928279876709,0.9438287615776062,0.003547475440427661,2.8536691665649414,0.1906747967004776,0.37154170870780945,0.6508928537368774,17.904382705688477
visformer_small,global_preserve_opponent,12,ILSVRC2012_val_00031762.JPEG,0.05000000074505806,0.24182143807411194,0.9640616774559021,0.011139548383653164,2.6561546325683594,0.7712017297744751,0.5956514477729797,0.6877697110176086,9.804717063903809
visformer_small,global_preserve_opponent,13,ILSVRC2012_val_00031783.JPEG,0.0,0.15113775432109833,0.925240159034729,0.013934234157204628,2.363032579421997,0.5574668645858765,0.3921312093734741,0.6283894181251526,15.621439933776855
visformer_small,global_preserve_opponent,14,ILSVRC2012_val_00031785.JPEG,0.30000001192092896,0.15657652914524078,0.9738457798957825,0.0013754137326031923,2.934553623199463,0.682172417640686,0.517041027545929,0.6721347570419312,13.335158348083496
visformer_small,global_preserve_opponent,15,ILSVRC2012_val_00031789.JPEG,0.0,0.16185204684734344,0.9417570233345032,0.0065429494716227055,2.6664676666259766,0.643836259841919,0.39965200424194336,0.6617210507392883,15.3175630569458
visformer_small,global_preserve_opponent,16,ILSVRC2012_val_00031922.JPEG,0.0,0.41160717606544495,0.970235288143158,0.0008782478980720043,2.950758218765259,0.619530439376831,0.4173397123813629,0.6564772129058838,15.795650482177734
visformer_small,global_preserve_opponent,17,ILSVRC2012_val_00031927.JPEG,0.4000000059604645,0.36218369007110596,0.9712978601455688,0.0024486701004207134,2.816176414489746,0.4643990695476532,0.42958900332450867,0.6483710408210754,15.225031852722168
visformer_small,global_preserve_opponent,18,ILSVRC2012_val_00032032.JPEG,0.0,0.15291325747966766,0.9182489514350891,0.0079824049025774,2.738999128341675,0.578201949596405,0.49615001678466797,0.6491214036941528,14.354182243347168
visformer_small,global_preserve_opponent,19,ILSVRC2012_val_00032039.JPEG,0.0,0.28617343306541443,0.8697614669799805,0.019853884354233742,2.6707465648651123,0.022272638976573944,0.28128644824028015,0.5937290787696838,19.243743896484375
visformer_small,global_preserve_opponent,20,ILSVRC2012_val_00032046.JPEG,0.05000000074505806,0.2160969227552414,0.9558164477348328,0.0029589147306978703,2.623100757598877,0.2017246037721634,0.32955071330070496,0.6438194513320923,17.774839401245117
visformer_small,global_preserve_opponent,21,ILSVRC2012_val_00032097.JPEG,0.0,0.22663263976573944,0.9529333114624023,0.005990317091345787,2.820711612701416,0.5051243305206299,0.4316926896572113,0.6550120115280151,15.895567893981934
visformer_small,global_preserve_opponent,22,ILSVRC2012_val_00032098.JPEG,0.20000000298023224,0.19388262927532196,0.9703626036643982,0.0028295530937612057,2.8761160373687744,0.28371715545654297,0.302473783493042,0.6228479146957397,18.874452590942383
visformer_small,global_preserve_opponent,23,ILSVRC2012_val_00032102.JPEG,0.699999988079071,0.26719897985458374,0.9854663014411926,0.0004709011991508305,2.906374931335449,0.7186074256896973,0.4872688353061676,0.6762287020683289,11.903936386108398
visformer_small,global_preserve_opponent,24,ILSVRC2012_val_00032120.JPEG,0.0,0.271841824054718,0.9588664174079895,0.004458920564502478,2.788961887359619,0.7157424688339233,0.49702635407447815,0.6398317813873291,12.673015594482422
visformer_small,global_preserve_opponent,25,ILSVRC2012_val_00032188.JPEG,0.0,0.24128571152687073,0.9279913902282715,0.008957876823842525,2.705204486846924,0.5050239562988281,0.5067548155784607,0.6401124596595764,13.791376113891602
visformer_small,global_preserve_opponent,26,ILSVRC2012_val_00032370.JPEG,0.0,0.1725510209798813,0.9642799496650696,0.002155183581635356,2.931022882461548,0.5361460447311401,0.44487786293029785,0.6620761752128601,15.806346893310547
visformer_small,global_preserve_opponent,27,ILSVRC2012_val_00032435.JPEG,0.0,0.2660612165927887,0.9473316073417664,0.00638592941686511,2.6762771606445312,0.6633611917495728,0.4950260818004608,0.6569558382034302,12.621489524841309
visformer_small,global_preserve_opponent,28,ILSVRC2012_val_00032552.JPEG,0.45000001788139343,0.312173455953598,0.9731640219688416,0.0019023012137040496,2.809284210205078,0.7236834764480591,0.4613973796367645,0.6781651973724365,14.259764671325684
visformer_small,global_preserve_opponent,29,ILSVRC2012_val_00032623.JPEG,0.15000000596046448,0.2913418412208557,0.9716043472290039,0.004092346411198378,2.939112424850464,0.7535144090652466,0.6743965148925781,0.696882963180542,7.70254373550415
visformer_small,global_preserve_opponent,30,ILSVRC2012_val_00032646.JPEG,0.0,0.17063775658607483,0.9623684287071228,0.007512041833251715,2.842372179031372,0.5871673822402954,0.5272900462150574,0.6865098476409912,12.925861358642578
visformer_small,global_preserve_opponent,31,ILSVRC2012_val_00032695.JPEG,0.0,0.292295902967453,0.9474828839302063,0.0028062514029443264,2.8374128341674805,0.15410614013671875,0.3766396641731262,0.6504643559455872,17.464876174926758
visformer_small,global_preserve_opponent,32,ILSVRC2012_val_00032723.JPEG,0.0,0.4379745125770569,0.9282210469245911,0.003129322547465563,2.8672850131988525,0.19840647280216217,0.33103758096694946,0.6222301125526428,18.607023239135742
visformer_small,global_preserve_opponent,33,ILSVRC2012_val_00032911.JPEG,0.0,0.35161224007606506,0.9388111233711243,0.01824709214270115,2.455582857131958,0.553105354309082,0.42443227767944336,0.6508666276931763,14.542132377624512
visformer_small,global_preserve_opponent,34,ILSVRC2012_val_00032926.JPEG,0.0,0.18764285743236542,0.9456565976142883,0.0015893392264842987,2.780200719833374,0.5473104119300842,0.46681347489356995,0.6582117676734924,14.264289855957031
visformer_small,global_preserve_opponent,35,ILSVRC2012_val_00032950.JPEG,0.6000000238418579,0.12803569436073303,0.9796250462532043,0.001456281985156238,2.8599865436553955,0.592044472694397,0.41665878891944885,0.6479472517967224,16.302444458007812
visformer_small,global_preserve_opponent,36,ILSVRC2012_val_00033014.JPEG,0.0,0.332255095243454,0.960655689239502,0.004437423311173916,2.678287982940674,0.7569102048873901,0.560859203338623,0.6454041600227356,10.538008689880371
visformer_small,global_preserve_opponent,37,ILSVRC2012_val_00033018.JPEG,0.10000000149011612,0.2909846901893616,0.9661062359809875,0.003449604380875826,2.7496607303619385,0.7972824573516846,0.5392579436302185,0.6729787588119507,10.527602195739746
visformer_small,global_preserve_opponent,38,ILSVRC2012_val_00033076.JPEG,0.0,0.2243928462266922,0.9134389758110046,0.005991991143673658,2.4251205921173096,0.5845500826835632,0.4564609229564667,0.6490898728370667,13.326784133911133
visformer_small,global_preserve_opponent,39,ILSVRC2012_val_00033149.JPEG,0.0,0.36766326427459717,0.942537248134613,0.010490775108337402,2.656789779663086,0.531272292137146,0.5115036964416504,0.657594621181488,12.924755096435547
visformer_small,global_preserve_opponent,40,ILSVRC2012_val_00033150.JPEG,0.20000000298023224,0.2140663117170334,0.974356472492218,0.0016521373763680458,2.941181182861328,0.402175635099411,0.331621915102005,0.6358544826507568,18.876562118530273
visformer_small,global_preserve_opponent,41,ILSVRC2012_val_00033171.JPEG,0.0,0.24305100739002228,0.9541813731193542,0.004935916978865862,2.8892340660095215,0.2128061205148697,0.34018611907958984,0.646560788154602,18.682708740234375
visformer_small,global_preserve_opponent,42,ILSVRC2012_val_00033207.JPEG,0.0,0.29014286398887634,0.8824480175971985,0.00832709576934576,2.2999556064605713,0.2051042914390564,0.2909066379070282,0.6047881245613098,18.201976776123047
visformer_small,global_preserve_opponent,43,ILSVRC2012_val_00033255.JPEG,0.0,0.2750051021575928,0.9259554743766785,0.009878459386527538,2.6340787410736084,0.28681743144989014,0.46542444825172424,0.646949052810669,14.802980422973633
visformer_small,global_preserve_opponent,44,ILSVRC2012_val_00033340.JPEG,0.6000000238418579,0.3936377465724945,0.9819830060005188,0.001041318872012198,2.9237060546875,0.4502123296260834,0.4099235534667969,0.6640249490737915,16.510780334472656
visformer_small,global_preserve_opponent,45,ILSVRC2012_val_00033725.JPEG,0.0,0.24180102348327637,0.9393173456192017,0.007393795996904373,2.6199231147766113,0.4184841513633728,0.4099448621273041,0.6375966668128967,15.97084903717041
visformer_small,global_preserve_opponent,46,ILSVRC2012_val_00033897.JPEG,0.0,0.20798979699611664,0.931377112865448,0.002223568269982934,2.845646619796753,0.4740672707557678,0.5028635859489441,0.6559035778045654,14.50931453704834
visformer_small,global_preserve_opponent,47,ILSVRC2012_val_00033960.JPEG,0.0,0.2141224443912506,0.9652084708213806,0.0019090966088697314,2.9137320518493652,0.2545064091682434,0.3951410949230194,0.6733205914497375,16.583528518676758
visformer_small,global_preserve_opponent,48,ILSVRC2012_val_00033997.JPEG,0.5,0.16232651472091675,0.978434681892395,0.0011570509523153305,2.9125139713287354,0.37429895997047424,0.3545035719871521,0.6471105217933655,17.565048217773438
visformer_small,global_preserve_opponent,49,ILSVRC2012_val_00034008.JPEG,0.0,0.3005203902721405,0.9429494738578796,0.009257939644157887,2.6503243446350098,0.5433924198150635,0.42992955446243286,0.6505002379417419,15.440211296081543
visformer_small,global_preserve_opponent,50,ILSVRC2012_val_00034055.JPEG,0.0,0.17705100774765015,0.9527921676635742,0.009045284241437912,2.8908638954162598,0.6140971183776855,0.5007316470146179,0.6603977084159851,13.647282600402832
visformer_small,global_preserve_opponent,51,ILSVRC2012_val_00034168.JPEG,0.0,0.2919336259365082,0.9546303153038025,0.004499758593738079,2.8712682723999023,0.1234704777598381,0.31679990887641907,0.6286624670028687,19.050140380859375
visformer_small,global_preserve_opponent,52,ILSVRC2012_val_00034182.JPEG,0.0,0.29523468017578125,0.9477791786193848,0.002997026313096285,2.823399782180786,0.10956823080778122,0.2880994379520416,0.6324700117111206,18.58890151977539
visformer_small,global_preserve_opponent,53,ILSVRC2012_val_00034217.JPEG,0.0,0.22426529228687286,0.9683448672294617,0.0031492747366428375,2.8738222122192383,0.6027463674545288,0.5343414545059204,0.6434135437011719,12.589110374450684
visformer_small,global_preserve_opponent,54,ILSVRC2012_val_00034225.JPEG,0.0,0.2385663092136383,0.95359867811203,0.004746878053992987,2.8891654014587402,0.4459882378578186,0.4999229609966278,0.6885665655136108,13.470344543457031
visformer_small,global_preserve_opponent,55,ILSVRC2012_val_00034230.JPEG,0.0,0.29744383692741394,0.9573498964309692,0.003126309020444751,2.890742778778076,0.08756911754608154,0.379560261964798,0.640535295009613,17.799449920654297
visformer_small,global_preserve_opponent,56,ILSVRC2012_val_00034302.JPEG,0.0,0.3623877465724945,0.9547352194786072,0.0018951892852783203,2.9067070484161377,0.13126757740974426,0.3150320053100586,0.6120648384094238,19.223873138427734
visformer_small,global_preserve_opponent,57,ILSVRC2012_val_00034356.JPEG,0.0,0.17970408499240875,0.9660734534263611,0.0013970369473099709,2.8866090774536133,0.6981458067893982,0.5099794864654541,0.675364077091217,12.953896522521973
visformer_small,global_preserve_opponent,58,ILSVRC2012_val_00034359.JPEG,0.0,0.2512653172016144,0.9286727905273438,0.006279157940298319,2.615952253341675,0.21140801906585693,0.3381560146808624,0.6191104054450989,17.883098602294922
visformer_small,global_preserve_opponent,59,ILSVRC2012_val_00034391.JPEG,0.0,0.29240307211875916,0.8987013101577759,0.0329684242606163,2.254438877105713,0.6190851926803589,0.40453124046325684,0.6352472901344299,14.22551155090332
visformer_small,global_preserve_opponent,60,ILSVRC2012_val_00034406.JPEG,0.0,0.2634081542491913,0.9536640048027039,0.002910528564825654,2.8245720863342285,0.3888036608695984,0.36345338821411133,0.6476379632949829,16.309186935424805
visformer_small,global_preserve_opponent,61,ILSVRC2012_val_00034438.JPEG,0.5,0.19728060066699982,0.9714038968086243,0.013771331869065762,2.4660370349884033,0.9214628338813782,0.5560873746871948,0.6490353941917419,9.095771789550781
visformer_small,global_preserve_opponent,62,ILSVRC2012_val_00034459.JPEG,0.0,0.12473978847265244,0.9543224573135376,0.002979143289849162,2.866295337677002,0.283427894115448,0.3417658507823944,0.6582393050193787,18.25676727294922
visformer_small,global_preserve_opponent,63,ILSVRC2012_val_00034548.JPEG,0.0,0.19129592180252075,0.9427245259284973,0.003827824490144849,2.8236899375915527,0.2736635208129883,0.29481080174446106,0.6456955075263977,19.25820541381836
visformer_small,route_balance_opponent,0,ILSVRC2012_val_00031361.JPEG,0.0,0.1250152885913849,0.9506497383117676,0.002829028991982341,2.9919326305389404,0.5756683945655823,0.5615407228469849,0.6878049373626709,12.068363189697266
visformer_small,route_balance_opponent,1,ILSVRC2012_val_00031410.JPEG,0.0,0.1275816261768341,0.93302983045578,0.008086023852229118,2.9891629219055176,0.3011723756790161,0.3879508078098297,0.6246322989463806,16.653242111206055
visformer_small,route_balance_opponent,2,ILSVRC2012_val_00031472.JPEG,0.0,0.22578568756580353,0.9631415605545044,0.0026535652577877045,2.9921669960021973,0.21213218569755554,0.3011263310909271,0.6361580491065979,19.187461853027344
visformer_small,route_balance_opponent,3,ILSVRC2012_val_00031495.JPEG,0.5,0.35763266682624817,0.9787937998771667,0.0009477128623984754,2.9857306480407715,0.4824219346046448,0.318448007106781,0.6346742510795593,18.134767532348633
visformer_small,route_balance_opponent,4,ILSVRC2012_val_00031548.JPEG,0.0,0.30433669686317444,0.8701779246330261,0.0314483568072319,2.9641470909118652,0.38900649547576904,0.45498934388160706,0.648226261138916,14.937652587890625
visformer_small,route_balance_opponent,5,ILSVRC2012_val_00031586.JPEG,0.0,0.33672448992729187,0.9508849382400513,0.002372568240389228,2.987760305404663,0.3931977152824402,0.3904552161693573,0.6276383996009827,17.43794059753418
visformer_small,route_balance_opponent,6,ILSVRC2012_val_00031588.JPEG,0.0,0.23178572952747345,0.9583896994590759,0.0028346641920506954,2.9889371395111084,0.42893505096435547,0.444144070148468,0.6617612838745117,15.765432357788086
visformer_small,route_balance_opponent,7,ILSVRC2012_val_00031593.JPEG,0.0,0.37294384837150574,0.9115206599235535,0.005031507927924395,2.966904640197754,0.08106499165296555,0.3585836887359619,0.6462651491165161,18.49863624572754
visformer_small,route_balance_opponent,8,ILSVRC2012_val_00031629.JPEG,0.0,0.270576536655426,0.9582802653312683,0.0024682567454874516,2.9742140769958496,0.3954712152481079,0.38501328229904175,0.6488444209098816,17.79070281982422
visformer_small,route_balance_opponent,9,ILSVRC2012_val_00031647.JPEG,0.0,0.2105969488620758,0.9515756964683533,0.0021606290247291327,2.9879462718963623,0.44156163930892944,0.4084068238735199,0.6572149395942688,16.72580337524414
visformer_small,route_balance_opponent,10,ILSVRC2012_val_00031670.JPEG,0.05000000074505806,0.23414285480976105,0.9625746011734009,0.0024431231431663036,2.9837117195129395,0.6073936223983765,0.5344179272651672,0.6773321032524109,13.128747940063477
visformer_small,route_balance_opponent,11,ILSVRC2012_val_00031686.JPEG,0.0,0.3403928279876709,0.9438287615776062,0.003547475440427661,2.978424310684204,0.14706644415855408,0.3857906758785248,0.6501787304878235,17.90437889099121
visformer_small,route_balance_opponent,12,ILSVRC2012_val_00031762.JPEG,0.05000000074505806,0.24182143807411194,0.9640616774559021,0.011139548383653164,2.9835824966430664,0.5964711904525757,0.5846915245056152,0.678615927696228,9.804717063903809
visformer_small,route_balance_opponent,13,ILSVRC2012_val_00031783.JPEG,0.0,0.15113775432109833,0.925240159034729,0.013934234157204628,2.988664150238037,0.489576131105423,0.4567832052707672,0.6411156058311462,15.621439933776855
visformer_small,route_balance_opponent,14,ILSVRC2012_val_00031785.JPEG,0.30000001192092896,0.15657652914524078,0.9738457798957825,0.0013754137326031923,2.989715576171875,0.6313209533691406,0.5290053486824036,0.6708247065544128,13.335164070129395
visformer_small,route_balance_opponent,15,ILSVRC2012_val_00031789.JPEG,0.0,0.16185204684734344,0.9417570233345032,0.0065429494716227055,2.9691922664642334,0.4663015604019165,0.4077536165714264,0.6625916957855225,15.3175630569458
visformer_small,route_balance_opponent,16,ILSVRC2012_val_00031922.JPEG,0.0,0.41160717606544495,0.970235288143158,0.0008782478980720043,2.984912395477295,0.551681399345398,0.4289281368255615,0.6532681584358215,15.795646667480469
visformer_small,route_balance_opponent,17,ILSVRC2012_val_00031927.JPEG,0.4000000059604645,0.36218369007110596,0.9712978601455688,0.0024486701004207134,2.98244309425354,0.39468491077423096,0.46597033739089966,0.6503790020942688,15.225035667419434
visformer_small,route_balance_opponent,18,ILSVRC2012_val_00032032.JPEG,0.0,0.15291325747966766,0.9182489514350891,0.0079824049025774,2.989567518234253,0.5252034068107605,0.5199238657951355,0.6517069935798645,14.354182243347168
visformer_small,route_balance_opponent,19,ILSVRC2012_val_00032039.JPEG,0.0,0.28617343306541443,0.8697614669799805,0.019853884354233742,2.9885518550872803,0.02436833083629608,0.32705408334732056,0.6025430560112,19.243743896484375
visformer_small,route_balance_opponent,20,ILSVRC2012_val_00032046.JPEG,0.05000000074505806,0.2160969227552414,0.9558164477348328,0.0029589147306978703,2.966299533843994,0.1759786307811737,0.3645699620246887,0.6469390988349915,17.774839401245117
visformer_small,route_balance_opponent,21,ILSVRC2012_val_00032097.JPEG,0.0,0.22663263976573944,0.9529333114624023,0.005990317091345787,2.992265224456787,0.4355453848838806,0.4583185315132141,0.6570322513580322,15.895567893981934
visformer_small,route_balance_opponent,22,ILSVRC2012_val_00032098.JPEG,0.20000000298023224,0.19388262927532196,0.9703626036643982,0.0028295530937612057,2.994145631790161,0.27209073305130005,0.3231360614299774,0.6260745525360107,18.874452590942383
visformer_small,route_balance_opponent,23,ILSVRC2012_val_00032102.JPEG,0.699999988079071,0.26719897985458374,0.9854663014411926,0.0004709011991508305,2.876358985900879,0.5385538339614868,0.5025617480278015,0.6676099896430969,11.903936386108398
visformer_small,route_balance_opponent,24,ILSVRC2012_val_00032120.JPEG,0.0,0.271841824054718,0.9588664174079895,0.004458920564502478,2.934086322784424,0.5724995136260986,0.5118629336357117,0.6378288269042969,12.673015594482422
visformer_small,route_balance_opponent,25,ILSVRC2012_val_00032188.JPEG,0.0,0.24128571152687073,0.9279913902282715,0.008957876823842525,2.979799270629883,0.48671185970306396,0.522039532661438,0.6444618105888367,13.791382789611816
visformer_small,route_balance_opponent,26,ILSVRC2012_val_00032370.JPEG,0.0,0.1725510209798813,0.9642799496650696,0.002155183581635356,2.992353916168213,0.48429974913597107,0.44627147912979126,0.6599051356315613,15.806343078613281
visformer_small,route_balance_opponent,27,ILSVRC2012_val_00032435.JPEG,0.0,0.2660612165927887,0.9473316073417664,0.00638592941686511,2.974487781524658,0.5867922902107239,0.5324929356575012,0.6607478260993958,12.62148666381836
visformer_small,route_balance_opponent,28,ILSVRC2012_val_00032552.JPEG,0.45000001788139343,0.312173455953598,0.9731640219688416,0.0019023012137040496,2.9925527572631836,0.6282963752746582,0.4883344769477844,0.6761994361877441,14.259760856628418
visformer_small,route_balance_opponent,29,ILSVRC2012_val_00032623.JPEG,0.15000000596046448,0.2913418412208557,0.9716043472290039,0.004092346411198378,2.986274242401123,0.7114874720573425,0.6773054003715515,0.692694365978241,7.702542304992676
visformer_small,route_balance_opponent,30,ILSVRC2012_val_00032646.JPEG,0.0,0.17063775658607483,0.9623684287071228,0.007512041833251715,2.982994556427002,0.5051853060722351,0.5423291921615601,0.6862032413482666,12.925858497619629
visformer_small,route_balance_opponent,31,ILSVRC2012_val_00032695.JPEG,0.0,0.292295902967453,0.9474828839302063,0.0028062514029443264,2.946171998977661,0.1212407723069191,0.3785480558872223,0.6461508870124817,17.464876174926758
visformer_small,route_balance_opponent,32,ILSVRC2012_val_00032723.JPEG,0.0,0.4379745125770569,0.9282210469245911,0.003129322547465563,2.943228244781494,0.1393631249666214,0.3329567611217499,0.6184284687042236,18.607027053833008
visformer_small,route_balance_opponent,33,ILSVRC2012_val_00032911.JPEG,0.0,0.35161224007606506,0.9388111233711243,0.01824709214270115,2.9905970096588135,0.49405422806739807,0.48103466629981995,0.6593796610832214,14.542132377624512
visformer_small,route_balance_opponent,34,ILSVRC2012_val_00032926.JPEG,0.0,0.18764285743236542,0.9456565976142883,0.0015893392264842987,2.985840082168579,0.46410948038101196,0.4906674325466156,0.656397819519043,14.264289855957031
visformer_small,route_balance_opponent,35,ILSVRC2012_val_00032950.JPEG,0.6000000238418579,0.12803569436073303,0.9796250462532043,0.001456281985156238,2.9879021644592285,0.5202603936195374,0.4350605905056,0.6479635238647461,16.302444458007812
visformer_small,route_balance_opponent,36,ILSVRC2012_val_00033014.JPEG,0.0,0.332255095243454,0.960655689239502,0.004437423311173916,2.9888997077941895,0.6554741859436035,0.6026367545127869,0.652429461479187,10.53801155090332
visformer_small,route_balance_opponent,37,ILSVRC2012_val_00033018.JPEG,0.10000000149011612,0.2909846901893616,0.9661062359809875,0.003449604380875826,2.935580253601074,0.6601055860519409,0.5822599530220032,0.6756111979484558,10.527602195739746
visformer_small,route_balance_opponent,38,ILSVRC2012_val_00033076.JPEG,0.0,0.2243928462266922,0.9134389758110046,0.005991991143673658,2.9894843101501465,0.443080872297287,0.5141734480857849,0.6581051349639893,13.326784133911133
visformer_small,route_balance_opponent,39,ILSVRC2012_val_00033149.JPEG,0.0,0.36766326427459717,0.942537248134613,0.010490775108337402,2.9549665451049805,0.4073953628540039,0.5068972706794739,0.6572232246398926,12.924757957458496
visformer_small,route_balance_opponent,40,ILSVRC2012_val_00033150.JPEG,0.20000000298023224,0.2140663117170334,0.974356472492218,0.0016521373763680458,2.981762647628784,0.3593144416809082,0.3367884159088135,0.6324009299278259,18.876562118530273
visformer_small,route_balance_opponent,41,ILSVRC2012_val_00033171.JPEG,0.0,0.24305100739002228,0.9541813731193542,0.004935916978865862,2.9867472648620605,0.19472792744636536,0.35685965418815613,0.6473174691200256,18.682708740234375
visformer_small,route_balance_opponent,42,ILSVRC2012_val_00033207.JPEG,0.0,0.29014286398887634,0.8824480175971985,0.00832709576934576,2.9737157821655273,0.12480084598064423,0.3468495309352875,0.6105585098266602,18.201976776123047
visformer_small,route_balance_opponent,43,ILSVRC2012_val_00033255.JPEG,0.0,0.2750051021575928,0.9259554743766785,0.009878459386527538,2.957317352294922,0.19890746474266052,0.4731338918209076,0.6433078646659851,14.802980422973633
visformer_small,route_balance_opponent,44,ILSVRC2012_val_00033340.JPEG,0.6000000238418579,0.3936377465724945,0.9819830060005188,0.001041318872012198,2.9544119834899902,0.3422512412071228,0.374985009431839,0.6529569029808044,16.51077651977539
visformer_small,route_balance_opponent,45,ILSVRC2012_val_00033725.JPEG,0.0,0.24180102348327637,0.9393173456192017,0.007393795996904373,2.962787389755249,0.2751762270927429,0.4205716550350189,0.6302844285964966,15.97085189819336
visformer_small,route_balance_opponent,46,ILSVRC2012_val_00033897.JPEG,0.0,0.20798979699611664,0.931377112865448,0.002223568269982934,2.95704984664917,0.40665751695632935,0.4999469816684723,0.6539278626441956,14.50931453704834
visformer_small,route_balance_opponent,47,ILSVRC2012_val_00033960.JPEG,0.0,0.2141224443912506,0.9652084708213806,0.0019090966088697314,2.9851927757263184,0.2390439212322235,0.412541925907135,0.6720470786094666,16.583524703979492
visformer_small,route_balance_opponent,48,ILSVRC2012_val_00033997.JPEG,0.5,0.16232651472091675,0.978434681892395,0.0011570509523153305,2.9835124015808105,0.33815622329711914,0.3652415871620178,0.6419088244438171,17.565048217773438
visformer_small,route_balance_opponent,49,ILSVRC2012_val_00034008.JPEG,0.0,0.3005203902721405,0.9429494738578796,0.009257939644157887,2.961219310760498,0.3638527989387512,0.4330430030822754,0.6384586095809937,15.440211296081543
visformer_small,route_balance_opponent,50,ILSVRC2012_val_00034055.JPEG,0.0,0.17705100774765015,0.9527921676635742,0.009045284241437912,2.9851512908935547,0.5194453001022339,0.5091261267662048,0.6578381061553955,13.647282600402832
visformer_small,route_balance_opponent,51,ILSVRC2012_val_00034168.JPEG,0.0,0.2919336259365082,0.9546303153038025,0.004499758593738079,2.984685182571411,0.10165522992610931,0.3169938921928406,0.629767894744873,19.050140380859375
visformer_small,route_balance_opponent,52,ILSVRC2012_val_00034182.JPEG,0.0,0.29523468017578125,0.9477791786193848,0.002997026313096285,2.9671473503112793,0.09654327481985092,0.31976237893104553,0.6286019682884216,18.58890724182129
visformer_small,route_balance_opponent,53,ILSVRC2012_val_00034217.JPEG,0.0,0.22426529228687286,0.9683448672294617,0.0031492747366428375,2.9815826416015625,0.4914054274559021,0.5468322038650513,0.6443356275558472,12.589113235473633
visformer_small,route_balance_opponent,54,ILSVRC2012_val_00034225.JPEG,0.0,0.2385663092136383,0.95359867811203,0.004746878053992987,2.9728751182556152,0.3750307261943817,0.5168970823287964,0.6850343346595764,13.470344543457031
visformer_small,route_balance_opponent,55,ILSVRC2012_val_00034230.JPEG,0.0,0.29744383692741394,0.9573498964309692,0.003126309020444751,2.972789764404297,0.06698711216449738,0.3819822072982788,0.6358747482299805,17.79944610595703
visformer_small,route_balance_opponent,56,ILSVRC2012_val_00034302.JPEG,0.0,0.3623877465724945,0.9547352194786072,0.0018951892852783203,2.979051113128662,0.1053120344877243,0.3214747905731201,0.6097224354743958,19.223878860473633
visformer_small,route_balance_opponent,57,ILSVRC2012_val_00034356.JPEG,0.0,0.17970408499240875,0.9660734534263611,0.0013970369473099709,2.9876232147216797,0.5894908905029297,0.5265984535217285,0.6723898649215698,12.953893661499023
visformer_small,route_balance_opponent,58,ILSVRC2012_val_00034359.JPEG,0.0,0.2512653172016144,0.9286727905273438,0.006279157940298319,2.9870946407318115,0.20897752046585083,0.3702498972415924,0.620456337928772,17.883098602294922
visformer_small,route_balance_opponent,59,ILSVRC2012_val_00034391.JPEG,0.0,0.29240307211875916,0.8987013101577759,0.0329684242606163,2.9810702800750732,0.3630596995353699,0.41831380128860474,0.6232926845550537,14.225504875183105
visformer_small,route_balance_opponent,60,ILSVRC2012_val_00034406.JPEG,0.0,0.2634081542491913,0.9536640048027039,0.002910528564825654,2.984431743621826,0.2829924523830414,0.3696984350681305,0.646681010723114,16.309186935424805
visformer_small,route_balance_opponent,61,ILSVRC2012_val_00034438.JPEG,0.5,0.19728060066699982,0.9714038968086243,0.013771331869065762,2.981466293334961,0.8971121311187744,0.5930055975914001,0.6613719463348389,9.095771789550781
visformer_small,route_balance_opponent,62,ILSVRC2012_val_00034459.JPEG,0.0,0.12473978847265244,0.9543224573135376,0.002979143289849162,2.9946670532226562,0.23796407878398895,0.3539169728755951,0.6561453938484192,18.256757736206055
visformer_small,route_balance_opponent,63,ILSVRC2012_val_00034548.JPEG,0.0,0.19129592180252075,0.9427245259284973,0.003827824490144849,2.9875290393829346,0.24286454916000366,0.30437713861465454,0.6424074172973633,19.258201599121094
visformer_small,semantic_equivalent_opponent,0,ILSVRC2012_val_00031361.JPEG,0.0,0.1250152885913849,0.9506497383117676,0.002829028991982341,2.706416606903076,0.6922883987426758,0.5238606333732605,0.6843358278274536,12.068363189697266
visformer_small,semantic_equivalent_opponent,1,ILSVRC2012_val_00031410.JPEG,0.0,0.1275816261768341,0.93302983045578,0.008086023852229118,2.6676673889160156,0.41397973895072937,0.36723893880844116,0.6279685497283936,16.653242111206055
visformer_small,semantic_equivalent_opponent,2,ILSVRC2012_val_00031472.JPEG,0.0,0.22578568756580353,0.9631415605545044,0.0026535652577877045,2.9261813163757324,0.210551917552948,0.2919233441352844,0.6362547278404236,19.187456130981445
visformer_small,semantic_equivalent_opponent,3,ILSVRC2012_val_00031495.JPEG,0.5,0.35763266682624817,0.9787937998771667,0.0009477128623984754,2.9515411853790283,0.5499967932701111,0.3059823513031006,0.6357036828994751,18.134767532348633
visformer_small,semantic_equivalent_opponent,4,ILSVRC2012_val_00031548.JPEG,0.0,0.30433669686317444,0.8701779246330261,0.0314483568072319,2.2985472679138184,0.46892017126083374,0.38621315360069275,0.6383586525917053,14.93765640258789
visformer_small,semantic_equivalent_opponent,5,ILSVRC2012_val_00031586.JPEG,0.0,0.33672448992729187,0.9508849382400513,0.002372568240389228,2.838695526123047,0.46318405866622925,0.3639857769012451,0.6255626678466797,17.437944412231445
visformer_small,semantic_equivalent_opponent,6,ILSVRC2012_val_00031588.JPEG,0.0,0.23178572952747345,0.9583896994590759,0.0028346641920506954,2.934860944747925,0.4594641625881195,0.43162938952445984,0.6617270708084106,15.765432357788086
visformer_small,semantic_equivalent_opponent,7,ILSVRC2012_val_00031593.JPEG,0.0,0.37294384837150574,0.9115206599235535,0.005031507927924395,2.926915168762207,0.07664239406585693,0.3494883179664612,0.647163987159729,18.498626708984375
visformer_small,semantic_equivalent_opponent,8,ILSVRC2012_val_00031629.JPEG,0.0,0.270576536655426,0.9582802653312683,0.0024682567454874516,2.939467191696167,0.45227986574172974,0.37876930832862854,0.6513917446136475,17.79070281982422
visformer_small,semantic_equivalent_opponent,9,ILSVRC2012_val_00031647.JPEG,0.0,0.2105969488620758,0.9515756964683533,0.0021606290247291327,2.8738913536071777,0.5166981220245361,0.40723657608032227,0.6636984348297119,16.72580909729004
visformer_small,semantic_equivalent_opponent,10,ILSVRC2012_val_00031670.JPEG,0.05000000074505806,0.23414285480976105,0.9625746011734009,0.0024431231431663036,2.8328144550323486,0.6989103555679321,0.5153524279594421,0.6780369877815247,13.128747940063477
visformer_small,semantic_equivalent_opponent,11,ILSVRC2012_val_00031686.JPEG,0.0,0.3403928279876709,0.9438287615776062,0.003547475440427661,2.894981861114502,0.1848088651895523,0.37746432423591614,0.6518046259880066,17.90437889099121
visformer_small,semantic_equivalent_opponent,12,ILSVRC2012_val_00031762.JPEG,0.05000000074505806,0.24182143807411194,0.9640616774559021,0.011139548383653164,2.664703130722046,0.7709934115409851,0.5968260765075684,0.6881055235862732,9.804717063903809
visformer_small,semantic_equivalent_opponent,13,ILSVRC2012_val_00031783.JPEG,0.0,0.15113775432109833,0.925240159034729,0.013934234157204628,2.397000789642334,0.557655930519104,0.3947843015193939,0.6291278004646301,15.621443748474121
visformer_small,semantic_equivalent_opponent,14,ILSVRC2012_val_00031785.JPEG,0.30000001192092896,0.15657652914524078,0.9738457798957825,0.0013754137326031923,2.947221517562866,0.6778854131698608,0.5197544693946838,0.6722944974899292,13.335158348083496
visformer_small,semantic_equivalent_opponent,15,ILSVRC2012_val_00031789.JPEG,0.0,0.16185204684734344,0.9417570233345032,0.0065429494716227055,2.7300727367401123,0.6415682435035706,0.4064835011959076,0.6633148193359375,15.3175630569458
visformer_small,semantic_equivalent_opponent,16,ILSVRC2012_val_00031922.JPEG,0.0,0.41160717606544495,0.970235288143158,0.0008782478980720043,2.97714900970459,0.6072545647621155,0.4238097369670868,0.6564546227455139,15.795650482177734
visformer_small,semantic_equivalent_opponent,17,ILSVRC2012_val_00031927.JPEG,0.4000000059604645,0.36218369007110596,0.9712978601455688,0.0024486701004207134,2.8459160327911377,0.4612562656402588,0.43413209915161133,0.6492104530334473,15.225031852722168
visformer_small,semantic_equivalent_opponent,18,ILSVRC2012_val_00032032.JPEG,0.0,0.15291325747966766,0.9182489514350891,0.0079824049025774,2.7598628997802734,0.5769574642181396,0.498564213514328,0.6496136784553528,14.354185104370117
visformer_small,semantic_equivalent_opponent,19,ILSVRC2012_val_00032039.JPEG,0.0,0.28617343306541443,0.8697614669799805,0.019853884354233742,2.6832361221313477,0.022899288684129715,0.28393492102622986,0.593903124332428,19.243743896484375
visformer_small,semantic_equivalent_opponent,20,ILSVRC2012_val_00032046.JPEG,0.05000000074505806,0.2160969227552414,0.9558164477348328,0.0029589147306978703,2.6767985820770264,0.2026781141757965,0.3337596356868744,0.645035445690155,17.774845123291016
visformer_small,semantic_equivalent_opponent,21,ILSVRC2012_val_00032097.JPEG,0.0,0.22663263976573944,0.9529333114624023,0.005990317091345787,2.8300158977508545,0.5073791742324829,0.4324193596839905,0.6553724408149719,15.8955717086792
visformer_small,semantic_equivalent_opponent,22,ILSVRC2012_val_00032098.JPEG,0.20000000298023224,0.19388262927532196,0.9703626036643982,0.0028295530937612057,2.875521183013916,0.2826555371284485,0.3012204170227051,0.6227290034294128,18.87445640563965
visformer_small,semantic_equivalent_opponent,23,ILSVRC2012_val_00032102.JPEG,0.699999988079071,0.26719897985458374,0.9854663014411926,0.0004709011991508305,2.9793038368225098,0.6857470273971558,0.5065010786056519,0.6773852705955505,11.903936386108398
visformer_small,semantic_equivalent_opponent,24,ILSVRC2012_val_00032120.JPEG,0.0,0.271841824054718,0.9588664174079895,0.004458920564502478,2.8861889839172363,0.706549882888794,0.5081579685211182,0.6424176692962646,12.673012733459473
visformer_small,semantic_equivalent_opponent,25,ILSVRC2012_val_00032188.JPEG,0.0,0.24128571152687073,0.9279913902282715,0.008957876823842525,2.7349281311035156,0.5025445222854614,0.509188711643219,0.640798032283783,13.791376113891602
visformer_small,semantic_equivalent_opponent,26,ILSVRC2012_val_00032370.JPEG,0.0,0.1725510209798813,0.9642799496650696,0.002155183581635356,2.9408602714538574,0.5321511626243591,0.4455903172492981,0.6619579195976257,15.80634880065918
visformer_small,semantic_equivalent_opponent,27,ILSVRC2012_val_00032435.JPEG,0.0,0.2660612165927887,0.9473316073417664,0.00638592941686511,2.735229969024658,0.6625357270240784,0.5014690160751343,0.6585034132003784,12.621489524841309
visformer_small,semantic_equivalent_opponent,28,ILSVRC2012_val_00032552.JPEG,0.45000001788139343,0.312173455953598,0.9731640219688416,0.0019023012137040496,2.832386016845703,0.720405101776123,0.4645143449306488,0.6787471175193787,14.259760856628418
visformer_small,semantic_equivalent_opponent,29,ILSVRC2012_val_00032623.JPEG,0.15000000596046448,0.2913418412208557,0.9716043472290039,0.004092346411198378,2.9566762447357178,0.7511042356491089,0.6766281723976135,0.6965697407722473,7.702540397644043
visformer_small,semantic_equivalent_opponent,30,ILSVRC2012_val_00032646.JPEG,0.0,0.17063775658607483,0.9623684287071228,0.007512041833251715,2.8761911392211914,0.5842064619064331,0.5307865142822266,0.687319278717041,12.925861358642578
visformer_small,semantic_equivalent_opponent,31,ILSVRC2012_val_00032695.JPEG,0.0,0.292295902967453,0.9474828839302063,0.0028062514029443264,2.89046049118042,0.15578949451446533,0.3861895799636841,0.6519849896430969,17.464876174926758
visformer_small,semantic_equivalent_opponent,32,ILSVRC2012_val_00032723.JPEG,0.0,0.4379745125770569,0.9282210469245911,0.003129322547465563,2.944852352142334,0.19103679060935974,0.3417781889438629,0.6241745948791504,18.607023239135742
visformer_small,semantic_equivalent_opponent,33,ILSVRC2012_val_00032911.JPEG,0.0,0.35161224007606506,0.9388111233711243,0.01824709214270115,2.4605042934417725,0.5509858131408691,0.42394858598709106,0.6508170962333679,14.542128562927246
visformer_small,semantic_equivalent_opponent,34,ILSVRC2012_val_00032926.JPEG,0.0,0.18764285743236542,0.9456565976142883,0.0015893392264842987,2.8005826473236084,0.5468295216560364,0.4696129858493805,0.6587834358215332,14.264284133911133
visformer_small,semantic_equivalent_opponent,35,ILSVRC2012_val_00032950.JPEG,0.6000000238418579,0.12803569436073303,0.9796250462532043,0.001456281985156238,2.8925435543060303,0.5898342728614807,0.4205035865306854,0.6487939357757568,16.302444458007812
visformer_small,semantic_equivalent_opponent,36,ILSVRC2012_val_00033014.JPEG,0.0,0.332255095243454,0.960655689239502,0.004437423311173916,2.677321434020996,0.7553189992904663,0.5616413354873657,0.6452577114105225,10.53801155090332
visformer_small,semantic_equivalent_opponent,37,ILSVRC2012_val_00033018.JPEG,0.10000000149011612,0.2909846901893616,0.9661062359809875,0.003449604380875826,2.8220055103302,0.7946280837059021,0.547799289226532,0.6747259497642517,10.527597427368164
visformer_small,semantic_equivalent_opponent,38,ILSVRC2012_val_00033076.JPEG,0.0,0.2243928462266922,0.9134389758110046,0.005991991143673658,2.4393293857574463,0.5845450162887573,0.45714208483695984,0.6493263840675354,13.326784133911133
visformer_small,semantic_equivalent_opponent,39,ILSVRC2012_val_00033149.JPEG,0.0,0.36766326427459717,0.942537248134613,0.010490775108337402,2.7324864864349365,0.5294585824012756,0.5191405415534973,0.6595258116722107,12.924755096435547
visformer_small,semantic_equivalent_opponent,40,ILSVRC2012_val_00033150.JPEG,0.20000000298023224,0.2140663117170334,0.974356472492218,0.0016521373763680458,2.956721305847168,0.3938830494880676,0.33447369933128357,0.635308027267456,18.876562118530273
visformer_small,semantic_equivalent_opponent,41,ILSVRC2012_val_00033171.JPEG,0.0,0.24305100739002228,0.9541813731193542,0.004935916978865862,2.9122304916381836,0.2123376429080963,0.3435070216655731,0.647179901599884,18.682708740234375
visformer_small,semantic_equivalent_opponent,42,ILSVRC2012_val_00033207.JPEG,0.0,0.29014286398887634,0.8824480175971985,0.00832709576934576,2.3149845600128174,0.19644933938980103,0.29325005412101746,0.6051067113876343,18.201976776123047
visformer_small,semantic_equivalent_opponent,43,ILSVRC2012_val_00033255.JPEG,0.0,0.2750051021575928,0.9259554743766785,0.009878459386527538,2.703263521194458,0.2801487445831299,0.47479841113090515,0.6487802863121033,14.802980422973633
visformer_small,semantic_equivalent_opponent,44,ILSVRC2012_val_00033340.JPEG,0.6000000238418579,0.3936377465724945,0.9819830060005188,0.001041318872012198,2.96730637550354,0.42699044942855835,0.4071267545223236,0.6626042723655701,16.51077651977539
visformer_small,semantic_equivalent_opponent,45,ILSVRC2012_val_00033725.JPEG,0.0,0.24180102348327637,0.9393173456192017,0.007393795996904373,2.6475274562835693,0.416174054145813,0.4133622348308563,0.6381992101669312,15.97085189819336
visformer_small,semantic_equivalent_opponent,46,ILSVRC2012_val_00033897.JPEG,0.0,0.20798979699611664,0.931377112865448,0.002223568269982934,2.8943378925323486,0.4677448272705078,0.5065075159072876,0.6566177010536194,14.50931453704834
visformer_small,semantic_equivalent_opponent,47,ILSVRC2012_val_00033960.JPEG,0.0,0.2141224443912506,0.9652084708213806,0.0019090966088697314,2.930034637451172,0.25497108697891235,0.39877039194107056,0.6737490892410278,16.583524703979492
visformer_small,semantic_equivalent_opponent,48,ILSVRC2012_val_00033997.JPEG,0.5,0.16232651472091675,0.978434681892395,0.0011570509523153305,2.9455323219299316,0.37243232131004333,0.35938939452171326,0.6475359797477722,17.565048217773438
visformer_small,semantic_equivalent_opponent,49,ILSVRC2012_val_00034008.JPEG,0.0,0.3005203902721405,0.9429494738578796,0.009257939644157887,2.687422275543213,0.5404990315437317,0.4339918792247772,0.6514017581939697,15.440215110778809
visformer_small,semantic_equivalent_opponent,50,ILSVRC2012_val_00034055.JPEG,0.0,0.17705100774765015,0.9527921676635742,0.009045284241437912,2.918473482131958,0.6047705411911011,0.5053042769432068,0.6607033014297485,13.647285461425781
visformer_small,semantic_equivalent_opponent,51,ILSVRC2012_val_00034168.JPEG,0.0,0.2919336259365082,0.9546303153038025,0.004499758593738079,2.8884756565093994,0.12561538815498352,0.3189771771430969,0.6290673613548279,19.050140380859375
visformer_small,semantic_equivalent_opponent,52,ILSVRC2012_val_00034182.JPEG,0.0,0.29523468017578125,0.9477791786193848,0.002997026313096285,2.8786652088165283,0.1093980073928833,0.2997433841228485,0.6330397129058838,18.588897705078125
visformer_small,semantic_equivalent_opponent,53,ILSVRC2012_val_00034217.JPEG,0.0,0.22426529228687286,0.9683448672294617,0.0031492747366428375,2.911139726638794,0.5930328369140625,0.5394569635391235,0.6444950699806213,12.589110374450684
visformer_small,semantic_equivalent_opponent,54,ILSVRC2012_val_00034225.JPEG,0.0,0.2385663092136383,0.95359867811203,0.004746878053992987,2.923290252685547,0.43728065490722656,0.5073380470275879,0.6892886757850647,13.470337867736816
visformer_small,semantic_equivalent_opponent,55,ILSVRC2012_val_00034230.JPEG,0.0,0.29744383692741394,0.9573498964309692,0.003126309020444751,2.9459197521209717,0.08349308371543884,0.3869752585887909,0.6413654088973999,17.79944610595703
visformer_small,semantic_equivalent_opponent,56,ILSVRC2012_val_00034302.JPEG,0.0,0.3623877465724945,0.9547352194786072,0.0018951892852783203,2.9387407302856445,0.12712931632995605,0.31927672028541565,0.612643837928772,19.223878860473633
visformer_small,semantic_equivalent_opponent,57,ILSVRC2012_val_00034356.JPEG,0.0,0.17970408499240875,0.9660734534263611,0.0013970369473099709,2.911820411682129,0.6924593448638916,0.5141114592552185,0.675925076007843,12.953896522521973
visformer_small,semantic_equivalent_opponent,58,ILSVRC2012_val_00034359.JPEG,0.0,0.2512653172016144,0.9286727905273438,0.006279157940298319,2.6261448860168457,0.21175380051136017,0.33879780769348145,0.6192336082458496,17.883098602294922
visformer_small,semantic_equivalent_opponent,59,ILSVRC2012_val_00034391.JPEG,0.0,0.29240307211875916,0.8987013101577759,0.0329684242606163,2.2625575065612793,0.6202036142349243,0.4050920605659485,0.635492742061615,14.225504875183105
visformer_small,semantic_equivalent_opponent,60,ILSVRC2012_val_00034406.JPEG,0.0,0.2634081542491913,0.9536640048027039,0.002910528564825654,2.8444108963012695,0.38574719429016113,0.36471736431121826,0.6479764580726624,16.309186935424805
visformer_small,semantic_equivalent_opponent,61,ILSVRC2012_val_00034438.JPEG,0.5,0.19728060066699982,0.9714038968086243,0.013771331869065762,2.485477924346924,0.9214125871658325,0.5565214157104492,0.6493203639984131,9.09577465057373
visformer_small,semantic_equivalent_opponent,62,ILSVRC2012_val_00034459.JPEG,0.0,0.12473978847265244,0.9543224573135376,0.002979143289849162,2.8780648708343506,0.2806215286254883,0.3427490293979645,0.6583154201507568,18.25676155090332
visformer_small,semantic_equivalent_opponent,63,ILSVRC2012_val_00034548.JPEG,0.0,0.19129592180252075,0.9427245259284973,0.003827824490144849,2.838043451309204,0.26967912912368774,0.29677343368530273,0.6459153890609741,19.258201599121094
visformer_small,shuffled_semantic_opponent,0,ILSVRC2012_val_00031361.JPEG,0.0,0.1250152885913849,0.9506497383117676,0.002829028991982341,2.6979780197143555,0.6917844414710999,0.5230761766433716,0.6840800642967224,12.068363189697266
visformer_small,shuffled_semantic_opponent,1,ILSVRC2012_val_00031410.JPEG,0.0,0.1275816261768341,0.93302983045578,0.008086023852229118,2.644656181335449,0.4146686792373657,0.3639969527721405,0.6273058652877808,16.653242111206055
visformer_small,shuffled_semantic_opponent,2,ILSVRC2012_val_00031472.JPEG,0.0,0.22578568756580353,0.9631415605545044,0.0026535652577877045,2.9198713302612305,0.21823647618293762,0.2920148968696594,0.6363404393196106,19.187461853027344
visformer_small,shuffled_semantic_opponent,3,ILSVRC2012_val_00031495.JPEG,0.5,0.35763266682624817,0.9787937998771667,0.0009477128623984754,2.922165632247925,0.557438850402832,0.2981087565422058,0.6345869302749634,18.134767532348633
visformer_small,shuffled_semantic_opponent,4,ILSVRC2012_val_00031548.JPEG,0.0,0.30433669686317444,0.8701779246330261,0.0314483568072319,2.291107416152954,0.46750134229660034,0.3856426179409027,0.6382191181182861,14.937652587890625
visformer_small,shuffled_semantic_opponent,5,ILSVRC2012_val_00031586.JPEG,0.0,0.33672448992729187,0.9508849382400513,0.002372568240389228,2.839867115020752,0.46459096670150757,0.36328038573265076,0.6255756616592407,17.437944412231445
visformer_small,shuffled_semantic_opponent,6,ILSVRC2012_val_00031588.JPEG,0.0,0.23178572952747345,0.9583896994590759,0.0028346641920506954,2.9114410877227783,0.46397602558135986,0.4283057153224945,0.6612952351570129,15.765432357788086
visformer_small,shuffled_semantic_opponent,7,ILSVRC2012_val_00031593.JPEG,0.0,0.37294384837150574,0.9115206599235535,0.005031507927924395,2.898965358734131,0.08238649368286133,0.347595751285553,0.6467517614364624,18.49863624572754
visformer_small,shuffled_semantic_opponent,8,ILSVRC2012_val_00031629.JPEG,0.0,0.270576536655426,0.9582802653312683,0.0024682567454874516,2.889504909515381,0.459855854511261,0.3730888366699219,0.6502976417541504,17.79070281982422
visformer_small,shuffled_semantic_opponent,9,ILSVRC2012_val_00031647.JPEG,0.0,0.2105969488620758,0.9515756964683533,0.0021606290247291327,2.8396897315979004,0.5182908773422241,0.40330439805984497,0.6630168557167053,16.72580337524414
visformer_small,shuffled_semantic_opponent,10,ILSVRC2012_val_00031670.JPEG,0.05000000074505806,0.23414285480976105,0.9625746011734009,0.0024431231431663036,2.808159828186035,0.7016077041625977,0.5129706263542175,0.6775447130203247,13.128747940063477
visformer_small,shuffled_semantic_opponent,11,ILSVRC2012_val_00031686.JPEG,0.0,0.3403928279876709,0.9438287615776062,0.003547475440427661,2.857682943344116,0.19015756249427795,0.37220749258995056,0.6510137915611267,17.90437889099121
visformer_small,shuffled_semantic_opponent,12,ILSVRC2012_val_00031762.JPEG,0.05000000074505806,0.24182143807411194,0.9640616774559021,0.011139548383653164,2.6564688682556152,0.7702497243881226,0.5962663888931274,0.6878727078437805,9.804717063903809
visformer_small,shuffled_semantic_opponent,13,ILSVRC2012_val_00031783.JPEG,0.0,0.15113775432109833,0.925240159034729,0.013934234157204628,2.3595337867736816,0.5575952529907227,0.3917818069458008,0.6282555460929871,15.621447563171387
visformer_small,shuffled_semantic_opponent,14,ILSVRC2012_val_00031785.JPEG,0.30000001192092896,0.15657652914524078,0.9738457798957825,0.0013754137326031923,2.9399163722991943,0.6835224628448486,0.5180525183677673,0.6722397208213806,13.335158348083496
visformer_small,shuffled_semantic_opponent,15,ILSVRC2012_val_00031789.JPEG,0.0,0.16185204684734344,0.9417570233345032,0.0065429494716227055,2.6614623069763184,0.6446202993392944,0.39930856227874756,0.6616274118423462,15.3175630569458
visformer_small,shuffled_semantic_opponent,16,ILSVRC2012_val_00031922.JPEG,0.0,0.41160717606544495,0.970235288143158,0.0008782478980720043,2.951197385787964,0.6192057132720947,0.4177277684211731,0.6564632654190063,15.795650482177734
visformer_small,shuffled_semantic_opponent,17,ILSVRC2012_val_00031927.JPEG,0.4000000059604645,0.36218369007110596,0.9712978601455688,0.0024486701004207134,2.814962387084961,0.4667140245437622,0.42893362045288086,0.6482318639755249,15.225031852722168
visformer_small,shuffled_semantic_opponent,18,ILSVRC2012_val_00032032.JPEG,0.0,0.15291325747966766,0.9182489514350891,0.0079824049025774,2.748492956161499,0.5779275894165039,0.49708232283592224,0.6493585705757141,14.354182243347168
visformer_small,shuffled_semantic_opponent,19,ILSVRC2012_val_00032039.JPEG,0.0,0.28617343306541443,0.8697614669799805,0.019853884354233742,2.673196315765381,0.022594135254621506,0.28234267234802246,0.5938522815704346,19.243743896484375
visformer_small,shuffled_semantic_opponent,20,ILSVRC2012_val_00032046.JPEG,0.05000000074505806,0.2160969227552414,0.9558164477348328,0.0029589147306978703,2.624216318130493,0.20292916893959045,0.3296452462673187,0.6438659429550171,17.774837493896484
visformer_small,shuffled_semantic_opponent,21,ILSVRC2012_val_00032097.JPEG,0.0,0.22663263976573944,0.9529333114624023,0.005990317091345787,2.823086738586426,0.5055946111679077,0.4326036870479584,0.6551336050033569,15.895567893981934
visformer_small,shuffled_semantic_opponent,22,ILSVRC2012_val_00032098.JPEG,0.20000000298023224,0.19388262927532196,0.9703626036643982,0.0028295530937612057,2.8729889392852783,0.28077763319015503,0.3009772002696991,0.6227250099182129,18.874452590942383
visformer_small,shuffled_semantic_opponent,23,ILSVRC2012_val_00032102.JPEG,0.699999988079071,0.26719897985458374,0.9854663014411926,0.0004709011991508305,2.906799793243408,0.7192367315292358,0.4870487153530121,0.676287829875946,11.903936386108398
visformer_small,shuffled_semantic_opponent,24,ILSVRC2012_val_00032120.JPEG,0.0,0.271841824054718,0.9588664174079895,0.004458920564502478,2.786458969116211,0.7157002091407776,0.49683427810668945,0.6396872997283936,12.673012733459473
visformer_small,shuffled_semantic_opponent,25,ILSVRC2012_val_00032188.JPEG,0.0,0.24128571152687073,0.9279913902282715,0.008957876823842525,2.7046656608581543,0.5054981112480164,0.5066551566123962,0.6401775479316711,13.791379928588867
visformer_small,shuffled_semantic_opponent,26,ILSVRC2012_val_00032370.JPEG,0.0,0.1725510209798813,0.9642799496650696,0.002155183581635356,2.9302449226379395,0.5361292362213135,0.4448770582675934,0.6620960831642151,15.80634880065918
visformer_small,shuffled_semantic_opponent,27,ILSVRC2012_val_00032435.JPEG,0.0,0.2660612165927887,0.9473316073417664,0.00638592941686511,2.6671953201293945,0.6644989252090454,0.49433451890945435,0.6567319631576538,12.621489524841309
visformer_small,shuffled_semantic_opponent,28,ILSVRC2012_val_00032552.JPEG,0.45000001788139343,0.312173455953598,0.9731640219688416,0.0019023012137040496,2.8185272216796875,0.7231782674789429,0.4627719819545746,0.6783860921859741,14.259760856628418
visformer_small,shuffled_semantic_opponent,29,ILSVRC2012_val_00032623.JPEG,0.15000000596046448,0.2913418412208557,0.9716043472290039,0.004092346411198378,2.942107677459717,0.7533504962921143,0.6746169328689575,0.6969022154808044,7.702542304992676
visformer_small,shuffled_semantic_opponent,30,ILSVRC2012_val_00032646.JPEG,0.0,0.17063775658607483,0.9623684287071228,0.007512041833251715,2.85020112991333,0.5856873989105225,0.5282349586486816,0.686743974685669,12.925861358642578
visformer_small,shuffled_semantic_opponent,31,ILSVRC2012_val_00032695.JPEG,0.0,0.292295902967453,0.9474828839302063,0.0028062514029443264,2.838900327682495,0.15589995682239532,0.37737417221069336,0.6505494117736816,17.464876174926758
visformer_small,shuffled_semantic_opponent,32,ILSVRC2012_val_00032723.JPEG,0.0,0.4379745125770569,0.9282210469245911,0.003129322547465563,2.8634896278381348,0.19995273649692535,0.32980233430862427,0.6220935583114624,18.607023239135742
visformer_small,shuffled_semantic_opponent,33,ILSVRC2012_val_00032911.JPEG,0.0,0.35161224007606506,0.9388111233711243,0.01824709214270115,2.4622232913970947,0.5545880198478699,0.4252229630947113,0.6510326862335205,14.542132377624512
visformer_small,shuffled_semantic_opponent,34,ILSVRC2012_val_00032926.JPEG,0.0,0.18764285743236542,0.9456565976142883,0.0015893392264842987,2.7822062969207764,0.5483603477478027,0.4675409495830536,0.6583967804908752,14.264289855957031
visformer_small,shuffled_semantic_opponent,35,ILSVRC2012_val_00032950.JPEG,0.6000000238418579,0.12803569436073303,0.9796250462532043,0.001456281985156238,2.8550009727478027,0.5932079553604126,0.4160570204257965,0.647885799407959,16.302448272705078
visformer_small,shuffled_semantic_opponent,36,ILSVRC2012_val_00033014.JPEG,0.0,0.332255095243454,0.960655689239502,0.004437423311173916,2.6861395835876465,0.7575304508209229,0.5616282820701599,0.6454905271530151,10.53801155090332
visformer_small,shuffled_semantic_opponent,37,ILSVRC2012_val_00033018.JPEG,0.10000000149011612,0.2909846901893616,0.9661062359809875,0.003449604380875826,2.7382559776306152,0.7987462282180786,0.5385434627532959,0.6728070378303528,10.527602195739746
visformer_small,shuffled_semantic_opponent,38,ILSVRC2012_val_00033076.JPEG,0.0,0.2243928462266922,0.9134389758110046,0.005991991143673658,2.4240756034851074,0.5847039818763733,0.4564865231513977,0.6490875482559204,13.326784133911133
visformer_small,shuffled_semantic_opponent,39,ILSVRC2012_val_00033149.JPEG,0.0,0.36766326427459717,0.942537248134613,0.010490775108337402,2.653170347213745,0.5318371653556824,0.5109695792198181,0.6573305130004883,12.924757957458496
visformer_small,shuffled_semantic_opponent,40,ILSVRC2012_val_00033150.JPEG,0.20000000298023224,0.2140663117170334,0.974356472492218,0.0016521373763680458,2.9347875118255615,0.39901986718177795,0.330168753862381,0.6356484889984131,18.87656593322754
visformer_small,shuffled_semantic_opponent,41,ILSVRC2012_val_00033171.JPEG,0.0,0.24305100739002228,0.9541813731193542,0.004935916978865862,2.886861801147461,0.21217894554138184,0.33974573016166687,0.6465046405792236,18.682708740234375
visformer_small,shuffled_semantic_opponent,42,ILSVRC2012_val_00033207.JPEG,0.0,0.29014286398887634,0.8824480175971985,0.00832709576934576,2.305283784866333,0.20606650412082672,0.29143840074539185,0.6048957705497742,18.201976776123047
visformer_small,shuffled_semantic_opponent,43,ILSVRC2012_val_00033255.JPEG,0.0,0.2750051021575928,0.9259554743766785,0.009878459386527538,2.6256978511810303,0.28719520568847656,0.464395135641098,0.6466750502586365,14.802980422973633
visformer_small,shuffled_semantic_opponent,44,ILSVRC2012_val_00033340.JPEG,0.6000000238418579,0.3936377465724945,0.9819830060005188,0.001041318872012198,2.9262077808380127,0.4508722126483917,0.40977269411087036,0.6639807820320129,16.510780334472656
visformer_small,shuffled_semantic_opponent,45,ILSVRC2012_val_00033725.JPEG,0.0,0.24180102348327637,0.9393173456192017,0.007393795996904373,2.617039203643799,0.41936588287353516,0.40956979990005493,0.6374890208244324,15.97085189819336
visformer_small,shuffled_semantic_opponent,46,ILSVRC2012_val_00033897.JPEG,0.0,0.20798979699611664,0.931377112865448,0.002223568269982934,2.8408498764038086,0.47532540559768677,0.5025420784950256,0.6559215188026428,14.50931453704834
visformer_small,shuffled_semantic_opponent,47,ILSVRC2012_val_00033960.JPEG,0.0,0.2141224443912506,0.9652084708213806,0.0019090966088697314,2.912196636199951,0.2559555172920227,0.3948785960674286,0.6732338666915894,16.583528518676758
visformer_small,shuffled_semantic_opponent,48,ILSVRC2012_val_00033997.JPEG,0.5,0.16232651472091675,0.978434681892395,0.0011570509523153305,2.912559986114502,0.3689897656440735,0.35471686720848083,0.6471703052520752,17.565052032470703
visformer_small,shuffled_semantic_opponent,49,ILSVRC2012_val_00034008.JPEG,0.0,0.3005203902721405,0.9429494738578796,0.009257939644157887,2.6489012241363525,0.5438710451126099,0.4295969605445862,0.6504440903663635,15.440215110778809
visformer_small,shuffled_semantic_opponent,50,ILSVRC2012_val_00034055.JPEG,0.0,0.17705100774765015,0.9527921676635742,0.009045284241437912,2.8895790576934814,0.6149638891220093,0.5003404021263123,0.6604179739952087,13.647285461425781
visformer_small,shuffled_semantic_opponent,51,ILSVRC2012_val_00034168.JPEG,0.0,0.2919336259365082,0.9546303153038025,0.004499758593738079,2.8780181407928467,0.12351367622613907,0.31788501143455505,0.6288318634033203,19.050140380859375
visformer_small,shuffled_semantic_opponent,52,ILSVRC2012_val_00034182.JPEG,0.0,0.29523468017578125,0.9477791786193848,0.002997026313096285,2.824383497238159,0.10931290686130524,0.28828760981559753,0.6323816776275635,18.58890151977539
visformer_small,shuffled_semantic_opponent,53,ILSVRC2012_val_00034217.JPEG,0.0,0.22426529228687286,0.9683448672294617,0.0031492747366428375,2.8735241889953613,0.6026524305343628,0.5343492031097412,0.6433620452880859,12.589113235473633
visformer_small,shuffled_semantic_opponent,54,ILSVRC2012_val_00034225.JPEG,0.0,0.2385663092136383,0.95359867811203,0.004746878053992987,2.885745048522949,0.4486854076385498,0.49925071001052856,0.6885237097740173,13.470344543457031
visformer_small,shuffled_semantic_opponent,55,ILSVRC2012_val_00034230.JPEG,0.0,0.29744383692741394,0.9573498964309692,0.003126309020444751,2.8900296688079834,0.08737744390964508,0.37958887219429016,0.6404745578765869,17.79944610595703
visformer_small,shuffled_semantic_opponent,56,ILSVRC2012_val_00034302.JPEG,0.0,0.3623877465724945,0.9547352194786072,0.0018951892852783203,2.90240216255188,0.131614089012146,0.31440338492393494,0.6119798421859741,19.2238826751709
visformer_small,shuffled_semantic_opponent,57,ILSVRC2012_val_00034356.JPEG,0.0,0.17970408499240875,0.9660734534263611,0.0013970369473099709,2.8887956142425537,0.6971693634986877,0.5106176733970642,0.6754248142242432,12.953896522521973
visformer_small,shuffled_semantic_opponent,58,ILSVRC2012_val_00034359.JPEG,0.0,0.2512653172016144,0.9286727905273438,0.006279157940298319,2.613692283630371,0.211809903383255,0.33782410621643066,0.6190117597579956,17.883094787597656
visformer_small,shuffled_semantic_opponent,59,ILSVRC2012_val_00034391.JPEG,0.0,0.29240307211875916,0.8987013101577759,0.0329684242606163,2.2477962970733643,0.6181545257568359,0.4038785398006439,0.6351765394210815,14.225504875183105
visformer_small,shuffled_semantic_opponent,60,ILSVRC2012_val_00034406.JPEG,0.0,0.2634081542491913,0.9536640048027039,0.002910528564825654,2.8263561725616455,0.3823569416999817,0.36348482966423035,0.647532045841217,16.30919075012207
visformer_small,shuffled_semantic_opponent,61,ILSVRC2012_val_00034438.JPEG,0.5,0.19728060066699982,0.9714038968086243,0.013771331869065762,2.4618420600891113,0.9215176105499268,0.555951714515686,0.6489772796630859,9.095769882202148
visformer_small,shuffled_semantic_opponent,62,ILSVRC2012_val_00034459.JPEG,0.0,0.12473978847265244,0.9543224573135376,0.002979143289849162,2.862788200378418,0.2818889915943146,0.3404684066772461,0.658102810382843,18.256757736206055
visformer_small,shuffled_semantic_opponent,63,ILSVRC2012_val_00034548.JPEG,0.0,0.19129592180252075,0.9427245259284973,0.003827824490144849,2.822324514389038,0.2733469009399414,0.29458221793174744,0.6457114219665527,19.258201599121094
visformer_small,semantic_equivalent_feature_gaussian,0,ILSVRC2012_val_00031361.JPEG,0.0,0.12622958421707153,0.9598119854927063,0.0027183000929653645,2.7265782356262207,0.7211689949035645,0.48127204179763794,0.6762944459915161,13.876213073730469
visformer_small,semantic_equivalent_feature_gaussian,1,ILSVRC2012_val_00031410.JPEG,0.0,0.12339284271001816,0.9370014071464539,0.008857742883265018,2.6243953704833984,0.4729498624801636,0.3213967978954315,0.6235813498497009,18.101696014404297
visformer_small,semantic_equivalent_feature_gaussian,2,ILSVRC2012_val_00031472.JPEG,0.0,0.29297956824302673,0.9396287202835083,0.00712813762947917,2.6571476459503174,0.213271826505661,0.27722397446632385,0.6298147439956665,19.297563552856445
visformer_small,semantic_equivalent_feature_gaussian,3,ILSVRC2012_val_00031495.JPEG,0.4000000059604645,0.36065301299095154,0.9742111563682556,0.001123263849876821,2.8903043270111084,0.5392775535583496,0.3385182321071625,0.6496701836585999,17.823455810546875
visformer_small,semantic_equivalent_feature_gaussian,4,ILSVRC2012_val_00031548.JPEG,0.0,0.2937755286693573,0.8536826968193054,0.03132084012031555,1.8974027633666992,0.48001742362976074,0.3046890199184418,0.625451385974884,17.546104431152344
visformer_small,semantic_equivalent_feature_gaussian,5,ILSVRC2012_val_00031586.JPEG,0.10000000149011612,0.34339794516563416,0.968018651008606,0.002137568313628435,2.8707971572875977,0.5194103717803955,0.4033114016056061,0.6496595144271851,16.423568725585938
visformer_small,semantic_equivalent_feature_gaussian,6,ILSVRC2012_val_00031588.JPEG,0.05000000074505806,0.23840303719043732,0.9697624444961548,0.0019522126531228423,2.904214382171631,0.5159872770309448,0.40257784724235535,0.6600157618522644,16.476179122924805
visformer_small,semantic_equivalent_feature_gaussian,7,ILSVRC2012_val_00031593.JPEG,0.0,0.38930609822273254,0.9243267178535461,0.00489844661206007,2.8543660640716553,0.105565145611763,0.3288879096508026,0.6467032432556152,19.0080509185791
visformer_small,semantic_equivalent_feature_gaussian,8,ILSVRC2012_val_00031629.JPEG,0.05000000074505806,0.28426018357276917,0.9672028422355652,0.0016154953045770526,2.9205451011657715,0.36408329010009766,0.3032205402851105,0.6417623162269592,18.95012664794922
visformer_small,semantic_equivalent_feature_gaussian,9,ILSVRC2012_val_00031647.JPEG,0.0,0.21830101311206818,0.9600763320922852,0.0024341954849660397,2.9044997692108154,0.5492040514945984,0.3717019557952881,0.6595842838287354,17.779829025268555
visformer_small,semantic_equivalent_feature_gaussian,10,ILSVRC2012_val_00031670.JPEG,0.5,0.23163774609565735,0.9683086276054382,0.0017910863971337676,2.7624094486236572,0.7790087461471558,0.48260411620140076,0.6749850511550903,13.657601356506348
visformer_small,semantic_equivalent_feature_gaussian,11,ILSVRC2012_val_00031686.JPEG,0.0,0.3214285373687744,0.9323673248291016,0.0060176970437169075,2.839264392852783,0.09933193027973175,0.34753891825675964,0.6520043015480042,18.576704025268555
visformer_small,semantic_equivalent_feature_gaussian,12,ILSVRC2012_val_00031762.JPEG,0.3499999940395355,0.2592397630214691,0.9670325517654419,0.013621481135487556,2.655388355255127,0.795814037322998,0.5799623727798462,0.6912262439727783,10.424060821533203
visformer_small,semantic_equivalent_feature_gaussian,13,ILSVRC2012_val_00031783.JPEG,0.0,0.15144388377666473,0.920417308807373,0.010779586620628834,2.46278977394104,0.6169118881225586,0.3934846520423889,0.6310274600982666,15.929797172546387
visformer_small,semantic_equivalent_feature_gaussian,14,ILSVRC2012_val_00031785.JPEG,0.5,0.1492755115032196,0.9811809659004211,0.0014037495711818337,2.9336984157562256,0.7061764597892761,0.5274562835693359,0.6846374273300171,12.844578742980957
visformer_small,semantic_equivalent_feature_gaussian,15,ILSVRC2012_val_00031789.JPEG,0.0,0.17538264393806458,0.931003212928772,0.08442234992980957,1.4412140846252441,0.5596823692321777,0.21134479343891144,0.6426647901535034,18.3685302734375
visformer_small,semantic_equivalent_feature_gaussian,16,ILSVRC2012_val_00031922.JPEG,0.45000001788139343,0.4359285831451416,0.9793607592582703,0.0007115150801837444,2.941406726837158,0.29703959822654724,0.40296846628189087,0.658279538154602,16.497861862182617
visformer_small,semantic_equivalent_feature_gaussian,17,ILSVRC2012_val_00031927.JPEG,0.30000001192092896,0.34309694170951843,0.9699239730834961,0.0031269413884729147,2.818063259124756,0.40175992250442505,0.358462393283844,0.6463953256607056,17.423431396484375
visformer_small,semantic_equivalent_feature_gaussian,18,ILSVRC2012_val_00032032.JPEG,0.0,0.14909183979034424,0.9287149310112,0.007373580243438482,2.7047481536865234,0.618979811668396,0.46516385674476624,0.6433128714561462,15.356762886047363
visformer_small,semantic_equivalent_feature_gaussian,19,ILSVRC2012_val_00032039.JPEG,0.0,0.31926020979881287,0.8617197871208191,0.02260095626115799,2.8162007331848145,0.05733775720000267,0.29853641986846924,0.5948564410209656,19.426462173461914
visformer_small,semantic_equivalent_feature_gaussian,20,ILSVRC2012_val_00032046.JPEG,0.05000000074505806,0.23743878304958344,0.9501823782920837,0.00351874646730721,2.60215425491333,0.20829200744628906,0.3045959174633026,0.636772871017456,18.460041046142578
visformer_small,semantic_equivalent_feature_gaussian,21,ILSVRC2012_val_00032097.JPEG,0.0,0.22395919263362885,0.9590038657188416,0.010083180852234364,2.661456346511841,0.5106747150421143,0.39190301299095154,0.6514807939529419,16.58295440673828
visformer_small,semantic_equivalent_feature_gaussian,22,ILSVRC2012_val_00032098.JPEG,0.0,0.2033877670764923,0.96540766954422,0.002853614976629615,2.8924238681793213,0.2464180886745453,0.3033423125743866,0.6220626831054688,19.094579696655273
visformer_small,semantic_equivalent_feature_gaussian,23,ILSVRC2012_val_00032102.JPEG,0.6000000238418579,0.27839797735214233,0.9825204014778137,0.0005724825896322727,2.964146852493286,0.5627657175064087,0.47927728295326233,0.6744382977485657,13.165321350097656
visformer_small,semantic_equivalent_feature_gaussian,24,ILSVRC2012_val_00032120.JPEG,0.4000000059604645,0.2735918462276459,0.9704768061637878,0.0029996726661920547,2.880432367324829,0.7578086256980896,0.500321090221405,0.645374596118927,13.168773651123047
visformer_small,semantic_equivalent_feature_gaussian,25,ILSVRC2012_val_00032188.JPEG,0.0,0.2345612347126007,0.9438961148262024,0.006318928208202124,2.854487180709839,0.6114648580551147,0.48487621545791626,0.6358125805854797,14.835003852844238
visformer_small,semantic_equivalent_feature_gaussian,26,ILSVRC2012_val_00032370.JPEG,0.0,0.19012244045734406,0.9243392944335938,0.007030915003269911,2.605009078979492,0.4360538721084595,0.34253498911857605,0.6473914980888367,18.20987892150879
visformer_small,semantic_equivalent_feature_gaussian,27,ILSVRC2012_val_00032435.JPEG,0.0,0.2547907829284668,0.953477680683136,0.007080841809511185,2.6780622005462646,0.7480797171592712,0.45752793550491333,0.6530107259750366,14.232595443725586
visformer_small,semantic_equivalent_feature_gaussian,28,ILSVRC2012_val_00032552.JPEG,0.10000000149011612,0.29795408248901367,0.9631590843200684,0.0029128557071089745,2.7716102600097656,0.6150897741317749,0.3817289173603058,0.6858215928077698,16.948486328125
visformer_small,semantic_equivalent_feature_gaussian,29,ILSVRC2012_val_00032623.JPEG,0.5,0.2880816161632538,0.9818472266197205,0.0025587615091353655,2.875779628753662,0.9064816832542419,0.6999819278717041,0.7149500250816345,6.598024368286133
visformer_small,semantic_equivalent_feature_gaussian,30,ILSVRC2012_val_00032646.JPEG,0.45000001788139343,0.16530610620975494,0.9738768935203552,0.0031157282646745443,2.9026598930358887,0.7051277160644531,0.5282648801803589,0.6912176012992859,12.877215385437012
visformer_small,semantic_equivalent_feature_gaussian,31,ILSVRC2012_val_00032695.JPEG,0.0,0.2829948961734772,0.9538136720657349,0.004493971820920706,2.755692720413208,0.20691153407096863,0.3372461795806885,0.657450795173645,18.09514045715332
visformer_small,semantic_equivalent_feature_gaussian,32,ILSVRC2012_val_00032723.JPEG,0.0,0.5180203318595886,0.9207232594490051,0.0044640908017754555,2.8186442852020264,0.16106513142585754,0.31810295581817627,0.6231368780136108,19.01835060119629
visformer_small,semantic_equivalent_feature_gaussian,33,ILSVRC2012_val_00032911.JPEG,0.0,0.35609695315361023,0.9325586557388306,0.011905631981790066,2.511610507965088,0.5755022764205933,0.37727245688438416,0.6433829665184021,16.387828826904297
visformer_small,semantic_equivalent_feature_gaussian,34,ILSVRC2012_val_00032926.JPEG,0.0,0.19430100917816162,0.9490035176277161,0.002464953577145934,2.80263090133667,0.4605017900466919,0.39994993805885315,0.6492273807525635,16.541749954223633
visformer_small,semantic_equivalent_feature_gaussian,35,ILSVRC2012_val_00032950.JPEG,0.550000011920929,0.125,0.9780027270317078,0.0013792241225019097,2.882216453552246,0.5533095002174377,0.38228970766067505,0.6505301594734192,17.142412185668945
visformer_small,semantic_equivalent_feature_gaussian,36,ILSVRC2012_val_00033014.JPEG,0.5,0.32200512290000916,0.9703127145767212,0.006542322225868702,2.5807008743286133,0.8014096021652222,0.5958158373832703,0.666105329990387,8.830728530883789
visformer_small,semantic_equivalent_feature_gaussian,37,ILSVRC2012_val_00033018.JPEG,0.5,0.2977040708065033,0.9707139134407043,0.003318274160847068,2.800926923751831,0.8187190294265747,0.5188013315200806,0.6738042235374451,11.051830291748047
visformer_small,semantic_equivalent_feature_gaussian,38,ILSVRC2012_val_00033076.JPEG,0.0,0.22945408523082733,0.9437698721885681,0.004566562827676535,2.495636463165283,0.6758797764778137,0.46219053864479065,0.6591271758079529,13.141945838928223
visformer_small,semantic_equivalent_feature_gaussian,39,ILSVRC2012_val_00033149.JPEG,0.15000000596046448,0.32178059220314026,0.9642135500907898,0.006930563133209944,2.7698843479156494,0.6442476511001587,0.5180646181106567,0.6738925576210022,12.62504768371582
visformer_small,semantic_equivalent_feature_gaussian,40,ILSVRC2012_val_00033150.JPEG,0.0,0.25417348742485046,0.9497591257095337,0.005929612088948488,2.718625545501709,0.24140198528766632,0.279061883687973,0.6192794442176819,19.3250732421875
visformer_small,semantic_equivalent_feature_gaussian,41,ILSVRC2012_val_00033171.JPEG,0.0,0.22106634080410004,0.9553028345108032,0.003784362692385912,2.8618290424346924,0.21960240602493286,0.34280112385749817,0.6490024924278259,18.726966857910156
visformer_small,semantic_equivalent_feature_gaussian,42,ILSVRC2012_val_00033207.JPEG,0.0,0.29358163475990295,0.8962211608886719,0.008503654971718788,2.2116341590881348,0.3326898515224457,0.27590247988700867,0.6030505895614624,18.58579444885254
visformer_small,semantic_equivalent_feature_gaussian,43,ILSVRC2012_val_00033255.JPEG,0.10000000149011612,0.22750508785247803,0.9680030941963196,0.002344841370359063,2.936898946762085,0.5015501976013184,0.480966180562973,0.6538470983505249,14.533561706542969
visformer_small,semantic_equivalent_feature_gaussian,44,ILSVRC2012_val_00033340.JPEG,0.20000000298023224,0.4364030957221985,0.9716411828994751,0.0019367743516340852,2.9167776107788086,0.2640165388584137,0.3431642949581146,0.6530090570449829,18.279497146606445
visformer_small,semantic_equivalent_feature_gaussian,45,ILSVRC2012_val_00033725.JPEG,0.0,0.24628059566020966,0.9314503073692322,0.009349262341856956,2.5414376258850098,0.3988460898399353,0.3665539622306824,0.6320787668228149,17.297378540039062
visformer_small,semantic_equivalent_feature_gaussian,46,ILSVRC2012_val_00033897.JPEG,0.0,0.21794895827770233,0.9347675442695618,0.003545305458828807,2.8284006118774414,0.494363933801651,0.4349742531776428,0.6377341747283936,16.481788635253906
visformer_small,semantic_equivalent_feature_gaussian,47,ILSVRC2012_val_00033960.JPEG,0.30000001192092896,0.20710714161396027,0.9725887179374695,0.0010928858537226915,2.9039690494537354,0.18635565042495728,0.3492414951324463,0.6671446561813354,17.968875885009766
visformer_small,semantic_equivalent_feature_gaussian,48,ILSVRC2012_val_00033997.JPEG,0.75,0.1572704166173935,0.983339786529541,0.0008874048362486064,2.9348270893096924,0.24110358953475952,0.4037679135799408,0.661196231842041,16.367647171020508
visformer_small,semantic_equivalent_feature_gaussian,49,ILSVRC2012_val_00034008.JPEG,0.0,0.29734694957733154,0.9246912002563477,0.01496606320142746,2.377286911010742,0.4134882390499115,0.3536621928215027,0.6374382376670837,17.387367248535156
visformer_small,semantic_equivalent_feature_gaussian,50,ILSVRC2012_val_00034055.JPEG,0.0,0.1767091602087021,0.9627319574356079,0.014441038481891155,2.6140987873077393,0.5975605249404907,0.48197171092033386,0.6662823557853699,13.336248397827148
visformer_small,semantic_equivalent_feature_gaussian,51,ILSVRC2012_val_00034168.JPEG,0.0,0.3210509717464447,0.9371100664138794,0.006438728421926498,2.734771728515625,0.09294001758098602,0.2876032292842865,0.6225957870483398,19.405132293701172
visformer_small,semantic_equivalent_feature_gaussian,52,ILSVRC2012_val_00034182.JPEG,0.0,0.3045714199542999,0.9472569823265076,0.0028778924606740475,2.870563268661499,0.16784262657165527,0.279661625623703,0.6258639693260193,19.30233383178711
visformer_small,semantic_equivalent_feature_gaussian,53,ILSVRC2012_val_00034217.JPEG,0.45000001788139343,0.2301887720823288,0.9773679971694946,0.0016611248720437288,2.861286163330078,0.5560036897659302,0.46969467401504517,0.6568060517311096,14.709221839904785
visformer_small,semantic_equivalent_feature_gaussian,54,ILSVRC2012_val_00034225.JPEG,0.15000000596046448,0.24792854487895966,0.972619354724884,0.002097467891871929,2.9612178802490234,0.5868287086486816,0.434410959482193,0.6755537390708923,15.676413536071777
visformer_small,semantic_equivalent_feature_gaussian,55,ILSVRC2012_val_00034230.JPEG,0.0,0.29068875312805176,0.9468832015991211,0.004232646431773901,2.8996243476867676,0.10623884201049805,0.3628922700881958,0.6391379237174988,18.342609405517578
visformer_small,semantic_equivalent_feature_gaussian,56,ILSVRC2012_val_00034302.JPEG,0.0,0.33836227655410767,0.9499384760856628,0.0024757569190114737,2.911369800567627,0.12793686985969543,0.2553976774215698,0.6031944155693054,19.741193771362305
visformer_small,semantic_equivalent_feature_gaussian,57,ILSVRC2012_val_00034356.JPEG,0.5,0.17537753283977509,0.975042998790741,0.0010662925196811557,2.8953909873962402,0.7616081833839417,0.4940083920955658,0.6796622276306152,13.657160758972168
visformer_small,semantic_equivalent_feature_gaussian,58,ILSVRC2012_val_00034359.JPEG,0.0,0.25505611300468445,0.9275045394897461,0.0215082298964262,2.3123104572296143,0.27503567934036255,0.27517181634902954,0.6084429621696472,18.785385131835938
visformer_small,semantic_equivalent_feature_gaussian,59,ILSVRC2012_val_00034391.JPEG,0.0,0.2642551064491272,0.9067387580871582,0.024610130116343498,2.2388103008270264,0.7011431455612183,0.3934231698513031,0.6362553834915161,15.355854988098145
visformer_small,semantic_equivalent_feature_gaussian,60,ILSVRC2012_val_00034406.JPEG,0.25,0.26780611276626587,0.9677433371543884,0.0018164821667596698,2.8221235275268555,0.20319423079490662,0.3956858217716217,0.6537654399871826,15.958820343017578
visformer_small,semantic_equivalent_feature_gaussian,61,ILSVRC2012_val_00034438.JPEG,0.5,0.2271377593278885,0.9763067364692688,0.0134455356746912,2.455819845199585,0.9540505409240723,0.5646125078201294,0.6606382131576538,8.476164817810059
visformer_small,semantic_equivalent_feature_gaussian,62,ILSVRC2012_val_00034459.JPEG,0.0,0.1229642778635025,0.9638991355895996,0.002129131695255637,2.889226198196411,0.3138447403907776,0.3248804211616516,0.6544895172119141,18.61937713623047
visformer_small,semantic_equivalent_feature_gaussian,63,ILSVRC2012_val_00034548.JPEG,0.0,0.18720407783985138,0.9602064490318298,0.003395781386643648,2.8732147216796875,0.041455939412117004,0.23892842233181,0.6404967904090881,19.67844009399414
