source_model,sample_index,image_name,phase_global_cosine,flip_global_cosine,phase_flip_gradient_cosine
pit_b_224,0,ILSVRC2012_val_00037758.JPEG,0.9973535537719727,0.9988335967063904,0.16269232332706451
pit_b_224,1,ILSVRC2012_val_00037916.JPEG,0.9875827431678772,0.9977233409881592,0.09569016844034195
pit_b_224,2,ILSVRC2012_val_00037926.JPEG,0.9903008937835693,0.9987771511077881,0.10214195400476456
pit_b_224,3,ILSVRC2012_val_00037929.JPEG,0.9918279051780701,0.9984528422355652,0.20401036739349365
pit_b_224,4,ILSVRC2012_val_00038033.JPEG,0.9922823905944824,0.9974322319030762,0.4315508008003235
pit_b_224,5,ILSVRC2012_val_00038096.JPEG,0.981249213218689,0.994641900062561,0.1178090050816536
pit_b_224,6,ILSVRC2012_val_00038110.JPEG,0.9985165596008301,0.9992652535438538,0.02607898972928524
pit_b_224,7,ILSVRC2012_val_00038142.JPEG,0.9883673191070557,0.9983047246932983,-0.008958062157034874
pit_b_224,8,ILSVRC2012_val_00038157.JPEG,0.9852591753005981,0.9960521459579468,0.17717978358268738
pit_b_224,9,ILSVRC2012_val_00038221.JPEG,0.9756031036376953,0.9967254400253296,-0.11063674092292786
pit_b_224,10,ILSVRC2012_val_00038236.JPEG,0.9957209825515747,0.998874306678772,-0.04217085987329483
pit_b_224,11,ILSVRC2012_val_00038251.JPEG,0.9906418323516846,0.9978454113006592,-0.1376861035823822
pit_b_224,12,ILSVRC2012_val_00038413.JPEG,0.9938012957572937,0.9983373284339905,0.06587086617946625
pit_b_224,13,ILSVRC2012_val_00038427.JPEG,0.9781291484832764,0.99399334192276,-0.11454695463180542
pit_b_224,14,ILSVRC2012_val_00038546.JPEG,0.9371240139007568,0.9786038994789124,0.3756427764892578
pit_b_224,15,ILSVRC2012_val_00038597.JPEG,0.9884195327758789,0.9980350732803345,0.09349950402975082
pit_b_224,16,ILSVRC2012_val_00038607.JPEG,0.9908847808837891,0.9964203834533691,0.750143826007843
pit_b_224,17,ILSVRC2012_val_00038678.JPEG,0.9902293682098389,0.993915319442749,0.9411822557449341
pit_b_224,18,ILSVRC2012_val_00038705.JPEG,0.9853384494781494,0.9948624968528748,0.012218870222568512
pit_b_224,19,ILSVRC2012_val_00038708.JPEG,0.9965906739234924,0.9986804723739624,0.24962118268013
pit_b_224,20,ILSVRC2012_val_00038743.JPEG,0.9802261590957642,0.9982023239135742,0.3777959942817688
pit_b_224,21,ILSVRC2012_val_00038986.JPEG,0.9860541820526123,0.9944124817848206,0.12351801246404648
pit_b_224,22,ILSVRC2012_val_00039085.JPEG,0.9723893404006958,0.9915284514427185,-0.21241667866706848
pit_b_224,23,ILSVRC2012_val_00039106.JPEG,0.9946202635765076,0.9978318214416504,0.8595058917999268
pit_b_224,24,ILSVRC2012_val_00039130.JPEG,0.9760501980781555,0.9956371784210205,0.036572039127349854
pit_b_224,25,ILSVRC2012_val_00039253.JPEG,0.9944154024124146,0.9978612065315247,0.0744922012090683
pit_b_224,26,ILSVRC2012_val_00039290.JPEG,0.9892725944519043,0.9963753819465637,0.26842445135116577
pit_b_224,27,ILSVRC2012_val_00039421.JPEG,0.98170006275177,0.9926429986953735,0.3951127529144287
pit_b_224,28,ILSVRC2012_val_00039426.JPEG,0.9636014103889465,0.998996376991272,0.02907789871096611
pit_b_224,29,ILSVRC2012_val_00039464.JPEG,0.9932031631469727,0.9979888796806335,0.5914453268051147
pit_b_224,30,ILSVRC2012_val_00039490.JPEG,0.9974466562271118,0.9993427395820618,0.1072879433631897
pit_b_224,31,ILSVRC2012_val_00039737.JPEG,0.9867743253707886,0.9968283772468567,0.05244851112365723
pit_b_224,32,ILSVRC2012_val_00039746.JPEG,0.9589512348175049,0.997575581073761,-0.14647513628005981
pit_b_224,33,ILSVRC2012_val_00039748.JPEG,0.981025755405426,0.9958050847053528,0.4046856164932251
pit_b_224,34,ILSVRC2012_val_00039815.JPEG,0.9558854699134827,0.9864439964294434,0.04643906652927399
pit_b_224,35,ILSVRC2012_val_00039842.JPEG,0.9946267008781433,0.9982364177703857,0.006786217913031578
pit_b_224,36,ILSVRC2012_val_00039892.JPEG,0.9783508777618408,0.9970220327377319,0.054642096161842346
pit_b_224,37,ILSVRC2012_val_00039939.JPEG,0.9755524396896362,0.9980593919754028,0.04114929586648941
pit_b_224,38,ILSVRC2012_val_00040016.JPEG,0.9957506060600281,0.998784065246582,0.0389404296875
pit_b_224,39,ILSVRC2012_val_00040140.JPEG,0.9917804002761841,0.9974756240844727,-0.030912473797798157
pit_b_224,40,ILSVRC2012_val_00040221.JPEG,0.9590595960617065,0.9939534664154053,0.13355976343154907
pit_b_224,41,ILSVRC2012_val_00040291.JPEG,0.9914313554763794,0.9963235855102539,0.923955500125885
pit_b_224,42,ILSVRC2012_val_00040345.JPEG,0.9740337133407593,0.9954930543899536,0.04084520787000656
pit_b_224,43,ILSVRC2012_val_00040407.JPEG,0.9564122557640076,0.9933760762214661,0.09426248073577881
pit_b_224,44,ILSVRC2012_val_00040452.JPEG,0.9958512783050537,0.9981730580329895,-0.06498493999242783
pit_b_224,45,ILSVRC2012_val_00040457.JPEG,0.882896363735199,0.975839376449585,0.19272112846374512
pit_b_224,46,ILSVRC2012_val_00040494.JPEG,0.9917672872543335,0.9988594651222229,0.1881212443113327
pit_b_224,47,ILSVRC2012_val_00040541.JPEG,0.9933270215988159,0.9981240034103394,0.10904816538095474
pit_b_224,48,ILSVRC2012_val_00040601.JPEG,0.9651951193809509,0.9848918914794922,-0.022588016465306282
pit_b_224,49,ILSVRC2012_val_00040634.JPEG,0.9901515245437622,0.9975343942642212,0.04411161690950394
pit_b_224,50,ILSVRC2012_val_00040798.JPEG,0.9943572282791138,0.9981476068496704,0.06323067098855972
pit_b_224,51,ILSVRC2012_val_00040930.JPEG,0.9955039024353027,0.9985405802726746,0.1976441740989685
pit_b_224,52,ILSVRC2012_val_00040952.JPEG,0.9827868938446045,0.9936680793762207,0.029680553823709488
pit_b_224,53,ILSVRC2012_val_00040966.JPEG,0.9784042835235596,0.9935462474822998,-0.022264977917075157
pit_b_224,54,ILSVRC2012_val_00041010.JPEG,0.9962104558944702,0.9995167255401611,0.27347031235694885
pit_b_224,55,ILSVRC2012_val_00041063.JPEG,0.975486159324646,0.996021568775177,-0.17602667212486267
pit_b_224,56,ILSVRC2012_val_00041080.JPEG,0.9850693941116333,0.9959015250205994,-0.4101886749267578
pit_b_224,57,ILSVRC2012_val_00041241.JPEG,0.9923983812332153,0.9990655779838562,-0.2064385563135147
pit_b_224,58,ILSVRC2012_val_00041354.JPEG,0.9733483791351318,0.9974179267883301,0.04766637459397316
pit_b_224,59,ILSVRC2012_val_00041406.JPEG,0.9882789850234985,0.9961037039756775,0.23966442048549652
pit_b_224,60,ILSVRC2012_val_00041468.JPEG,0.9818100333213806,0.9938370585441589,-0.14754876494407654
pit_b_224,61,ILSVRC2012_val_00041474.JPEG,0.9879657030105591,0.9983829259872437,0.7468211650848389
pit_b_224,62,ILSVRC2012_val_00041483.JPEG,0.9740946292877197,0.9882920980453491,0.04670415073633194
pit_b_224,63,ILSVRC2012_val_00041486.JPEG,0.9862992167472839,0.9881701469421387,0.41345927119255066
