source_model,sample_index,image_name,condition,selected_common_patches,clean_route_gradient_cosine,view_cosine_to_raw_mean,view_sign_agreement,view_effective_rank
pit_b_224,0,ILSVRC2012_val_00031361.JPEG,promotion,7,0.24006879329681396,0.5684351325035095,0.7146683931350708,6.23661994934082
pit_b_224,1,ILSVRC2012_val_00031410.JPEG,promotion,7,0.1122702807188034,0.5651030540466309,0.6777440309524536,6.622559070587158
pit_b_224,2,ILSVRC2012_val_00031472.JPEG,promotion,7,0.06073322892189026,0.5452949404716492,0.6717620491981506,7.700929641723633
pit_b_224,3,ILSVRC2012_val_00031495.JPEG,promotion,7,0.2983883023262024,0.5484610199928284,0.6597583293914795,7.780642032623291
pit_b_224,4,ILSVRC2012_val_00031548.JPEG,promotion,7,0.13889293372631073,0.5033659934997559,0.6746302843093872,8.651898384094238
pit_b_224,5,ILSVRC2012_val_00031586.JPEG,promotion,7,0.29456982016563416,0.4871080815792084,0.6762406229972839,11.875927925109863
pit_b_224,6,ILSVRC2012_val_00031588.JPEG,promotion,7,0.1746668815612793,0.5073826909065247,0.6869582533836365,9.336153984069824
pit_b_224,7,ILSVRC2012_val_00031593.JPEG,promotion,7,0.13144685328006744,0.45726504921913147,0.683965802192688,8.753674507141113
pit_b_224,8,ILSVRC2012_val_00031629.JPEG,promotion,7,0.2585813105106354,0.5177608132362366,0.6705932021141052,8.266748428344727
pit_b_224,9,ILSVRC2012_val_00031647.JPEG,promotion,7,0.10751890391111374,0.5288532376289368,0.6783312559127808,8.40727710723877
pit_b_224,10,ILSVRC2012_val_00031670.JPEG,promotion,7,0.34680408239364624,0.524203360080719,0.689181387424469,8.963228225708008
pit_b_224,11,ILSVRC2012_val_00031686.JPEG,promotion,7,0.21027927100658417,0.492206335067749,0.6974300742149353,10.307880401611328
pit_b_224,12,ILSVRC2012_val_00031762.JPEG,promotion,7,0.6302114129066467,0.6259352564811707,0.7123368978500366,5.441583156585693
pit_b_224,13,ILSVRC2012_val_00031783.JPEG,promotion,7,0.7481967210769653,0.6247257590293884,0.7055212259292603,4.503421783447266
pit_b_224,14,ILSVRC2012_val_00031785.JPEG,promotion,7,0.5008858442306519,0.5097784399986267,0.6895783543586731,9.633431434631348
pit_b_224,15,ILSVRC2012_val_00031789.JPEG,promotion,7,0.20376652479171753,0.46882182359695435,0.6812260746955872,11.312399864196777
pit_b_224,16,ILSVRC2012_val_00031922.JPEG,promotion,7,0.15993660688400269,0.5187228322029114,0.6820930242538452,7.560708999633789
pit_b_224,17,ILSVRC2012_val_00031927.JPEG,promotion,7,0.17544594407081604,0.5167420506477356,0.6806740164756775,10.057509422302246
pit_b_224,18,ILSVRC2012_val_00032032.JPEG,promotion,7,0.5196709036827087,0.614528477191925,0.7012223601341248,4.834488391876221
pit_b_224,19,ILSVRC2012_val_00032039.JPEG,promotion,7,0.4099047780036926,0.6195926070213318,0.6816887855529785,4.909581184387207
pit_b_224,20,ILSVRC2012_val_00032046.JPEG,promotion,7,0.5656799674034119,0.6192879676818848,0.7084927558898926,4.448996067047119
pit_b_224,21,ILSVRC2012_val_00032097.JPEG,promotion,7,0.09156888723373413,0.5138086676597595,0.6774178147315979,8.807762145996094
pit_b_224,22,ILSVRC2012_val_00032098.JPEG,promotion,7,0.05563092976808548,0.5527281165122986,0.6808394193649292,6.316121578216553
pit_b_224,23,ILSVRC2012_val_00032102.JPEG,promotion,7,0.1377914547920227,0.5368565917015076,0.6731558442115784,8.93387508392334
pit_b_224,24,ILSVRC2012_val_00032120.JPEG,promotion,7,0.2167588174343109,0.4984351694583893,0.6649965643882751,9.850181579589844
pit_b_224,25,ILSVRC2012_val_00032188.JPEG,promotion,7,0.5052672624588013,0.5539793372154236,0.702053427696228,7.610595703125
pit_b_224,26,ILSVRC2012_val_00032370.JPEG,promotion,7,0.17596012353897095,0.5396575331687927,0.6804800629615784,7.325014591217041
pit_b_224,27,ILSVRC2012_val_00032435.JPEG,promotion,7,0.519927442073822,0.596187174320221,0.6946903467178345,4.170620441436768
pit_b_224,28,ILSVRC2012_val_00032552.JPEG,promotion,7,0.3761541247367859,0.6173543334007263,0.7079111337661743,5.620311260223389
pit_b_224,29,ILSVRC2012_val_00032623.JPEG,promotion,7,0.5661073923110962,0.5701406002044678,0.6789261698722839,6.642902374267578
pit_b_224,30,ILSVRC2012_val_00032646.JPEG,promotion,7,0.4378976821899414,0.5953325629234314,0.6861344575881958,5.853072643280029
pit_b_224,31,ILSVRC2012_val_00032695.JPEG,promotion,7,0.04831833392381668,0.5253928899765015,0.6671233773231506,8.300322532653809
pit_b_224,32,ILSVRC2012_val_00032723.JPEG,promotion,7,0.08772772550582886,0.5136805772781372,0.6752055883407593,7.051200866699219
pit_b_224,33,ILSVRC2012_val_00032911.JPEG,promotion,7,0.09790046513080597,0.5455188155174255,0.6858271956443787,7.316039085388184
pit_b_224,34,ILSVRC2012_val_00032926.JPEG,promotion,7,0.1959715187549591,0.5285828709602356,0.6800737977027893,8.744680404663086
pit_b_224,35,ILSVRC2012_val_00032950.JPEG,promotion,7,0.011637598276138306,0.5660401582717896,0.6751282215118408,7.209588050842285
pit_b_224,36,ILSVRC2012_val_00033014.JPEG,promotion,7,0.6601533889770508,0.6307340264320374,0.6914902925491333,4.64810037612915
pit_b_224,37,ILSVRC2012_val_00033018.JPEG,promotion,7,0.7463208436965942,0.548294723033905,0.6886904835700989,7.904348850250244
pit_b_224,38,ILSVRC2012_val_00033076.JPEG,promotion,7,0.3537621796131134,0.5623308420181274,0.665680468082428,6.592733860015869
pit_b_224,39,ILSVRC2012_val_00033149.JPEG,promotion,7,0.9367746114730835,0.6498007774353027,0.7036720514297485,4.208747863769531
pit_b_224,40,ILSVRC2012_val_00033150.JPEG,promotion,7,0.12033728510141373,0.5866537094116211,0.6889153718948364,5.610116481781006
pit_b_224,41,ILSVRC2012_val_00033171.JPEG,promotion,7,0.06109495460987091,0.5850164294242859,0.6998077034950256,6.733739376068115
pit_b_224,42,ILSVRC2012_val_00033207.JPEG,promotion,7,-0.23598314821720123,0.6266816258430481,0.6903443336486816,5.735562801361084
pit_b_224,43,ILSVRC2012_val_00033255.JPEG,promotion,7,0.3003832697868347,0.5302931666374207,0.6813041567802429,9.88229751586914
pit_b_224,44,ILSVRC2012_val_00033340.JPEG,promotion,7,0.4972882866859436,0.5342268943786621,0.6726287007331848,6.582332611083984
pit_b_224,45,ILSVRC2012_val_00033725.JPEG,promotion,7,0.3940070867538452,0.5926463007926941,0.6930487751960754,4.900913238525391
pit_b_224,46,ILSVRC2012_val_00033897.JPEG,promotion,7,0.09030263125896454,0.5183047652244568,0.6866047978401184,9.355096817016602
pit_b_224,47,ILSVRC2012_val_00033960.JPEG,promotion,7,0.5240557193756104,0.5191685557365417,0.6707210540771484,7.559408187866211
pit_b_224,48,ILSVRC2012_val_00033997.JPEG,promotion,7,0.27353423833847046,0.543479859828949,0.6852349638938904,7.131593227386475
pit_b_224,49,ILSVRC2012_val_00034008.JPEG,promotion,7,0.38291865587234497,0.5980364084243774,0.6854701638221741,5.121646404266357
pit_b_224,50,ILSVRC2012_val_00034055.JPEG,promotion,7,0.09366442263126373,0.5465252995491028,0.6792653203010559,7.275957107543945
pit_b_224,51,ILSVRC2012_val_00034168.JPEG,promotion,7,0.284762442111969,0.47541147470474243,0.6763734817504883,9.136870384216309
pit_b_224,52,ILSVRC2012_val_00034182.JPEG,promotion,7,-0.01808629184961319,0.5516034364700317,0.6690080761909485,6.291398048400879
pit_b_224,53,ILSVRC2012_val_00034217.JPEG,promotion,7,0.39448580145835876,0.5394852757453918,0.686053454875946,7.839092254638672
pit_b_224,54,ILSVRC2012_val_00034225.JPEG,promotion,7,0.24522404372692108,0.5484190583229065,0.6742114424705505,7.492654323577881
pit_b_224,55,ILSVRC2012_val_00034230.JPEG,promotion,7,0.170460045337677,0.5298418998718262,0.6784216165542603,7.774784088134766
pit_b_224,56,ILSVRC2012_val_00034302.JPEG,promotion,7,0.19846242666244507,0.466020792722702,0.6574879884719849,9.947128295898438
pit_b_224,57,ILSVRC2012_val_00034356.JPEG,promotion,7,0.18457134068012238,0.4530589282512665,0.6554571390151978,10.893956184387207
pit_b_224,58,ILSVRC2012_val_00034359.JPEG,promotion,7,0.2660122215747833,0.5832862257957458,0.6865513324737549,6.789141654968262
pit_b_224,59,ILSVRC2012_val_00034391.JPEG,promotion,7,0.2843957841396332,0.5519635081291199,0.6741795539855957,7.751669883728027
pit_b_224,60,ILSVRC2012_val_00034406.JPEG,promotion,7,0.3290998935699463,0.4958941638469696,0.669528603553772,9.586114883422852
pit_b_224,61,ILSVRC2012_val_00034438.JPEG,promotion,7,0.606123685836792,0.6117371916770935,0.7004889249801636,6.163975715637207
pit_b_224,62,ILSVRC2012_val_00034459.JPEG,promotion,7,0.15175184607505798,0.48451757431030273,0.6497957110404968,10.936565399169922
pit_b_224,63,ILSVRC2012_val_00034548.JPEG,promotion,7,0.31717777252197266,0.5433444380760193,0.6724260449409485,6.163346767425537
pit_b_224,0,ILSVRC2012_val_00031361.JPEG,final_high,7,0.3069332242012024,0.5927578210830688,0.7055032849311829,6.5501251220703125
pit_b_224,1,ILSVRC2012_val_00031410.JPEG,final_high,7,0.28383374214172363,0.5772089958190918,0.6885632276535034,6.71366024017334
pit_b_224,2,ILSVRC2012_val_00031472.JPEG,final_high,7,0.06779733300209045,0.5439920425415039,0.6645095944404602,7.511589527130127
pit_b_224,3,ILSVRC2012_val_00031495.JPEG,final_high,7,0.2592947483062744,0.5351879000663757,0.6668426990509033,8.182002067565918
pit_b_224,4,ILSVRC2012_val_00031548.JPEG,final_high,7,-0.02174527198076248,0.5073028206825256,0.6744811534881592,7.324034690856934
pit_b_224,5,ILSVRC2012_val_00031586.JPEG,final_high,7,0.2234041392803192,0.4443701207637787,0.6599984765052795,12.861224174499512
pit_b_224,6,ILSVRC2012_val_00031588.JPEG,final_high,7,0.16870346665382385,0.47381243109703064,0.683253288269043,8.24338436126709
pit_b_224,7,ILSVRC2012_val_00031593.JPEG,final_high,7,-0.0003636712208390236,0.4857260286808014,0.6812264323234558,7.630490779876709
pit_b_224,8,ILSVRC2012_val_00031629.JPEG,final_high,7,0.06306561082601547,0.4812009930610657,0.6680663824081421,8.834795951843262
pit_b_224,9,ILSVRC2012_val_00031647.JPEG,final_high,7,0.11380209028720856,0.499077707529068,0.6643308997154236,8.938218116760254
pit_b_224,10,ILSVRC2012_val_00031670.JPEG,final_high,7,0.16727042198181152,0.5315453410148621,0.6886811852455139,7.032088756561279
pit_b_224,11,ILSVRC2012_val_00031686.JPEG,final_high,7,0.20568951964378357,0.5417835116386414,0.6964631080627441,7.768930435180664
pit_b_224,12,ILSVRC2012_val_00031762.JPEG,final_high,7,0.6492511034011841,0.6396467089653015,0.7240467071533203,5.555912494659424
pit_b_224,13,ILSVRC2012_val_00031783.JPEG,final_high,7,0.5048959255218506,0.6192760467529297,0.7057773470878601,5.241318225860596
pit_b_224,14,ILSVRC2012_val_00031785.JPEG,final_high,7,0.5338258743286133,0.5339690446853638,0.6952829360961914,8.423261642456055
pit_b_224,15,ILSVRC2012_val_00031789.JPEG,final_high,7,0.21214039623737335,0.43854817748069763,0.662948727607727,13.326582908630371
pit_b_224,16,ILSVRC2012_val_00031922.JPEG,final_high,7,0.17151007056236267,0.5564274191856384,0.6861932873725891,7.443251132965088
pit_b_224,17,ILSVRC2012_val_00031927.JPEG,final_high,7,0.1577669084072113,0.5354121327400208,0.6766648292541504,9.271734237670898
pit_b_224,18,ILSVRC2012_val_00032032.JPEG,final_high,7,0.5095335245132446,0.6310321092605591,0.7047320008277893,5.393908977508545
pit_b_224,19,ILSVRC2012_val_00032039.JPEG,final_high,7,0.4919576644897461,0.6337754130363464,0.6877325177192688,4.788754940032959
pit_b_224,20,ILSVRC2012_val_00032046.JPEG,final_high,7,0.6240757703781128,0.6333851218223572,0.6995744705200195,4.927457332611084
pit_b_224,21,ILSVRC2012_val_00032097.JPEG,final_high,7,0.2164939045906067,0.5351058840751648,0.6794569492340088,8.204856872558594
pit_b_224,22,ILSVRC2012_val_00032098.JPEG,final_high,7,0.0007822606712579727,0.5413705706596375,0.683896005153656,6.582138538360596
pit_b_224,23,ILSVRC2012_val_00032102.JPEG,final_high,7,0.16022585332393646,0.5270890593528748,0.6685227751731873,8.211910247802734
pit_b_224,24,ILSVRC2012_val_00032120.JPEG,final_high,7,0.3377818167209625,0.5402848124504089,0.6633377075195312,7.862477779388428
pit_b_224,25,ILSVRC2012_val_00032188.JPEG,final_high,7,0.7308799028396606,0.6422571539878845,0.7154901623725891,5.648783206939697
pit_b_224,26,ILSVRC2012_val_00032370.JPEG,final_high,7,0.01716195046901703,0.5112137794494629,0.6786186099052429,8.00112533569336
pit_b_224,27,ILSVRC2012_val_00032435.JPEG,final_high,7,0.1437789797782898,0.44622689485549927,0.6675143241882324,8.173209190368652
pit_b_224,28,ILSVRC2012_val_00032552.JPEG,final_high,7,0.17786231637001038,0.57391357421875,0.7051193118095398,7.182806015014648
pit_b_224,29,ILSVRC2012_val_00032623.JPEG,final_high,7,0.5066255331039429,0.5394631028175354,0.6615636348724365,9.165207862854004
pit_b_224,30,ILSVRC2012_val_00032646.JPEG,final_high,7,0.31536805629730225,0.5636083483695984,0.6913304924964905,7.336943626403809
pit_b_224,31,ILSVRC2012_val_00032695.JPEG,final_high,7,0.06682948023080826,0.4776788651943207,0.6537328362464905,9.659454345703125
pit_b_224,32,ILSVRC2012_val_00032723.JPEG,final_high,7,-0.18480579555034637,0.5199766755104065,0.680913507938385,5.935234546661377
pit_b_224,33,ILSVRC2012_val_00032911.JPEG,final_high,7,-0.010787931270897388,0.5409157872200012,0.6829639673233032,8.553363800048828
pit_b_224,34,ILSVRC2012_val_00032926.JPEG,final_high,7,0.3195585608482361,0.5684072375297546,0.6887319684028625,7.395348072052002
pit_b_224,35,ILSVRC2012_val_00032950.JPEG,final_high,7,0.15448695421218872,0.5769797563552856,0.6703433990478516,5.759873390197754
pit_b_224,36,ILSVRC2012_val_00033014.JPEG,final_high,7,0.5749272108078003,0.6087481379508972,0.6840032935142517,5.702028274536133
pit_b_224,37,ILSVRC2012_val_00033018.JPEG,final_high,7,0.7828929424285889,0.5471121668815613,0.6913490891456604,7.121720790863037
pit_b_224,38,ILSVRC2012_val_00033076.JPEG,final_high,7,0.29741302132606506,0.5326289534568787,0.6668709516525269,8.196008682250977
pit_b_224,39,ILSVRC2012_val_00033149.JPEG,final_high,7,0.9449572563171387,0.6568655967712402,0.7120791673660278,3.958735704421997
pit_b_224,40,ILSVRC2012_val_00033150.JPEG,final_high,7,0.12033728510141373,0.5866537094116211,0.6889153718948364,5.610116481781006
pit_b_224,41,ILSVRC2012_val_00033171.JPEG,final_high,7,0.15839436650276184,0.5821162462234497,0.7047057747840881,6.412680625915527
pit_b_224,42,ILSVRC2012_val_00033207.JPEG,final_high,7,-0.08475641161203384,0.5687508583068848,0.6771969199180603,6.874107837677002
pit_b_224,43,ILSVRC2012_val_00033255.JPEG,final_high,7,0.35716813802719116,0.5023456811904907,0.6819120049476624,11.315485954284668
pit_b_224,44,ILSVRC2012_val_00033340.JPEG,final_high,7,0.15971556305885315,0.4914514720439911,0.6785697937011719,10.150525093078613
pit_b_224,45,ILSVRC2012_val_00033725.JPEG,final_high,7,0.34920746088027954,0.5683188438415527,0.6883958578109741,5.155144214630127
pit_b_224,46,ILSVRC2012_val_00033897.JPEG,final_high,7,0.073624387383461,0.4374171197414398,0.6770883202552795,13.430672645568848
pit_b_224,47,ILSVRC2012_val_00033960.JPEG,final_high,7,0.4999285340309143,0.5508214235305786,0.6880155205726624,6.993124961853027
pit_b_224,48,ILSVRC2012_val_00033997.JPEG,final_high,7,0.2470691204071045,0.5593175888061523,0.6825829744338989,6.8112969398498535
pit_b_224,49,ILSVRC2012_val_00034008.JPEG,final_high,7,0.3281422257423401,0.5739493370056152,0.6763150095939636,4.78528356552124
pit_b_224,50,ILSVRC2012_val_00034055.JPEG,final_high,7,0.08271008729934692,0.5553860664367676,0.6827958822250366,7.2365570068359375
pit_b_224,51,ILSVRC2012_val_00034168.JPEG,final_high,7,0.3225823640823364,0.5000259280204773,0.6783801317214966,8.178627967834473
pit_b_224,52,ILSVRC2012_val_00034182.JPEG,final_high,7,0.025752218440175056,0.5486462712287903,0.6714780926704407,6.71286153793335
pit_b_224,53,ILSVRC2012_val_00034217.JPEG,final_high,7,0.1680600941181183,0.5122150778770447,0.685308039188385,8.56646728515625
pit_b_224,54,ILSVRC2012_val_00034225.JPEG,final_high,7,0.19671770930290222,0.5545076727867126,0.6692286729812622,6.504906177520752
pit_b_224,55,ILSVRC2012_val_00034230.JPEG,final_high,7,0.1992487907409668,0.5538471341133118,0.6832871437072754,7.324435234069824
pit_b_224,56,ILSVRC2012_val_00034302.JPEG,final_high,7,0.048469703644514084,0.4497920572757721,0.6422774791717529,10.206685066223145
pit_b_224,57,ILSVRC2012_val_00034356.JPEG,final_high,7,-0.01699644699692726,0.4549153447151184,0.649849534034729,11.47300910949707
pit_b_224,58,ILSVRC2012_val_00034359.JPEG,final_high,7,0.28599247336387634,0.5404983162879944,0.6858733892440796,7.4965715408325195
pit_b_224,59,ILSVRC2012_val_00034391.JPEG,final_high,7,0.3427167534828186,0.5559694170951843,0.6766608357429504,6.609735488891602
pit_b_224,60,ILSVRC2012_val_00034406.JPEG,final_high,7,0.3995056450366974,0.5047373175621033,0.6731418967247009,9.158293724060059
pit_b_224,61,ILSVRC2012_val_00034438.JPEG,final_high,7,0.5794764161109924,0.5542696714401245,0.691214919090271,8.82961368560791
pit_b_224,62,ILSVRC2012_val_00034459.JPEG,final_high,7,0.3575184643268585,0.4714798033237457,0.6440921425819397,10.649367332458496
pit_b_224,63,ILSVRC2012_val_00034548.JPEG,final_high,7,-0.1487097144126892,0.6293492913246155,0.6656458973884583,5.233497619628906
pit_b_224,0,ILSVRC2012_val_00031361.JPEG,random,7,0.4991856813430786,0.592439591884613,0.7108445167541504,5.955697059631348
pit_b_224,1,ILSVRC2012_val_00031410.JPEG,random,7,0.30067795515060425,0.5349985361099243,0.6783515214920044,7.3812737464904785
pit_b_224,2,ILSVRC2012_val_00031472.JPEG,random,7,0.1700325310230255,0.445113867521286,0.6533777713775635,8.134060859680176
pit_b_224,3,ILSVRC2012_val_00031495.JPEG,random,7,0.48398223519325256,0.57368004322052,0.6627839803695679,6.084258556365967
pit_b_224,4,ILSVRC2012_val_00031548.JPEG,random,7,0.0477919802069664,0.4733385145664215,0.6681321859359741,8.80347728729248
pit_b_224,5,ILSVRC2012_val_00031586.JPEG,random,7,0.10164374858140945,0.4687986969947815,0.6683081984519958,12.66771125793457
pit_b_224,6,ILSVRC2012_val_00031588.JPEG,random,7,0.11714014410972595,0.4597013592720032,0.6736078858375549,11.335860252380371
pit_b_224,7,ILSVRC2012_val_00031593.JPEG,random,7,-0.11572176218032837,0.5236803889274597,0.6773108839988708,8.676621437072754
pit_b_224,8,ILSVRC2012_val_00031629.JPEG,random,7,0.154663547873497,0.5004487037658691,0.6684978604316711,9.395535469055176
pit_b_224,9,ILSVRC2012_val_00031647.JPEG,random,7,0.1876830756664276,0.5261813402175903,0.6796124577522278,8.135891914367676
pit_b_224,10,ILSVRC2012_val_00031670.JPEG,random,7,0.4248872697353363,0.5475117564201355,0.7004796266555786,7.747662544250488
pit_b_224,11,ILSVRC2012_val_00031686.JPEG,random,7,0.4030776023864746,0.5359821319580078,0.683742880821228,7.535703182220459
pit_b_224,12,ILSVRC2012_val_00031762.JPEG,random,7,0.48246270418167114,0.6550289988517761,0.7173123955726624,4.578573703765869
pit_b_224,13,ILSVRC2012_val_00031783.JPEG,random,7,0.7701044082641602,0.6325544118881226,0.7060224413871765,4.752481937408447
pit_b_224,14,ILSVRC2012_val_00031785.JPEG,random,7,0.3124881386756897,0.5096580386161804,0.6911352276802063,9.978075981140137
pit_b_224,15,ILSVRC2012_val_00031789.JPEG,random,7,0.6631860733032227,0.5761348605155945,0.6880676746368408,6.911677837371826
pit_b_224,16,ILSVRC2012_val_00031922.JPEG,random,7,0.01800708845257759,0.5293819308280945,0.6769524812698364,8.07887077331543
pit_b_224,17,ILSVRC2012_val_00031927.JPEG,random,7,0.3886839747428894,0.5216043591499329,0.6771926283836365,8.160185813903809
pit_b_224,18,ILSVRC2012_val_00032032.JPEG,random,7,0.49592649936676025,0.6268311142921448,0.7004673480987549,5.050718307495117
pit_b_224,19,ILSVRC2012_val_00032039.JPEG,random,7,0.44209861755371094,0.5635913014411926,0.6678853631019592,5.175477504730225
pit_b_224,20,ILSVRC2012_val_00032046.JPEG,random,7,0.6375947594642639,0.5898475050926208,0.7024284601211548,5.45930290222168
pit_b_224,21,ILSVRC2012_val_00032097.JPEG,random,7,0.4104260802268982,0.5830209255218506,0.6879643797874451,4.909140110015869
pit_b_224,22,ILSVRC2012_val_00032098.JPEG,random,7,0.3241952359676361,0.5791094899177551,0.6926342844963074,5.86846923828125
pit_b_224,23,ILSVRC2012_val_00032102.JPEG,random,7,0.07794558256864548,0.5395166277885437,0.6774826049804688,7.885068893432617
pit_b_224,24,ILSVRC2012_val_00032120.JPEG,random,7,0.27062591910362244,0.4779117703437805,0.6607733964920044,10.07921028137207
pit_b_224,25,ILSVRC2012_val_00032188.JPEG,random,7,0.38311171531677246,0.5405256748199463,0.7017000317573547,6.760304927825928
pit_b_224,26,ILSVRC2012_val_00032370.JPEG,random,7,-0.012510652653872967,0.5926536917686462,0.6913381814956665,5.639681816101074
pit_b_224,27,ILSVRC2012_val_00032435.JPEG,random,7,0.19831052422523499,0.4906003177165985,0.6659657955169678,8.871225357055664
pit_b_224,28,ILSVRC2012_val_00032552.JPEG,random,7,0.3599779009819031,0.5936324000358582,0.7072145938873291,5.286599159240723
pit_b_224,29,ILSVRC2012_val_00032623.JPEG,random,7,0.4805796146392822,0.5591682195663452,0.6736806631088257,8.54716682434082
pit_b_224,30,ILSVRC2012_val_00032646.JPEG,random,7,0.31291717290878296,0.617324709892273,0.690689742565155,4.490872859954834
pit_b_224,31,ILSVRC2012_val_00032695.JPEG,random,7,-0.08904704451560974,0.4640416204929352,0.6729123592376709,8.348499298095703
pit_b_224,32,ILSVRC2012_val_00032723.JPEG,random,7,0.05480286106467247,0.5214330554008484,0.6651397347450256,7.252818584442139
pit_b_224,33,ILSVRC2012_val_00032911.JPEG,random,7,0.1152433305978775,0.5249358415603638,0.6755145192146301,7.932575225830078
pit_b_224,34,ILSVRC2012_val_00032926.JPEG,random,7,0.36806464195251465,0.5225397944450378,0.6837777495384216,7.834907054901123
pit_b_224,35,ILSVRC2012_val_00032950.JPEG,random,7,0.1483154594898224,0.4951082170009613,0.675585925579071,10.156832695007324
pit_b_224,36,ILSVRC2012_val_00033014.JPEG,random,7,0.5309346318244934,0.5783199667930603,0.6779751777648926,6.078967571258545
pit_b_224,37,ILSVRC2012_val_00033018.JPEG,random,7,0.6017380952835083,0.5578005313873291,0.6906452775001526,8.375832557678223
pit_b_224,38,ILSVRC2012_val_00033076.JPEG,random,7,0.19097058475017548,0.5874528884887695,0.6766604781150818,6.380296230316162
pit_b_224,39,ILSVRC2012_val_00033149.JPEG,random,7,0.6558430194854736,0.6085813045501709,0.7033950686454773,6.506787300109863
pit_b_224,40,ILSVRC2012_val_00033150.JPEG,random,7,0.31393179297447205,0.5400835275650024,0.6815472841262817,6.4804863929748535
pit_b_224,41,ILSVRC2012_val_00033171.JPEG,random,7,0.6529695391654968,0.5680762529373169,0.6975529193878174,4.049123764038086
pit_b_224,42,ILSVRC2012_val_00033207.JPEG,random,7,0.21649441123008728,0.5730549693107605,0.6801146864891052,5.93538236618042
pit_b_224,43,ILSVRC2012_val_00033255.JPEG,random,7,0.19010883569717407,0.4398364722728729,0.6538670659065247,13.645873069763184
pit_b_224,44,ILSVRC2012_val_00033340.JPEG,random,7,0.4197310507297516,0.4843720495700836,0.6648590564727783,8.56200885772705
pit_b_224,45,ILSVRC2012_val_00033725.JPEG,random,7,0.37570059299468994,0.5873507857322693,0.6965933442115784,4.8691511154174805
pit_b_224,46,ILSVRC2012_val_00033897.JPEG,random,7,0.2162741720676422,0.5295540690422058,0.684920072555542,8.59047794342041
pit_b_224,47,ILSVRC2012_val_00033960.JPEG,random,7,0.021530162543058395,0.5248756408691406,0.677825391292572,7.916921138763428
pit_b_224,48,ILSVRC2012_val_00033997.JPEG,random,7,0.20662249624729156,0.512214183807373,0.6801445484161377,8.923551559448242
pit_b_224,49,ILSVRC2012_val_00034008.JPEG,random,7,0.5513992309570312,0.600917637348175,0.6937118172645569,5.583165645599365
pit_b_224,50,ILSVRC2012_val_00034055.JPEG,random,7,0.21036428213119507,0.5730104446411133,0.6867808699607849,6.741593360900879
pit_b_224,51,ILSVRC2012_val_00034168.JPEG,random,7,0.15779998898506165,0.573449969291687,0.6818309426307678,5.77473783493042
pit_b_224,52,ILSVRC2012_val_00034182.JPEG,random,7,0.09590816497802734,0.5146514773368835,0.6705549955368042,7.9932475090026855
pit_b_224,53,ILSVRC2012_val_00034217.JPEG,random,7,0.3168036937713623,0.5263921618461609,0.6902244091033936,8.859779357910156
pit_b_224,54,ILSVRC2012_val_00034225.JPEG,random,7,0.2214524745941162,0.5949277281761169,0.6830862164497375,6.452798366546631
pit_b_224,55,ILSVRC2012_val_00034230.JPEG,random,7,0.12928268313407898,0.5046741366386414,0.6706971526145935,9.23521900177002
pit_b_224,56,ILSVRC2012_val_00034302.JPEG,random,7,0.04781772568821907,0.3746926486492157,0.625752329826355,10.456372261047363
pit_b_224,57,ILSVRC2012_val_00034356.JPEG,random,7,0.11133799701929092,0.5017121434211731,0.6739254593849182,8.856499671936035
pit_b_224,58,ILSVRC2012_val_00034359.JPEG,random,7,0.0347871407866478,0.5194596648216248,0.6678498387336731,8.294840812683105
pit_b_224,59,ILSVRC2012_val_00034391.JPEG,random,7,0.3613159954547882,0.6217513680458069,0.6914045810699463,5.156312942504883
pit_b_224,60,ILSVRC2012_val_00034406.JPEG,random,7,0.2859600782394409,0.493011474609375,0.6661325693130493,9.647320747375488
pit_b_224,61,ILSVRC2012_val_00034438.JPEG,random,7,0.6225813031196594,0.6102455258369446,0.6989526748657227,7.302149772644043
pit_b_224,62,ILSVRC2012_val_00034459.JPEG,random,7,0.3391231298446655,0.518342137336731,0.6602721810340881,10.133136749267578
pit_b_224,63,ILSVRC2012_val_00034548.JPEG,random,7,0.04377393424510956,0.5440768599510193,0.6746638417243958,6.552090167999268
pit_b_224,0,ILSVRC2012_val_00031361.JPEG,uniform,49,0.2523096799850464,0.3899030387401581,0.6269182562828064,17.803524017333984
pit_b_224,1,ILSVRC2012_val_00031410.JPEG,uniform,49,0.05218974128365517,0.2747006416320801,0.5897181630134583,19.739116668701172
pit_b_224,2,ILSVRC2012_val_00031472.JPEG,uniform,49,0.01725003495812416,0.2762281894683838,0.5889468789100647,19.645233154296875
pit_b_224,3,ILSVRC2012_val_00031495.JPEG,uniform,49,0.10597296059131622,0.2739250361919403,0.5889157056808472,19.746591567993164
pit_b_224,4,ILSVRC2012_val_00031548.JPEG,uniform,49,0.03342197835445404,0.2510488033294678,0.5986530780792236,19.79841423034668
pit_b_224,5,ILSVRC2012_val_00031586.JPEG,uniform,49,0.12756796181201935,0.3099982738494873,0.6033538579940796,19.38963508605957
pit_b_224,6,ILSVRC2012_val_00031588.JPEG,uniform,49,0.14242036640644073,0.27738067507743835,0.6271770000457764,19.64882469177246
pit_b_224,7,ILSVRC2012_val_00031593.JPEG,uniform,49,0.0188836008310318,0.24866805970668793,0.6167656779289246,19.86412811279297
pit_b_224,8,ILSVRC2012_val_00031629.JPEG,uniform,49,0.017967522144317627,0.2523488700389862,0.5896500945091248,19.836606979370117
pit_b_224,9,ILSVRC2012_val_00031647.JPEG,uniform,49,0.03751976788043976,0.24938392639160156,0.6048423051834106,19.846431732177734
pit_b_224,10,ILSVRC2012_val_00031670.JPEG,uniform,49,0.1514468789100647,0.354421466588974,0.626062273979187,18.901836395263672
pit_b_224,11,ILSVRC2012_val_00031686.JPEG,uniform,49,0.06938625127077103,0.2725341022014618,0.6307337880134583,19.777563095092773
pit_b_224,12,ILSVRC2012_val_00031762.JPEG,uniform,49,0.46714746952056885,0.496591717004776,0.6416666507720947,15.235079765319824
pit_b_224,13,ILSVRC2012_val_00031783.JPEG,uniform,49,0.17266812920570374,0.3149103820323944,0.6114227771759033,19.133237838745117
pit_b_224,14,ILSVRC2012_val_00031785.JPEG,uniform,49,0.43292751908302307,0.3861791491508484,0.6389694809913635,18.07185935974121
pit_b_224,15,ILSVRC2012_val_00031789.JPEG,uniform,49,0.08423563838005066,0.2651068866252899,0.6239081621170044,19.591079711914062
pit_b_224,16,ILSVRC2012_val_00031922.JPEG,uniform,49,0.18788230419158936,0.29573941230773926,0.5967584252357483,19.47913932800293
pit_b_224,17,ILSVRC2012_val_00031927.JPEG,uniform,49,0.0406423844397068,0.2945590615272522,0.5993101000785828,19.552316665649414
pit_b_224,18,ILSVRC2012_val_00032032.JPEG,uniform,49,0.2647656202316284,0.4611680209636688,0.6120668649673462,16.419443130493164
pit_b_224,19,ILSVRC2012_val_00032039.JPEG,uniform,49,0.012264017015695572,0.2792627513408661,0.585622251033783,19.746212005615234
pit_b_224,20,ILSVRC2012_val_00032046.JPEG,uniform,49,0.2517504096031189,0.3403511941432953,0.611284613609314,19.005359649658203
pit_b_224,21,ILSVRC2012_val_00032097.JPEG,uniform,49,0.036267928779125214,0.27199798822402954,0.5979329347610474,19.762441635131836
pit_b_224,22,ILSVRC2012_val_00032098.JPEG,uniform,49,0.07598565518856049,0.2647034227848053,0.5867429971694946,19.779638290405273
pit_b_224,23,ILSVRC2012_val_00032102.JPEG,uniform,49,0.09339693188667297,0.30467626452445984,0.5987257957458496,19.480955123901367
pit_b_224,24,ILSVRC2012_val_00032120.JPEG,uniform,49,0.3031742572784424,0.3255663812160492,0.5941346287727356,19.061052322387695
pit_b_224,25,ILSVRC2012_val_00032188.JPEG,uniform,49,0.3516733646392822,0.34474465250968933,0.6227455735206604,18.66700553894043
pit_b_224,26,ILSVRC2012_val_00032370.JPEG,uniform,49,0.05141893029212952,0.27707186341285706,0.5938283801078796,19.708969116210938
pit_b_224,27,ILSVRC2012_val_00032435.JPEG,uniform,49,0.10128609836101532,0.25215351581573486,0.5887582302093506,19.79250717163086
pit_b_224,28,ILSVRC2012_val_00032552.JPEG,uniform,49,0.22122010588645935,0.37270987033843994,0.6456894874572754,18.127038955688477
pit_b_224,29,ILSVRC2012_val_00032623.JPEG,uniform,49,0.3841538429260254,0.4114477336406708,0.6305810213088989,17.18691062927246
pit_b_224,30,ILSVRC2012_val_00032646.JPEG,uniform,49,0.19515135884284973,0.43077802658081055,0.6388429403305054,16.92940330505371
pit_b_224,31,ILSVRC2012_val_00032695.JPEG,uniform,49,0.015285681001842022,0.25569531321525574,0.6062503457069397,19.78022575378418
pit_b_224,32,ILSVRC2012_val_00032723.JPEG,uniform,49,-0.0033851901534944773,0.2382013350725174,0.5923638939857483,19.93097686767578
pit_b_224,33,ILSVRC2012_val_00032911.JPEG,uniform,49,0.052040886133909225,0.28922539949417114,0.6034607887268066,19.582313537597656
pit_b_224,34,ILSVRC2012_val_00032926.JPEG,uniform,49,0.11237689852714539,0.2584134340286255,0.5955134630203247,19.79045867919922
pit_b_224,35,ILSVRC2012_val_00032950.JPEG,uniform,49,0.0708237886428833,0.27602672576904297,0.6014953851699829,19.612945556640625
pit_b_224,36,ILSVRC2012_val_00033014.JPEG,uniform,49,0.3643816113471985,0.3786003589630127,0.6116340756416321,17.788433074951172
pit_b_224,37,ILSVRC2012_val_00033018.JPEG,uniform,49,0.4236067831516266,0.4088098704814911,0.6202257871627808,17.263582229614258
pit_b_224,38,ILSVRC2012_val_00033076.JPEG,uniform,49,0.16305190324783325,0.28421133756637573,0.6151798963546753,19.485307693481445
pit_b_224,39,ILSVRC2012_val_00033149.JPEG,uniform,49,0.3928658366203308,0.39572057127952576,0.6219334602355957,16.68758201599121
pit_b_224,40,ILSVRC2012_val_00033150.JPEG,uniform,49,0.006737255025655031,0.2242821753025055,0.5837740898132324,19.954458236694336
pit_b_224,41,ILSVRC2012_val_00033171.JPEG,uniform,49,0.11248128116130829,0.3394140601158142,0.613357663154602,18.978059768676758
pit_b_224,42,ILSVRC2012_val_00033207.JPEG,uniform,49,0.042535968124866486,0.24808895587921143,0.5752221941947937,19.839496612548828
pit_b_224,43,ILSVRC2012_val_00033255.JPEG,uniform,49,0.31396356225013733,0.36679813265800476,0.6128700375556946,18.32633399963379
pit_b_224,44,ILSVRC2012_val_00033340.JPEG,uniform,49,0.2548055052757263,0.2835354804992676,0.6076427698135376,19.543987274169922
pit_b_224,45,ILSVRC2012_val_00033725.JPEG,uniform,49,0.06194247305393219,0.2840968072414398,0.5849204063415527,19.575336456298828
pit_b_224,46,ILSVRC2012_val_00033897.JPEG,uniform,49,0.02566787786781788,0.27091288566589355,0.6018863320350647,19.786401748657227
pit_b_224,47,ILSVRC2012_val_00033960.JPEG,uniform,49,0.0821230486035347,0.26798897981643677,0.607082724571228,19.708086013793945
pit_b_224,48,ILSVRC2012_val_00033997.JPEG,uniform,49,0.12508586049079895,0.25362518429756165,0.6084007620811462,19.766380310058594
pit_b_224,49,ILSVRC2012_val_00034008.JPEG,uniform,49,0.22440551221370697,0.36458420753479004,0.6072501540184021,18.05889892578125
pit_b_224,50,ILSVRC2012_val_00034055.JPEG,uniform,49,0.08811303973197937,0.28237900137901306,0.6044334173202515,19.565523147583008
pit_b_224,51,ILSVRC2012_val_00034168.JPEG,uniform,49,0.012948906980454922,0.23849406838417053,0.596062183380127,19.918323516845703
pit_b_224,52,ILSVRC2012_val_00034182.JPEG,uniform,49,0.018035247921943665,0.2244904488325119,0.5845879316329956,19.94329071044922
pit_b_224,53,ILSVRC2012_val_00034217.JPEG,uniform,49,0.14510813355445862,0.33581647276878357,0.6173177361488342,18.951780319213867
pit_b_224,54,ILSVRC2012_val_00034225.JPEG,uniform,49,0.09435993432998657,0.2507275342941284,0.6028792262077332,19.773780822753906
pit_b_224,55,ILSVRC2012_val_00034230.JPEG,uniform,49,-0.009174099192023277,0.21196408569812775,0.5915042161941528,19.974515914916992
pit_b_224,56,ILSVRC2012_val_00034302.JPEG,uniform,49,0.017107725143432617,0.2610011398792267,0.585055947303772,19.839506149291992
pit_b_224,57,ILSVRC2012_val_00034356.JPEG,uniform,49,0.08431774377822876,0.2796739637851715,0.6053225994110107,19.535625457763672
pit_b_224,58,ILSVRC2012_val_00034359.JPEG,uniform,49,0.04494301974773407,0.2748391330242157,0.5895680785179138,19.664491653442383
pit_b_224,59,ILSVRC2012_val_00034391.JPEG,uniform,49,0.1385817527770996,0.3340964913368225,0.6019152402877808,18.678668975830078
pit_b_224,60,ILSVRC2012_val_00034406.JPEG,uniform,49,0.13904321193695068,0.2756534218788147,0.6167619824409485,19.526521682739258
pit_b_224,61,ILSVRC2012_val_00034438.JPEG,uniform,49,0.3971090316772461,0.45122241973876953,0.6002547740936279,14.322813034057617
pit_b_224,62,ILSVRC2012_val_00034459.JPEG,uniform,49,0.04607768356800079,0.27005910873413086,0.5889027118682861,19.62025260925293
pit_b_224,63,ILSVRC2012_val_00034548.JPEG,uniform,49,0.04543779790401459,0.25441500544548035,0.5908429026603699,19.860103607177734
