source_model,sample_index,image_name,layer,condition,global_polarity,global_mode,grid_h,grid_w,drop_count,drop_ratio,global_cosine_clean_masked,kept_token_cosine_clean_masked,score_map_spearman_clean_masked,clean_route_gradient_cosine,view_cosine_to_raw_mean,view_sign_agreement,view_effective_rank
cait_s24_224,0,ILSVRC2012_val_00024479.JPEG,block24_gap,selected,high,gap,14,14,29,0.14795918762683868,0.9930272698402405,0.8803050518035889,0.8439257740974426,0.018432140350341797,0.23453250527381897,0.4857245683670044,19.918004989624023
cait_s24_224,1,ILSVRC2012_val_00024540.JPEG,block24_gap,selected,high,gap,14,14,29,0.14795918762683868,0.976882815361023,0.887103796005249,0.7996302843093872,0.017208851873874664,0.20859365165233612,0.4801711440086365,19.922222137451172
cait_s24_224,2,ILSVRC2012_val_00024550.JPEG,block24_gap,selected,high,gap,14,14,29,0.14795918762683868,0.9870144724845886,0.9194896817207336,0.679431676864624,0.04315531253814697,0.21703200042247772,0.4702450633049011,19.29390525817871
cait_s24_224,3,ILSVRC2012_val_00024609.JPEG,block24_gap,selected,high,gap,14,14,29,0.14795918762683868,0.9771333932876587,0.921042263507843,0.6874228119850159,0.10462415218353271,0.2730664908885956,0.500286340713501,19.52737808227539
cait_s24_224,4,ILSVRC2012_val_00024637.JPEG,block24_gap,selected,high,gap,14,14,29,0.14795918762683868,0.9850726127624512,0.9164756536483765,0.7875877618789673,0.2700573205947876,0.44119545817375183,0.518301248550415,16.038043975830078
cait_s24_224,5,ILSVRC2012_val_00024710.JPEG,block24_gap,selected,high,gap,14,14,29,0.14795918762683868,0.9860731959342957,0.9227574467658997,0.5803823471069336,-0.01653517782688141,0.20899419486522675,0.4726177155971527,19.966583251953125
cait_s24_224,6,ILSVRC2012_val_00024753.JPEG,block24_gap,selected,high,gap,14,14,29,0.14795918762683868,0.9654115438461304,0.8017662167549133,0.7630820274353027,0.016459401696920395,0.2072135955095291,0.4756816029548645,19.868921279907227
cait_s24_224,7,ILSVRC2012_val_00024781.JPEG,block24_gap,selected,high,gap,14,14,29,0.14795918762683868,0.9911783933639526,0.9271900653839111,0.8146132230758667,-0.00945102609694004,0.27564725279808044,0.4859972894191742,19.5875244140625
cait_s24_224,8,ILSVRC2012_val_00024926.JPEG,block24_gap,selected,high,gap,14,14,29,0.14795918762683868,0.9908906817436218,0.9057812094688416,0.8124058842658997,0.012617837637662888,0.2695668935775757,0.485253244638443,19.73688316345215
cait_s24_224,9,ILSVRC2012_val_00025075.JPEG,block24_gap,selected,high,gap,14,14,29,0.14795918762683868,0.9940525889396667,0.9056376218795776,0.6518913507461548,0.0016251601045951247,0.23590277135372162,0.4796513020992279,19.960071563720703
cait_s24_224,10,ILSVRC2012_val_00025315.JPEG,block24_gap,selected,high,gap,14,14,29,0.14795918762683868,0.9819748401641846,0.8749269247055054,0.6082668304443359,0.008782886900007725,0.18010543286800385,0.4633915424346924,19.895858764648438
cait_s24_224,11,ILSVRC2012_val_00025390.JPEG,block24_gap,selected,high,gap,14,14,29,0.14795918762683868,0.9860101342201233,0.8670175671577454,0.7506681680679321,0.020257510244846344,0.2719004154205322,0.48153167963027954,18.708036422729492
cait_s24_224,12,ILSVRC2012_val_00025402.JPEG,block24_gap,selected,high,gap,14,14,29,0.14795918762683868,0.9906970262527466,0.892631471157074,0.6450127363204956,0.01875477097928524,0.2225017100572586,0.48511606454849243,19.76548194885254
cait_s24_224,13,ILSVRC2012_val_00025408.JPEG,block24_gap,selected,high,gap,14,14,29,0.14795918762683868,0.9877590537071228,0.9345473051071167,0.6633967757225037,0.0036160640884190798,0.24661126732826233,0.47239449620246887,19.723081588745117
cait_s24_224,14,ILSVRC2012_val_00025416.JPEG,block24_gap,selected,high,gap,14,14,29,0.14795918762683868,0.9873564839363098,0.91021329164505,0.9134665131568909,0.005100730340927839,0.23845453560352325,0.48434343934059143,19.92473602294922
cait_s24_224,15,ILSVRC2012_val_00025440.JPEG,block24_gap,selected,high,gap,14,14,29,0.14795918762683868,0.9920158386230469,0.9131425023078918,0.5054180026054382,0.03977236896753311,0.26785627007484436,0.4883735775947571,19.766706466674805
cait_s24_224,16,ILSVRC2012_val_00025446.JPEG,block24_gap,selected,high,gap,14,14,29,0.14795918762683868,0.9773504734039307,0.8911065459251404,0.30005818605422974,0.0213322676718235,0.2046288698911667,0.47856512665748596,19.893083572387695
cait_s24_224,17,ILSVRC2012_val_00025563.JPEG,block24_gap,selected,high,gap,14,14,29,0.14795918762683868,0.9847630262374878,0.865161120891571,0.7479842901229858,0.02295590564608574,0.22825045883655548,0.48225778341293335,19.54339599609375
cait_s24_224,18,ILSVRC2012_val_00025800.JPEG,block24_gap,selected,high,gap,14,14,29,0.14795918762683868,0.9830583333969116,0.9157044887542725,0.8299834728240967,0.0013557188212871552,0.15057198703289032,0.4546615779399872,19.594039916992188
cait_s24_224,19,ILSVRC2012_val_00025844.JPEG,block24_gap,selected,high,gap,14,14,29,0.14795918762683868,0.9923755526542664,0.8800598978996277,0.5908725261688232,0.017270106822252274,0.21500597894191742,0.4840072989463806,19.953691482543945
cait_s24_224,20,ILSVRC2012_val_00025851.JPEG,block24_gap,selected,high,gap,14,14,29,0.14795918762683868,0.9878280758857727,0.9060754776000977,0.8404608964920044,0.029505357146263123,0.24824464321136475,0.4854050278663635,19.647428512573242
cait_s24_224,21,ILSVRC2012_val_00025907.JPEG,block24_gap,selected,high,gap,14,14,29,0.14795918762683868,0.9540051221847534,0.8857248425483704,0.6494098901748657,0.031106526032090187,0.25301381945610046,0.4883516728878021,19.513219833374023
cait_s24_224,22,ILSVRC2012_val_00025989.JPEG,block24_gap,selected,high,gap,14,14,29,0.14795918762683868,0.9912645220756531,0.879396915435791,0.5094486474990845,0.005558882374316454,0.18756838142871857,0.4716119170188904,19.604604721069336
cait_s24_224,23,ILSVRC2012_val_00026068.JPEG,block24_gap,selected,high,gap,14,14,29,0.14795918762683868,0.9906961917877197,0.8781052827835083,0.7088924646377563,-0.010095600038766861,0.20771856606006622,0.4792178273200989,19.943370819091797
cait_s24_224,24,ILSVRC2012_val_00026088.JPEG,block24_gap,selected,high,gap,14,14,29,0.14795918762683868,0.9861694574356079,0.9086499214172363,0.6853779554367065,0.02369711548089981,0.1980498731136322,0.46696561574935913,19.98020362854004
cait_s24_224,25,ILSVRC2012_val_00026113.JPEG,block24_gap,selected,high,gap,14,14,29,0.14795918762683868,0.9660985469818115,0.9122581481933594,0.6015651226043701,0.17683075368404388,0.3202674090862274,0.5139256715774536,18.722349166870117
cait_s24_224,26,ILSVRC2012_val_00026139.JPEG,block24_gap,selected,high,gap,14,14,29,0.14795918762683868,0.9903064966201782,0.8815597891807556,0.7182477712631226,0.021211879327893257,0.22484278678894043,0.4710681736469269,19.950565338134766
cait_s24_224,27,ILSVRC2012_val_00026145.JPEG,block24_gap,selected,high,gap,14,14,29,0.14795918762683868,0.9850884079933167,0.8911953568458557,0.8018137216567993,0.0439143180847168,0.27473899722099304,0.4948032796382904,19.215167999267578
cait_s24_224,28,ILSVRC2012_val_00026189.JPEG,block24_gap,selected,high,gap,14,14,29,0.14795918762683868,0.9791865944862366,0.9126884937286377,0.6806668043136597,-0.004139201249927282,0.22029128670692444,0.48633211851119995,19.89845085144043
cait_s24_224,29,ILSVRC2012_val_00026202.JPEG,block24_gap,selected,high,gap,14,14,29,0.14795918762683868,0.9793366193771362,0.8681292533874512,0.8160429000854492,0.017368152737617493,0.21198788285255432,0.49710750579833984,19.221174240112305
cait_s24_224,30,ILSVRC2012_val_00026226.JPEG,block24_gap,selected,high,gap,14,14,29,0.14795918762683868,0.9792746305465698,0.8213096261024475,0.7041095495223999,0.010777901858091354,0.24028615653514862,0.47996652126312256,19.555965423583984
cait_s24_224,31,ILSVRC2012_val_00026280.JPEG,block24_gap,selected,high,gap,14,14,29,0.14795918762683868,0.9868936538696289,0.8601893186569214,0.7435886859893799,0.041030220687389374,0.31743428111076355,0.48354989290237427,18.38553810119629
cait_s24_224,32,ILSVRC2012_val_00026315.JPEG,block24_gap,selected,high,gap,14,14,29,0.14795918762683868,0.9891451597213745,0.9084577560424805,0.8210106492042542,0.023669663816690445,0.2735956311225891,0.48261719942092896,19.525190353393555
cait_s24_224,33,ILSVRC2012_val_00026328.JPEG,block24_gap,selected,high,gap,14,14,29,0.14795918762683868,0.9817225933074951,0.8969975113868713,0.7457658052444458,-0.011654365807771683,0.3178662955760956,0.4944319427013397,18.973798751831055
cait_s24_224,34,ILSVRC2012_val_00026332.JPEG,block24_gap,selected,high,gap,14,14,29,0.14795918762683868,0.9931887984275818,0.934208333492279,0.7581939697265625,0.05092334747314453,0.273758202791214,0.4783967137336731,19.332242965698242
cait_s24_224,35,ILSVRC2012_val_00026390.JPEG,block24_gap,selected,high,gap,14,14,29,0.14795918762683868,0.9878053665161133,0.9053463339805603,0.7861055731773376,0.0069577936083078384,0.14324745535850525,0.4644621014595032,19.38944435119629
cait_s24_224,36,ILSVRC2012_val_00026397.JPEG,block24_gap,selected,high,gap,14,14,29,0.14795918762683868,0.990369975566864,0.8826470971107483,0.45784252882003784,-0.03082573041319847,0.19437815248966217,0.4637017846107483,19.95499038696289
cait_s24_224,37,ILSVRC2012_val_00026436.JPEG,block24_gap,selected,high,gap,14,14,29,0.14795918762683868,0.9890693426132202,0.8687124848365784,0.8989393711090088,0.03656746819615364,0.27844032645225525,0.47980377078056335,18.964399337768555
cait_s24_224,38,ILSVRC2012_val_00026490.JPEG,block24_gap,selected,high,gap,14,14,29,0.14795918762683868,0.9944008588790894,0.9206535816192627,0.8166421055793762,0.01719643920660019,0.3162739872932434,0.4780897796154022,19.100252151489258
cait_s24_224,39,ILSVRC2012_val_00026510.JPEG,block24_gap,selected,high,gap,14,14,29,0.14795918762683868,0.9569465517997742,0.8823961019515991,0.3982197642326355,0.012574494816362858,0.1227232962846756,0.4702434241771698,19.727153778076172
cait_s24_224,40,ILSVRC2012_val_00026559.JPEG,block24_gap,selected,high,gap,14,14,29,0.14795918762683868,0.9683642387390137,0.9134998321533203,0.7110264301300049,0.001340591348707676,0.20184414088726044,0.4693395793437958,19.905324935913086
cait_s24_224,41,ILSVRC2012_val_00026627.JPEG,block24_gap,selected,high,gap,14,14,29,0.14795918762683868,0.9819064140319824,0.905685305595398,0.8573915362358093,0.0940394252538681,0.24737249314785004,0.48526719212532043,19.477291107177734
cait_s24_224,42,ILSVRC2012_val_00026692.JPEG,block24_gap,selected,high,gap,14,14,29,0.14795918762683868,0.9882329702377319,0.918608546257019,0.8020480275154114,0.2506430149078369,0.35987958312034607,0.4916945695877075,17.867206573486328
cait_s24_224,43,ILSVRC2012_val_00026737.JPEG,block24_gap,selected,high,gap,14,14,29,0.14795918762683868,0.9892937541007996,0.8557130694389343,0.7280956506729126,0.05870286375284195,0.2456437647342682,0.48006683588027954,19.861915588378906
cait_s24_224,44,ILSVRC2012_val_00026743.JPEG,block24_gap,selected,high,gap,14,14,29,0.14795918762683868,0.9856424927711487,0.8879978656768799,0.740476131439209,-0.0034992601722478867,0.15430720150470734,0.4671858251094818,19.72187614440918
cait_s24_224,45,ILSVRC2012_val_00026754.JPEG,block24_gap,selected,high,gap,14,14,29,0.14795918762683868,0.976557731628418,0.8907172679901123,0.8174517154693604,0.028537362813949585,0.2494155466556549,0.502703845500946,19.807741165161133
cait_s24_224,46,ILSVRC2012_val_00026803.JPEG,block24_gap,selected,high,gap,14,14,29,0.14795918762683868,0.9826171398162842,0.8916807174682617,0.7406721115112305,0.05292574316263199,0.2904872000217438,0.4986557364463806,19.55364990234375
cait_s24_224,47,ILSVRC2012_val_00026901.JPEG,block24_gap,selected,high,gap,14,14,29,0.14795918762683868,0.9657242298126221,0.8716850876808167,0.6984325647354126,0.10219299793243408,0.34980008006095886,0.4818761348724365,17.329378128051758
cait_s24_224,48,ILSVRC2012_val_00026916.JPEG,block24_gap,selected,high,gap,14,14,29,0.14795918762683868,0.9408503174781799,0.9272063374519348,0.8456119298934937,0.0013447969686239958,0.16774757206439972,0.4623863995075226,19.83405303955078
cait_s24_224,49,ILSVRC2012_val_00026925.JPEG,block24_gap,selected,high,gap,14,14,29,0.14795918762683868,0.9795362949371338,0.9032476544380188,0.7743691205978394,0.007299688644707203,0.15000717341899872,0.4607953429222107,19.842241287231445
cait_s24_224,50,ILSVRC2012_val_00026972.JPEG,block24_gap,selected,high,gap,14,14,29,0.14795918762683868,0.9859836101531982,0.913866400718689,0.617005467414856,0.01334733609110117,0.2707913815975189,0.4918809235095978,19.494234085083008
cait_s24_224,51,ILSVRC2012_val_00027124.JPEG,block24_gap,selected,high,gap,14,14,29,0.14795918762683868,0.989605724811554,0.9326974153518677,0.870436429977417,0.030848655849695206,0.2414781153202057,0.48891568183898926,18.953935623168945
cait_s24_224,52,ILSVRC2012_val_00027141.JPEG,block24_gap,selected,high,gap,14,14,29,0.14795918762683868,0.9911388754844666,0.9040945768356323,0.848759651184082,0.02432672679424286,0.26924368739128113,0.48696720600128174,19.666658401489258
cait_s24_224,53,ILSVRC2012_val_00027148.JPEG,block24_gap,selected,high,gap,14,14,29,0.14795918762683868,0.993152379989624,0.9128495454788208,0.5310330390930176,0.0009868581546470523,0.14470748603343964,0.4641953706741333,19.82122802734375
cait_s24_224,54,ILSVRC2012_val_00027201.JPEG,block24_gap,selected,high,gap,14,14,29,0.14795918762683868,0.9894905686378479,0.9101070761680603,0.8698993921279907,0.010575663298368454,0.2215743362903595,0.48698845505714417,19.940513610839844
cait_s24_224,55,ILSVRC2012_val_00027287.JPEG,block24_gap,selected,high,gap,14,14,29,0.14795918762683868,0.9876077771186829,0.9064106345176697,0.8075942993164062,-0.007565463427454233,0.21276640892028809,0.4762217104434967,19.78815269470215
cait_s24_224,56,ILSVRC2012_val_00027348.JPEG,block24_gap,selected,high,gap,14,14,29,0.14795918762683868,0.9872901439666748,0.914739191532135,0.802476704120636,0.009692804887890816,0.27925872802734375,0.48737677931785583,18.848878860473633
cait_s24_224,57,ILSVRC2012_val_00027385.JPEG,block24_gap,selected,high,gap,14,14,29,0.14795918762683868,0.9779253005981445,0.9198286533355713,0.7641466856002808,0.022387858480215073,0.28135812282562256,0.4932122230529785,18.98301124572754
cait_s24_224,58,ILSVRC2012_val_00027498.JPEG,block24_gap,selected,high,gap,14,14,29,0.14795918762683868,0.9942030906677246,0.9186596274375916,0.7247376441955566,0.02720758505165577,0.2399112731218338,0.4878697097301483,19.551210403442383
cait_s24_224,59,ILSVRC2012_val_00027530.JPEG,block24_gap,selected,high,gap,14,14,29,0.14795918762683868,0.9878906607627869,0.8911163806915283,0.6764465570449829,0.06106174737215042,0.22359152138233185,0.4762735068798065,19.87358283996582
cait_s24_224,60,ILSVRC2012_val_00027633.JPEG,block24_gap,selected,high,gap,14,14,29,0.14795918762683868,0.989328145980835,0.9371986389160156,0.6731634140014648,0.007188121788203716,0.26400527358055115,0.48009607195854187,18.98452377319336
cait_s24_224,61,ILSVRC2012_val_00027636.JPEG,block24_gap,selected,high,gap,14,14,29,0.14795918762683868,0.9682154655456543,0.8510274291038513,0.6830686330795288,0.015236501581966877,0.21904435753822327,0.47345876693725586,19.66753578186035
cait_s24_224,62,ILSVRC2012_val_00027657.JPEG,block24_gap,selected,high,gap,14,14,29,0.14795918762683868,0.9897224307060242,0.875900387763977,0.7126871943473816,0.020075280219316483,0.40897637605667114,0.503724217414856,16.490739822387695
cait_s24_224,63,ILSVRC2012_val_00027790.JPEG,block24_gap,selected,high,gap,14,14,29,0.14795918762683868,0.9799004793167114,0.896490752696991,0.6215859651565552,0.21716764569282532,0.34112221002578735,0.4977087378501892,18.9678955078125
cait_s24_224,0,ILSVRC2012_val_00024479.JPEG,block24_gap,opposite,high,gap,14,14,29,0.14795918762683868,0.9754825234413147,0.8371439576148987,0.8047159910202026,0.006374526768922806,0.2367289513349533,0.48261916637420654,19.92690086364746
cait_s24_224,1,ILSVRC2012_val_00024540.JPEG,block24_gap,opposite,high,gap,14,14,29,0.14795918762683868,0.9675633311271667,0.8533340096473694,0.6935715675354004,-0.0018480555154383183,0.21037469804286957,0.4753570854663849,19.967876434326172
cait_s24_224,2,ILSVRC2012_val_00024550.JPEG,block24_gap,opposite,high,gap,14,14,29,0.14795918762683868,0.9860491752624512,0.8749052286148071,0.6881814002990723,0.03393775597214699,0.231343612074852,0.47620075941085815,19.184534072875977
cait_s24_224,3,ILSVRC2012_val_00024609.JPEG,block24_gap,opposite,high,gap,14,14,29,0.14795918762683868,0.9829303026199341,0.9029690623283386,0.9121676087379456,0.08669446408748627,0.2558983266353607,0.5120319724082947,18.98313331604004
cait_s24_224,4,ILSVRC2012_val_00024637.JPEG,block24_gap,opposite,high,gap,14,14,29,0.14795918762683868,0.9841650724411011,0.8954364657402039,0.8401468992233276,0.18892572820186615,0.2826172709465027,0.4879510700702667,19.028196334838867
cait_s24_224,5,ILSVRC2012_val_00024710.JPEG,block24_gap,opposite,high,gap,14,14,29,0.14795918762683868,0.9916714429855347,0.91452556848526,0.8590123653411865,0.004755840636789799,0.20302748680114746,0.47286784648895264,19.940637588500977
cait_s24_224,6,ILSVRC2012_val_00024753.JPEG,block24_gap,opposite,high,gap,14,14,29,0.14795918762683868,0.9787487983703613,0.825566828250885,0.7658121585845947,0.027462787926197052,0.2559100091457367,0.5003886222839355,19.776756286621094
cait_s24_224,7,ILSVRC2012_val_00024781.JPEG,block24_gap,opposite,high,gap,14,14,29,0.14795918762683868,0.9906861782073975,0.9228858351707458,0.9006701707839966,0.02093682996928692,0.2834908962249756,0.4918520152568817,19.606985092163086
cait_s24_224,8,ILSVRC2012_val_00024926.JPEG,block24_gap,opposite,high,gap,14,14,29,0.14795918762683868,0.9888235926628113,0.8849149346351624,0.8193849921226501,0.06353004276752472,0.2699091136455536,0.4965249001979828,19.648691177368164
cait_s24_224,9,ILSVRC2012_val_00025075.JPEG,block24_gap,opposite,high,gap,14,14,29,0.14795918762683868,0.9858661890029907,0.8432910442352295,0.5235662460327148,0.004311213735491037,0.21567097306251526,0.47277018427848816,19.958158493041992
cait_s24_224,10,ILSVRC2012_val_00025315.JPEG,block24_gap,opposite,high,gap,14,14,29,0.14795918762683868,0.988946795463562,0.8729467391967773,0.6884173154830933,0.009206176735460758,0.19155381619930267,0.45930391550064087,19.695037841796875
cait_s24_224,11,ILSVRC2012_val_00025390.JPEG,block24_gap,opposite,high,gap,14,14,29,0.14795918762683868,0.9852213859558105,0.8435874581336975,0.6296137571334839,0.02250043861567974,0.26787981390953064,0.4745738208293915,19.285736083984375
cait_s24_224,12,ILSVRC2012_val_00025402.JPEG,block24_gap,opposite,high,gap,14,14,29,0.14795918762683868,0.9897090196609497,0.901982307434082,0.8875263929367065,0.0065558962523937225,0.20874004065990448,0.4880191683769226,19.927623748779297
cait_s24_224,13,ILSVRC2012_val_00025408.JPEG,block24_gap,opposite,high,gap,14,14,29,0.14795918762683868,0.9950296878814697,0.9226198196411133,0.8882021307945251,0.001291695050895214,0.2172257900238037,0.4688018262386322,19.661394119262695
cait_s24_224,14,ILSVRC2012_val_00025416.JPEG,block24_gap,opposite,high,gap,14,14,29,0.14795918762683868,0.984932541847229,0.866812527179718,0.7293086051940918,0.007422714959830046,0.19577789306640625,0.4628341495990753,19.773908615112305
cait_s24_224,15,ILSVRC2012_val_00025440.JPEG,block24_gap,opposite,high,gap,14,14,29,0.14795918762683868,0.9920203685760498,0.960207462310791,0.9018670916557312,0.020761165767908096,0.2801131308078766,0.49155139923095703,19.675823211669922
cait_s24_224,16,ILSVRC2012_val_00025446.JPEG,block24_gap,opposite,high,gap,14,14,29,0.14795918762683868,0.9863643050193787,0.907351553440094,0.8303612470626831,-0.019067324697971344,0.14730915427207947,0.4747910797595978,19.900503158569336
cait_s24_224,17,ILSVRC2012_val_00025563.JPEG,block24_gap,opposite,high,gap,14,14,29,0.14795918762683868,0.986407995223999,0.8805540800094604,0.5437480807304382,0.04541165381669998,0.32820925116539,0.5015581846237183,18.971364974975586
cait_s24_224,18,ILSVRC2012_val_00025800.JPEG,block24_gap,opposite,high,gap,14,14,29,0.14795918762683868,0.9916521906852722,0.9037408232688904,0.7821036577224731,0.0004613976925611496,0.23231516778469086,0.4891103208065033,19.482566833496094
cait_s24_224,19,ILSVRC2012_val_00025844.JPEG,block24_gap,opposite,high,gap,14,14,29,0.14795918762683868,0.9873858690261841,0.8597626090049744,0.7406466007232666,0.02902311272919178,0.22411350905895233,0.48721399903297424,19.97269058227539
cait_s24_224,20,ILSVRC2012_val_00025851.JPEG,block24_gap,opposite,high,gap,14,14,29,0.14795918762683868,0.9921737313270569,0.8959782123565674,0.8816103339195251,-0.005384325981140137,0.212738037109375,0.49040377140045166,19.901561737060547
cait_s24_224,21,ILSVRC2012_val_00025907.JPEG,block24_gap,opposite,high,gap,14,14,29,0.14795918762683868,0.9300288558006287,0.873140275478363,0.3501852750778198,0.04515989124774933,0.2720641791820526,0.4961894154548645,19.56792640686035
cait_s24_224,22,ILSVRC2012_val_00025989.JPEG,block24_gap,opposite,high,gap,14,14,29,0.14795918762683868,0.9831470847129822,0.8973984122276306,0.8305971026420593,0.001909529441036284,0.20753048360347748,0.4730149805545807,19.680505752563477
cait_s24_224,23,ILSVRC2012_val_00026068.JPEG,block24_gap,opposite,high,gap,14,14,29,0.14795918762683868,0.990925669670105,0.8390774130821228,0.49364328384399414,0.002763744443655014,0.2138601839542389,0.47478973865509033,19.96689796447754
cait_s24_224,24,ILSVRC2012_val_00026088.JPEG,block24_gap,opposite,high,gap,14,14,29,0.14795918762683868,0.9899846911430359,0.9247153997421265,0.8692188262939453,-0.005612290930002928,0.13208641111850739,0.45746639370918274,19.945316314697266
cait_s24_224,25,ILSVRC2012_val_00026113.JPEG,block24_gap,opposite,high,gap,14,14,29,0.14795918762683868,0.962959885597229,0.9068577289581299,0.8237343430519104,0.1391126960515976,0.30035197734832764,0.5133533477783203,18.476974487304688
cait_s24_224,26,ILSVRC2012_val_00026139.JPEG,block24_gap,opposite,high,gap,14,14,29,0.14795918762683868,0.98720782995224,0.8367285132408142,0.7010941505432129,0.010038723237812519,0.1074921116232872,0.44430968165397644,19.895580291748047
cait_s24_224,27,ILSVRC2012_val_00026145.JPEG,block24_gap,opposite,high,gap,14,14,29,0.14795918762683868,0.9929613471031189,0.89433354139328,0.8105348348617554,0.05711032822728157,0.2823658883571625,0.49470365047454834,19.586753845214844
cait_s24_224,28,ILSVRC2012_val_00026189.JPEG,block24_gap,opposite,high,gap,14,14,29,0.14795918762683868,0.9793612360954285,0.8815039992332458,0.7081974744796753,0.023212319239974022,0.1703995019197464,0.4853329658508301,19.925262451171875
cait_s24_224,29,ILSVRC2012_val_00026202.JPEG,block24_gap,opposite,high,gap,14,14,29,0.14795918762683868,0.985061526298523,0.8587377667427063,0.616976797580719,0.024118851870298386,0.29588890075683594,0.5015691518783569,19.33302116394043
cait_s24_224,30,ILSVRC2012_val_00026226.JPEG,block24_gap,opposite,high,gap,14,14,29,0.14795918762683868,0.9804041981697083,0.815086305141449,0.738075852394104,0.017064373940229416,0.21020793914794922,0.46973055601119995,19.871828079223633
cait_s24_224,31,ILSVRC2012_val_00026280.JPEG,block24_gap,opposite,high,gap,14,14,29,0.14795918762683868,0.9884971380233765,0.8620367646217346,0.7759437561035156,0.013769453391432762,0.25390830636024475,0.47634759545326233,19.598997116088867
cait_s24_224,32,ILSVRC2012_val_00026315.JPEG,block24_gap,opposite,high,gap,14,14,29,0.14795918762683868,0.993471622467041,0.914262056350708,0.7203101515769958,0.0059737227857112885,0.21399913728237152,0.4704606533050537,19.637657165527344
cait_s24_224,33,ILSVRC2012_val_00026328.JPEG,block24_gap,opposite,high,gap,14,14,29,0.14795918762683868,0.9836245775222778,0.9071255922317505,0.8870689868927002,-0.004675610456615686,0.2056475728750229,0.4792972207069397,19.69407844543457
cait_s24_224,34,ILSVRC2012_val_00026332.JPEG,block24_gap,opposite,high,gap,14,14,29,0.14795918762683868,0.9945398569107056,0.9385783672332764,0.7875463366508484,0.014307158067822456,0.1710059493780136,0.464169442653656,19.802806854248047
cait_s24_224,35,ILSVRC2012_val_00026390.JPEG,block24_gap,opposite,high,gap,14,14,29,0.14795918762683868,0.9767546057701111,0.8985316157341003,0.8126593232154846,-0.013572005555033684,0.23457637429237366,0.478898286819458,19.594322204589844
cait_s24_224,36,ILSVRC2012_val_00026397.JPEG,block24_gap,opposite,high,gap,14,14,29,0.14795918762683868,0.9919834733009338,0.9277603030204773,0.8165401220321655,0.0061705028638243675,0.13766613602638245,0.4670998156070709,19.873544692993164
cait_s24_224,37,ILSVRC2012_val_00026436.JPEG,block24_gap,opposite,high,gap,14,14,29,0.14795918762683868,0.9805433750152588,0.8436484932899475,0.7973320484161377,0.022152375429868698,0.230014830827713,0.4681926369667053,19.757862091064453
cait_s24_224,38,ILSVRC2012_val_00026490.JPEG,block24_gap,opposite,high,gap,14,14,29,0.14795918762683868,0.9814890623092651,0.8539578318595886,0.3781431317329407,0.016055293381214142,0.28036290407180786,0.4732474982738495,19.485321044921875
cait_s24_224,39,ILSVRC2012_val_00026510.JPEG,block24_gap,opposite,high,gap,14,14,29,0.14795918762683868,0.9815728664398193,0.8530735969543457,0.7061606645584106,0.033164285123348236,0.17349448800086975,0.46867260336875916,19.704862594604492
cait_s24_224,40,ILSVRC2012_val_00026559.JPEG,block24_gap,opposite,high,gap,14,14,29,0.14795918762683868,0.9865705966949463,0.9180411100387573,0.8381659388542175,0.003068146761506796,0.1805085986852646,0.4709293246269226,19.93260383605957
cait_s24_224,41,ILSVRC2012_val_00026627.JPEG,block24_gap,opposite,high,gap,14,14,29,0.14795918762683868,0.9791809916496277,0.9026259183883667,0.8637187480926514,0.04253891110420227,0.2204059213399887,0.4769096076488495,19.839303970336914
cait_s24_224,42,ILSVRC2012_val_00026692.JPEG,block24_gap,opposite,high,gap,14,14,29,0.14795918762683868,0.9864711761474609,0.9056956768035889,0.5889679789543152,0.2612181603908539,0.3844577968120575,0.4999943673610687,17.458091735839844
cait_s24_224,43,ILSVRC2012_val_00026737.JPEG,block24_gap,opposite,high,gap,14,14,29,0.14795918762683868,0.9808781147003174,0.8194342255592346,0.45101484656333923,0.1091734766960144,0.2567416727542877,0.49235790967941284,19.722694396972656
cait_s24_224,44,ILSVRC2012_val_00026743.JPEG,block24_gap,opposite,high,gap,14,14,29,0.14795918762683868,0.9906283020973206,0.9145339727401733,0.8862704634666443,-0.004536254797130823,0.158726304769516,0.46809396147727966,19.72532844543457
cait_s24_224,45,ILSVRC2012_val_00026754.JPEG,block24_gap,opposite,high,gap,14,14,29,0.14795918762683868,0.975605309009552,0.8960513472557068,0.4891026020050049,0.008439378812909126,0.2638323903083801,0.5027556419372559,19.670146942138672
cait_s24_224,46,ILSVRC2012_val_00026803.JPEG,block24_gap,opposite,high,gap,14,14,29,0.14795918762683868,0.9884530305862427,0.889392614364624,0.6441664695739746,0.049344271421432495,0.2762519419193268,0.48714160919189453,19.540660858154297
cait_s24_224,47,ILSVRC2012_val_00026901.JPEG,block24_gap,opposite,high,gap,14,14,29,0.14795918762683868,0.9869515299797058,0.8750542998313904,0.6105794310569763,0.12488406896591187,0.37836259603500366,0.4880487322807312,16.820068359375
cait_s24_224,48,ILSVRC2012_val_00026916.JPEG,block24_gap,opposite,high,gap,14,14,29,0.14795918762683868,0.9613587856292725,0.9097627997398376,0.6684092283248901,-0.0012112203985452652,0.1938626915216446,0.47252339124679565,19.93097686767578
cait_s24_224,49,ILSVRC2012_val_00026925.JPEG,block24_gap,opposite,high,gap,14,14,29,0.14795918762683868,0.9519269466400146,0.9145286679267883,0.9010319709777832,-0.0027898005209863186,0.09947019070386887,0.4903695583343506,19.507570266723633
cait_s24_224,50,ILSVRC2012_val_00026972.JPEG,block24_gap,opposite,high,gap,14,14,29,0.14795918762683868,0.9904525279998779,0.8884116411209106,0.8011714220046997,0.018848609179258347,0.32780614495277405,0.5015485286712646,18.89640235900879
cait_s24_224,51,ILSVRC2012_val_00027124.JPEG,block24_gap,opposite,high,gap,14,14,29,0.14795918762683868,0.9866130352020264,0.8955256938934326,0.6620500683784485,0.04968284070491791,0.29559680819511414,0.502887487411499,19.202077865600586
cait_s24_224,52,ILSVRC2012_val_00027141.JPEG,block24_gap,opposite,high,gap,14,14,29,0.14795918762683868,0.9890313744544983,0.907262921333313,0.8174086809158325,0.002517446642741561,0.23790717124938965,0.4764425754547119,19.826086044311523
cait_s24_224,53,ILSVRC2012_val_00027148.JPEG,block24_gap,opposite,high,gap,14,14,29,0.14795918762683868,0.9913931488990784,0.9287033677101135,0.787723183631897,-0.001113224308937788,0.20077310502529144,0.48113176226615906,19.863975524902344
cait_s24_224,54,ILSVRC2012_val_00027201.JPEG,block24_gap,opposite,high,gap,14,14,29,0.14795918762683868,0.9893237352371216,0.8512221574783325,0.7258229851722717,-0.0014530305052176118,0.14012381434440613,0.4498920440673828,19.894697189331055
cait_s24_224,55,ILSVRC2012_val_00027287.JPEG,block24_gap,opposite,high,gap,14,14,29,0.14795918762683868,0.9823044538497925,0.9162694215774536,0.8719409704208374,0.0034458907321095467,0.2271047830581665,0.47421178221702576,19.825359344482422
cait_s24_224,56,ILSVRC2012_val_00027348.JPEG,block24_gap,opposite,high,gap,14,14,29,0.14795918762683868,0.9831567406654358,0.9321871995925903,0.6444405317306519,0.023882899433374405,0.26455608010292053,0.4916204810142517,19.26628303527832
cait_s24_224,57,ILSVRC2012_val_00027385.JPEG,block24_gap,opposite,high,gap,14,14,29,0.14795918762683868,0.9868675470352173,0.9140933156013489,0.8934759497642517,0.03927264362573624,0.31212225556373596,0.4971131682395935,18.812681198120117
cait_s24_224,58,ILSVRC2012_val_00027498.JPEG,block24_gap,opposite,high,gap,14,14,29,0.14795918762683868,0.9895427227020264,0.894766628742218,0.6852712035179138,0.026744162663817406,0.24115310609340668,0.4799744784832001,19.87565803527832
cait_s24_224,59,ILSVRC2012_val_00027530.JPEG,block24_gap,opposite,high,gap,14,14,29,0.14795918762683868,0.9937523603439331,0.9120315313339233,0.952056348323822,0.017802858725190163,0.21469707787036896,0.4886177182197571,19.924602508544922
cait_s24_224,60,ILSVRC2012_val_00027633.JPEG,block24_gap,opposite,high,gap,14,14,29,0.14795918762683868,0.9945933818817139,0.9024105668067932,0.8509096503257751,0.01620340719819069,0.29136428236961365,0.4985414743423462,19.24067497253418
cait_s24_224,61,ILSVRC2012_val_00027636.JPEG,block24_gap,opposite,high,gap,14,14,29,0.14795918762683868,0.9656931757926941,0.8809191584587097,0.45576104521751404,0.0070580472238361835,0.2284935563802719,0.4772430956363678,19.681379318237305
cait_s24_224,62,ILSVRC2012_val_00027657.JPEG,block24_gap,opposite,high,gap,14,14,29,0.14795918762683868,0.9884800910949707,0.8777138590812683,0.8477906584739685,0.01815355196595192,0.2808240056037903,0.48741528391838074,19.227798461914062
cait_s24_224,63,ILSVRC2012_val_00027790.JPEG,block24_gap,opposite,high,gap,14,14,29,0.14795918762683868,0.9836074113845825,0.857207715511322,0.7763851881027222,0.24186921119689941,0.3565973937511444,0.4994472861289978,18.7056941986084
cait_s24_224,0,ILSVRC2012_val_00024479.JPEG,block24_gap,deviation,high,gap,14,14,29,0.14795918762683868,0.9863944053649902,0.8608198165893555,0.7867670059204102,0.011816896498203278,0.21828925609588623,0.4841703772544861,19.906709671020508
cait_s24_224,1,ILSVRC2012_val_00024540.JPEG,block24_gap,deviation,high,gap,14,14,29,0.14795918762683868,0.9756103754043579,0.8917366862297058,0.7693869471549988,0.010886477306485176,0.2022562325000763,0.4773367643356323,19.953020095825195
cait_s24_224,2,ILSVRC2012_val_00024550.JPEG,block24_gap,deviation,high,gap,14,14,29,0.14795918762683868,0.984571099281311,0.8915360569953918,0.6682880520820618,0.0273886751383543,0.24708040058612823,0.48097729682922363,18.998992919921875
cait_s24_224,3,ILSVRC2012_val_00024609.JPEG,block24_gap,deviation,high,gap,14,14,29,0.14795918762683868,0.9829646348953247,0.9194914102554321,0.865777850151062,0.10196661204099655,0.32556095719337463,0.5171287059783936,18.706464767456055
cait_s24_224,4,ILSVRC2012_val_00024637.JPEG,block24_gap,deviation,high,gap,14,14,29,0.14795918762683868,0.9906867742538452,0.9089665412902832,0.785732626914978,0.18338395655155182,0.32224389910697937,0.49614688754081726,18.01097297668457
cait_s24_224,5,ILSVRC2012_val_00024710.JPEG,block24_gap,deviation,high,gap,14,14,29,0.14795918762683868,0.9924671649932861,0.933681845664978,0.78298020362854,0.002147495513781905,0.1785774528980255,0.46564459800720215,19.961393356323242
cait_s24_224,6,ILSVRC2012_val_00024753.JPEG,block24_gap,deviation,high,gap,14,14,29,0.14795918762683868,0.9868741631507874,0.8449966311454773,0.7146331071853638,0.018616771325469017,0.2260478287935257,0.48409101366996765,19.878358840942383
cait_s24_224,7,ILSVRC2012_val_00024781.JPEG,block24_gap,deviation,high,gap,14,14,29,0.14795918762683868,0.9882251620292664,0.910643994808197,0.8778570890426636,0.013575950637459755,0.26953837275505066,0.489020973443985,19.686813354492188
cait_s24_224,8,ILSVRC2012_val_00024926.JPEG,block24_gap,deviation,high,gap,14,14,29,0.14795918762683868,0.9928110837936401,0.8993179202079773,0.7526013851165771,0.0011514514917507768,0.26856881380081177,0.4963880479335785,19.52840232849121
cait_s24_224,9,ILSVRC2012_val_00025075.JPEG,block24_gap,deviation,high,gap,14,14,29,0.14795918762683868,0.9891464710235596,0.880778431892395,0.5953812599182129,0.006029345095157623,0.2062748521566391,0.4756852686405182,19.93565559387207
cait_s24_224,10,ILSVRC2012_val_00025315.JPEG,block24_gap,deviation,high,gap,14,14,29,0.14795918762683868,0.987105667591095,0.8659988045692444,0.6620357036590576,0.01153135672211647,0.22452035546302795,0.4718238413333893,19.853607177734375
cait_s24_224,11,ILSVRC2012_val_00025390.JPEG,block24_gap,deviation,high,gap,14,14,29,0.14795918762683868,0.9865496158599854,0.8739190101623535,0.8003203272819519,0.02966337651014328,0.29038602113723755,0.4744994342327118,18.802019119262695
cait_s24_224,12,ILSVRC2012_val_00025402.JPEG,block24_gap,deviation,high,gap,14,14,29,0.14795918762683868,0.9907149076461792,0.884539008140564,0.7576982975006104,0.0251635629683733,0.2113497257232666,0.4838501811027527,19.956066131591797
cait_s24_224,13,ILSVRC2012_val_00025408.JPEG,block24_gap,deviation,high,gap,14,14,29,0.14795918762683868,0.9916149377822876,0.911283552646637,0.7683159708976746,0.003303295001387596,0.20700030028820038,0.4667889177799225,19.7757625579834
cait_s24_224,14,ILSVRC2012_val_00025416.JPEG,block24_gap,deviation,high,gap,14,14,29,0.14795918762683868,0.980811595916748,0.9115036725997925,0.8599797487258911,0.01399296522140503,0.14494390785694122,0.46058374643325806,19.710660934448242
cait_s24_224,15,ILSVRC2012_val_00025440.JPEG,block24_gap,deviation,high,gap,14,14,29,0.14795918762683868,0.9918538331985474,0.9542543292045593,0.7972779273986816,0.02685311622917652,0.2822438180446625,0.49121126532554626,19.724040985107422
cait_s24_224,16,ILSVRC2012_val_00025446.JPEG,block24_gap,deviation,high,gap,14,14,29,0.14795918762683868,0.9770221710205078,0.9172419905662537,0.45756205916404724,0.0356365367770195,0.22978448867797852,0.4774181544780731,19.88733673095703
cait_s24_224,17,ILSVRC2012_val_00025563.JPEG,block24_gap,deviation,high,gap,14,14,29,0.14795918762683868,0.9875837564468384,0.8883442282676697,0.6556766033172607,0.03242890164256096,0.21854594349861145,0.49639269709587097,19.481708526611328
cait_s24_224,18,ILSVRC2012_val_00025800.JPEG,block24_gap,deviation,high,gap,14,14,29,0.14795918762683868,0.9861593842506409,0.8879749178886414,0.6666449308395386,-0.005725736729800701,0.2041880190372467,0.4769461452960968,19.758535385131836
cait_s24_224,19,ILSVRC2012_val_00025844.JPEG,block24_gap,deviation,high,gap,14,14,29,0.14795918762683868,0.992843508720398,0.895207941532135,0.6280359029769897,0.015874821692705154,0.21883192658424377,0.486665278673172,19.975906372070312
cait_s24_224,20,ILSVRC2012_val_00025851.JPEG,block24_gap,deviation,high,gap,14,14,29,0.14795918762683868,0.9936478137969971,0.8960622549057007,0.8184717893600464,0.005497972946614027,0.23253047466278076,0.48942622542381287,19.83385467529297
cait_s24_224,21,ILSVRC2012_val_00025907.JPEG,block24_gap,deviation,high,gap,14,14,29,0.14795918762683868,0.9733932614326477,0.9024778604507446,0.6617839336395264,0.02751203440129757,0.23041777312755585,0.4830749034881592,19.61272621154785
cait_s24_224,22,ILSVRC2012_val_00025989.JPEG,block24_gap,deviation,high,gap,14,14,29,0.14795918762683868,0.9872955083847046,0.933172881603241,0.7133310437202454,0.0036306455731391907,0.19525475800037384,0.4686945378780365,19.76555061340332
cait_s24_224,23,ILSVRC2012_val_00026068.JPEG,block24_gap,deviation,high,gap,14,14,29,0.14795918762683868,0.9912258386611938,0.8613296151161194,0.6074986457824707,-0.03775263577699661,0.2148600071668625,0.4772271513938904,19.965930938720703
cait_s24_224,24,ILSVRC2012_val_00026088.JPEG,block24_gap,deviation,high,gap,14,14,29,0.14795918762683868,0.9896341562271118,0.9177893996238708,0.7917299270629883,0.016684070229530334,0.19957271218299866,0.47093066573143005,19.952425003051758
cait_s24_224,25,ILSVRC2012_val_00026113.JPEG,block24_gap,deviation,high,gap,14,14,29,0.14795918762683868,0.9673734307289124,0.9076082110404968,0.6894580125808716,0.1707153022289276,0.29458585381507874,0.5104877352714539,18.73634910583496
cait_s24_224,26,ILSVRC2012_val_00026139.JPEG,block24_gap,deviation,high,gap,14,14,29,0.14795918762683868,0.981765866279602,0.8612478971481323,0.5467188358306885,0.0267205648124218,0.15047365427017212,0.4523065388202667,19.878633499145508
cait_s24_224,27,ILSVRC2012_val_00026145.JPEG,block24_gap,deviation,high,gap,14,14,29,0.14795918762683868,0.9899823069572449,0.8585556149482727,0.7221939563751221,0.04547455161809921,0.2970302999019623,0.49607181549072266,19.46690559387207
cait_s24_224,28,ILSVRC2012_val_00026189.JPEG,block24_gap,deviation,high,gap,14,14,29,0.14795918762683868,0.9823916554450989,0.9021097421646118,0.7018479704856873,-0.004415865987539291,0.22638840973377228,0.4878441095352173,19.924972534179688
cait_s24_224,29,ILSVRC2012_val_00026202.JPEG,block24_gap,deviation,high,gap,14,14,29,0.14795918762683868,0.9881515502929688,0.8567312359809875,0.7398959398269653,0.02827455662190914,0.31262651085853577,0.5050223469734192,19.176504135131836
cait_s24_224,30,ILSVRC2012_val_00026226.JPEG,block24_gap,deviation,high,gap,14,14,29,0.14795918762683868,0.9722349643707275,0.803634524345398,0.6542087197303772,0.015186483040452003,0.23111048340797424,0.47426724433898926,19.877933502197266
cait_s24_224,31,ILSVRC2012_val_00026280.JPEG,block24_gap,deviation,high,gap,14,14,29,0.14795918762683868,0.9883235692977905,0.8762942552566528,0.7486361861228943,0.013430146500468254,0.24872556328773499,0.47417324781417847,19.570878982543945
cait_s24_224,32,ILSVRC2012_val_00026315.JPEG,block24_gap,deviation,high,gap,14,14,29,0.14795918762683868,0.9933948516845703,0.8934251070022583,0.7946003675460815,0.015368693508207798,0.21597719192504883,0.47117680311203003,19.46525764465332
cait_s24_224,33,ILSVRC2012_val_00026328.JPEG,block24_gap,deviation,high,gap,14,14,29,0.14795918762683868,0.9784395098686218,0.8741249442100525,0.7384264469146729,-0.01358802244067192,0.2877354323863983,0.48735982179641724,19.3317928314209
cait_s24_224,34,ILSVRC2012_val_00026332.JPEG,block24_gap,deviation,high,gap,14,14,29,0.14795918762683868,0.9893513321876526,0.9159455299377441,0.7314808368682861,0.03145871311426163,0.2126092165708542,0.4653625786304474,19.647018432617188
cait_s24_224,35,ILSVRC2012_val_00026390.JPEG,block24_gap,deviation,high,gap,14,14,29,0.14795918762683868,0.979576051235199,0.8935097455978394,0.5881057381629944,-0.012702724896371365,0.20621910691261292,0.4736749827861786,19.371198654174805
cait_s24_224,36,ILSVRC2012_val_00026397.JPEG,block24_gap,deviation,high,gap,14,14,29,0.14795918762683868,0.9775986075401306,0.8217278122901917,0.5762465000152588,-0.08821062743663788,0.21257852017879486,0.4697567820549011,19.825008392333984
cait_s24_224,37,ILSVRC2012_val_00026436.JPEG,block24_gap,deviation,high,gap,14,14,29,0.14795918762683868,0.9831444025039673,0.8484765887260437,0.8627321720123291,0.008184042759239674,0.21195010840892792,0.4656030833721161,19.651098251342773
cait_s24_224,38,ILSVRC2012_val_00026490.JPEG,block24_gap,deviation,high,gap,14,14,29,0.14795918762683868,0.9904622435569763,0.9124995470046997,0.6350134611129761,0.01586189679801464,0.2702846825122833,0.4727539122104645,19.41944122314453
cait_s24_224,39,ILSVRC2012_val_00026510.JPEG,block24_gap,deviation,high,gap,14,14,29,0.14795918762683868,0.9729651808738708,0.8888288736343384,0.6782506704330444,0.0006550418911501765,0.21024970710277557,0.4766126573085785,19.82223892211914
cait_s24_224,40,ILSVRC2012_val_00026559.JPEG,block24_gap,deviation,high,gap,14,14,29,0.14795918762683868,0.9893592596054077,0.9236763715744019,0.7946544885635376,0.01828216016292572,0.17957361042499542,0.47015172243118286,19.929107666015625
cait_s24_224,41,ILSVRC2012_val_00026627.JPEG,block24_gap,deviation,high,gap,14,14,29,0.14795918762683868,0.9820181727409363,0.9082674384117126,0.8217804431915283,0.0033340808004140854,0.15459921956062317,0.4744951128959656,19.870502471923828
cait_s24_224,42,ILSVRC2012_val_00026692.JPEG,block24_gap,deviation,high,gap,14,14,29,0.14795918762683868,0.9923811554908752,0.9100288152694702,0.7703098058700562,0.2513750493526459,0.4012046754360199,0.49823421239852905,17.24506950378418
cait_s24_224,43,ILSVRC2012_val_00026737.JPEG,block24_gap,deviation,high,gap,14,14,29,0.14795918762683868,0.9880573749542236,0.8321752548217773,0.3856704831123352,0.08847237378358841,0.2661367952823639,0.49361947178840637,19.627685546875
cait_s24_224,44,ILSVRC2012_val_00026743.JPEG,block24_gap,deviation,high,gap,14,14,29,0.14795918762683868,0.9919131994247437,0.9135224223136902,0.8055096864700317,-0.008980819955468178,0.18019385635852814,0.47084662318229675,19.760637283325195
cait_s24_224,45,ILSVRC2012_val_00026754.JPEG,block24_gap,deviation,high,gap,14,14,29,0.14795918762683868,0.9746754765510559,0.8962917923927307,0.6231334805488586,0.024098558351397514,0.25010842084884644,0.49659597873687744,19.832002639770508
cait_s24_224,46,ILSVRC2012_val_00026803.JPEG,block24_gap,deviation,high,gap,14,14,29,0.14795918762683868,0.9939513206481934,0.9068923592567444,0.7969033718109131,0.062156714498996735,0.2827351987361908,0.49047020077705383,19.581085205078125
cait_s24_224,47,ILSVRC2012_val_00026901.JPEG,block24_gap,deviation,high,gap,14,14,29,0.14795918762683868,0.9943954348564148,0.9194188117980957,0.744965672492981,0.11039537191390991,0.3929041624069214,0.48913824558258057,15.88062858581543
cait_s24_224,48,ILSVRC2012_val_00026916.JPEG,block24_gap,deviation,high,gap,14,14,29,0.14795918762683868,0.966407060623169,0.8991066813468933,0.6791479587554932,0.0016509640263393521,0.16046032309532166,0.4644036293029785,19.900192260742188
cait_s24_224,49,ILSVRC2012_val_00026925.JPEG,block24_gap,deviation,high,gap,14,14,29,0.14795918762683868,0.9465072751045227,0.8902507424354553,0.8560032844543457,0.014276178553700447,0.2117730677127838,0.4820023477077484,19.59238624572754
cait_s24_224,50,ILSVRC2012_val_00026972.JPEG,block24_gap,deviation,high,gap,14,14,29,0.14795918762683868,0.9846701622009277,0.8988635540008545,0.5929030179977417,0.012260300107300282,0.2979881465435028,0.4929259121417999,19.267436981201172
cait_s24_224,51,ILSVRC2012_val_00027124.JPEG,block24_gap,deviation,high,gap,14,14,29,0.14795918762683868,0.9786393642425537,0.8825212121009827,0.8224577903747559,0.028063490986824036,0.28878679871559143,0.49640896916389465,18.57538604736328
cait_s24_224,52,ILSVRC2012_val_00027141.JPEG,block24_gap,deviation,high,gap,14,14,29,0.14795918762683868,0.9868049621582031,0.8851028084754944,0.7469961643218994,0.03097354620695114,0.2502121925354004,0.48065078258514404,19.720834732055664
cait_s24_224,53,ILSVRC2012_val_00027148.JPEG,block24_gap,deviation,high,gap,14,14,29,0.14795918762683868,0.99323970079422,0.9378188848495483,0.6804341673851013,0.04496200382709503,0.1857144981622696,0.4796094298362732,19.91839027404785
cait_s24_224,54,ILSVRC2012_val_00027201.JPEG,block24_gap,deviation,high,gap,14,14,29,0.14795918762683868,0.9904398918151855,0.8738791346549988,0.7957398891448975,-0.007964626885950565,0.2004685401916504,0.4640190005302429,19.94594383239746
cait_s24_224,55,ILSVRC2012_val_00027287.JPEG,block24_gap,deviation,high,gap,14,14,29,0.14795918762683868,0.9882193803787231,0.9032447338104248,0.8332746028900146,0.08320215344429016,0.2115495651960373,0.4744070768356323,19.888887405395508
cait_s24_224,56,ILSVRC2012_val_00027348.JPEG,block24_gap,deviation,high,gap,14,14,29,0.14795918762683868,0.9851075410842896,0.9211636185646057,0.7221429944038391,0.0168627817183733,0.3025209903717041,0.4931271970272064,18.988243103027344
cait_s24_224,57,ILSVRC2012_val_00027385.JPEG,block24_gap,deviation,high,gap,14,14,29,0.14795918762683868,0.9875168204307556,0.9156526923179626,0.7672799825668335,0.031635552644729614,0.29137787222862244,0.49108603596687317,18.807157516479492
cait_s24_224,58,ILSVRC2012_val_00027498.JPEG,block24_gap,deviation,high,gap,14,14,29,0.14795918762683868,0.9902826547622681,0.8973750472068787,0.7086341977119446,0.014241611585021019,0.1870841085910797,0.4690771698951721,19.863834381103516
cait_s24_224,59,ILSVRC2012_val_00027530.JPEG,block24_gap,deviation,high,gap,14,14,29,0.14795918762683868,0.9889782667160034,0.9035001397132874,0.7930082082748413,0.039093974977731705,0.21585476398468018,0.4834216833114624,19.864463806152344
cait_s24_224,60,ILSVRC2012_val_00027633.JPEG,block24_gap,deviation,high,gap,14,14,29,0.14795918762683868,0.9947675466537476,0.9115081429481506,0.5602259635925293,0.0040218038484454155,0.3007151782512665,0.49611568450927734,19.21360969543457
cait_s24_224,61,ILSVRC2012_val_00027636.JPEG,block24_gap,deviation,high,gap,14,14,29,0.14795918762683868,0.9712498188018799,0.8415060639381409,0.6498227119445801,0.02055571973323822,0.21619479358196259,0.472749263048172,19.708105087280273
cait_s24_224,62,ILSVRC2012_val_00027657.JPEG,block24_gap,deviation,high,gap,14,14,29,0.14795918762683868,0.9821776747703552,0.8709156513214111,0.6832758188247681,0.017443155869841576,0.3575363755226135,0.4946664273738861,17.34200096130371
cait_s24_224,63,ILSVRC2012_val_00027790.JPEG,block24_gap,deviation,high,gap,14,14,29,0.14795918762683868,0.9814070463180542,0.877109944820404,0.7149869799613953,0.2193542718887329,0.34161806106567383,0.49778813123703003,18.90241241455078
cait_s24_224,0,ILSVRC2012_val_00024479.JPEG,block24_gap,random,high,gap,14,14,29,0.14795918762683868,0.9687591791152954,0.839995265007019,0.7087616920471191,-0.019427292048931122,0.22932331264019012,0.4793340861797333,19.954904556274414
cait_s24_224,1,ILSVRC2012_val_00024540.JPEG,block24_gap,random,high,gap,14,14,29,0.14795918762683868,0.9804719686508179,0.8804008960723877,0.8668680191040039,-0.01930321753025055,0.21342448890209198,0.4749079942703247,19.959150314331055
cait_s24_224,2,ILSVRC2012_val_00024550.JPEG,block24_gap,random,high,gap,14,14,29,0.14795918762683868,0.9888752698898315,0.9217514395713806,0.7697376012802124,0.03872642666101456,0.2146797627210617,0.46945086121559143,19.323654174804688
cait_s24_224,3,ILSVRC2012_val_00024609.JPEG,block24_gap,random,high,gap,14,14,29,0.14795918762683868,0.9863229990005493,0.919645369052887,0.813951849937439,0.08331729471683502,0.28460192680358887,0.507191002368927,19.148561477661133
cait_s24_224,4,ILSVRC2012_val_00024637.JPEG,block24_gap,random,high,gap,14,14,29,0.14795918762683868,0.9854253530502319,0.8987193703651428,0.8451896905899048,0.21725009381771088,0.2957492172718048,0.4935134947299957,18.97199821472168
cait_s24_224,5,ILSVRC2012_val_00024710.JPEG,block24_gap,random,high,gap,14,14,29,0.14795918762683868,0.9937225580215454,0.9277886748313904,0.6768115162849426,0.014983043074607849,0.19030329585075378,0.4669121503829956,19.961166381835938
cait_s24_224,6,ILSVRC2012_val_00024753.JPEG,block24_gap,random,high,gap,14,14,29,0.14795918762683868,0.9825274348258972,0.8358293175697327,0.7852720022201538,0.013110730797052383,0.2164233773946762,0.4836319386959076,19.901334762573242
cait_s24_224,7,ILSVRC2012_val_00024781.JPEG,block24_gap,random,high,gap,14,14,29,0.14795918762683868,0.990243136882782,0.9211101531982422,0.8671883344650269,0.015606286004185677,0.25987616181373596,0.485014408826828,19.727371215820312
cait_s24_224,8,ILSVRC2012_val_00024926.JPEG,block24_gap,random,high,gap,14,14,29,0.14795918762683868,0.9889038801193237,0.9077368378639221,0.8324171900749207,0.03212204575538635,0.256125271320343,0.4890502095222473,19.73503875732422
cait_s24_224,9,ILSVRC2012_val_00025075.JPEG,block24_gap,random,high,gap,14,14,29,0.14795918762683868,0.9885028600692749,0.873392641544342,0.5840241312980652,-0.002889675088226795,0.21228162944316864,0.4704795777797699,19.960861206054688
cait_s24_224,10,ILSVRC2012_val_00025315.JPEG,block24_gap,random,high,gap,14,14,29,0.14795918762683868,0.9817644357681274,0.8547084331512451,0.6248403787612915,0.019613167271018028,0.16740386188030243,0.46029210090637207,19.826021194458008
cait_s24_224,11,ILSVRC2012_val_00025390.JPEG,block24_gap,random,high,gap,14,14,29,0.14795918762683868,0.9841866493225098,0.8729282021522522,0.7437320947647095,0.02442941442131996,0.22717614471912384,0.4683188498020172,19.0822696685791
cait_s24_224,12,ILSVRC2012_val_00025402.JPEG,block24_gap,random,high,gap,14,14,29,0.14795918762683868,0.988089919090271,0.8790498971939087,0.7507224082946777,0.02155464142560959,0.20497016608715057,0.48369836807250977,19.91158103942871
cait_s24_224,13,ILSVRC2012_val_00025408.JPEG,block24_gap,random,high,gap,14,14,29,0.14795918762683868,0.9920641779899597,0.92055743932724,0.7629306316375732,-0.003885699203237891,0.22205452620983124,0.46863308548927307,19.792491912841797
cait_s24_224,14,ILSVRC2012_val_00025416.JPEG,block24_gap,random,high,gap,14,14,29,0.14795918762683868,0.9807909727096558,0.8752896189689636,0.7253942489624023,0.007425322197377682,0.15479187667369843,0.4641392230987549,19.846952438354492
cait_s24_224,15,ILSVRC2012_val_00025440.JPEG,block24_gap,random,high,gap,14,14,29,0.14795918762683868,0.9923190474510193,0.9275274872779846,0.6752082109451294,0.013800378888845444,0.27835550904273987,0.49042370915412903,19.703096389770508
cait_s24_224,16,ILSVRC2012_val_00025446.JPEG,block24_gap,random,high,gap,14,14,29,0.14795918762683868,0.9894116520881653,0.9228910207748413,0.6472790241241455,-0.024519698694348335,0.1996959000825882,0.4748143255710602,19.896394729614258
cait_s24_224,17,ILSVRC2012_val_00025563.JPEG,block24_gap,random,high,gap,14,14,29,0.14795918762683868,0.9789252281188965,0.8616575002670288,0.6054905652999878,0.030551869422197342,0.264560341835022,0.48597702383995056,19.405012130737305
cait_s24_224,18,ILSVRC2012_val_00025800.JPEG,block24_gap,random,high,gap,14,14,29,0.14795918762683868,0.9917739629745483,0.9142298698425293,0.7819633483886719,0.012295098975300789,0.20537979900836945,0.47729259729385376,19.766027450561523
cait_s24_224,19,ILSVRC2012_val_00025844.JPEG,block24_gap,random,high,gap,14,14,29,0.14795918762683868,0.9887856245040894,0.8582003712654114,0.6891727447509766,0.0035789236426353455,0.2041396200656891,0.483992338180542,19.956369400024414
cait_s24_224,20,ILSVRC2012_val_00025851.JPEG,block24_gap,random,high,gap,14,14,29,0.14795918762683868,0.9931273460388184,0.9056200981140137,0.8744702339172363,-0.012367479503154755,0.1676369458436966,0.4849832057952881,19.849111557006836
cait_s24_224,21,ILSVRC2012_val_00025907.JPEG,block24_gap,random,high,gap,14,14,29,0.14795918762683868,0.9753799438476562,0.891291618347168,0.7537122964859009,0.04713576287031174,0.2615686357021332,0.4923921227455139,19.69133758544922
cait_s24_224,22,ILSVRC2012_val_00025989.JPEG,block24_gap,random,high,gap,14,14,29,0.14795918762683868,0.9875292778015137,0.8932026624679565,0.7495859861373901,0.00469257403165102,0.20507049560546875,0.4732913374900818,19.757278442382812
cait_s24_224,23,ILSVRC2012_val_00026068.JPEG,block24_gap,random,high,gap,14,14,29,0.14795918762683868,0.9911841154098511,0.863624632358551,0.6168620586395264,0.003457893617451191,0.21474026143550873,0.47616854310035706,19.97490119934082
cait_s24_224,24,ILSVRC2012_val_00026088.JPEG,block24_gap,random,high,gap,14,14,29,0.14795918762683868,0.9857460260391235,0.924743115901947,0.8381786346435547,-0.0018833857029676437,0.17703230679035187,0.46826171875,19.961694717407227
cait_s24_224,25,ILSVRC2012_val_00026113.JPEG,block24_gap,random,high,gap,14,14,29,0.14795918762683868,0.9662966728210449,0.910909116268158,0.7144020795822144,0.12013839185237885,0.2621447741985321,0.4983571171760559,18.90651512145996
cait_s24_224,26,ILSVRC2012_val_00026139.JPEG,block24_gap,random,high,gap,14,14,29,0.14795918762683868,0.9859540462493896,0.8714451789855957,0.6893114447593689,0.03353730961680412,0.2052033692598343,0.461999773979187,19.93224334716797
cait_s24_224,27,ILSVRC2012_val_00026145.JPEG,block24_gap,random,high,gap,14,14,29,0.14795918762683868,0.9874954223632812,0.8971507549285889,0.7757014632225037,0.049252212047576904,0.2912476658821106,0.495266318321228,19.455541610717773
cait_s24_224,28,ILSVRC2012_val_00026189.JPEG,block24_gap,random,high,gap,14,14,29,0.14795918762683868,0.9833170175552368,0.9091198444366455,0.700563371181488,0.004698583390563726,0.18503396213054657,0.48782485723495483,19.929367065429688
cait_s24_224,29,ILSVRC2012_val_00026202.JPEG,block24_gap,random,high,gap,14,14,29,0.14795918762683868,0.9808858633041382,0.8609716892242432,0.7678186893463135,0.007365900557488203,0.15558765828609467,0.47351720929145813,19.255624771118164
cait_s24_224,30,ILSVRC2012_val_00026226.JPEG,block24_gap,random,high,gap,14,14,29,0.14795918762683868,0.9798119068145752,0.8316853046417236,0.7579995393753052,0.008868539705872536,0.21763764321804047,0.4725114405155182,19.756214141845703
cait_s24_224,31,ILSVRC2012_val_00026280.JPEG,block24_gap,random,high,gap,14,14,29,0.14795918762683868,0.9858792424201965,0.8825812339782715,0.801361083984375,0.03465753793716431,0.2587338387966156,0.47586894035339355,19.32500457763672
cait_s24_224,32,ILSVRC2012_val_00026315.JPEG,block24_gap,random,high,gap,14,14,29,0.14795918762683868,0.9895259141921997,0.888272762298584,0.7855126857757568,0.023514622822403908,0.27010801434516907,0.47709861397743225,19.536678314208984
cait_s24_224,33,ILSVRC2012_val_00026328.JPEG,block24_gap,random,high,gap,14,14,29,0.14795918762683868,0.9805118441581726,0.8891047835350037,0.8211986422538757,-0.00671137310564518,0.273485392332077,0.4823906421661377,19.282922744750977
cait_s24_224,34,ILSVRC2012_val_00026332.JPEG,block24_gap,random,high,gap,14,14,29,0.14795918762683868,0.9935840368270874,0.9323610067367554,0.824134349822998,0.02849295549094677,0.22438398003578186,0.46896955370903015,19.652666091918945
cait_s24_224,35,ILSVRC2012_val_00026390.JPEG,block24_gap,random,high,gap,14,14,29,0.14795918762683868,0.9832348823547363,0.9054359197616577,0.7110711336135864,-0.0017358383629471064,0.17639999091625214,0.4720490574836731,19.532943725585938
cait_s24_224,36,ILSVRC2012_val_00026397.JPEG,block24_gap,random,high,gap,14,14,29,0.14795918762683868,0.9852449893951416,0.8589895963668823,0.5266883969306946,-0.05704218149185181,0.19000951945781708,0.4639890789985657,19.947978973388672
cait_s24_224,37,ILSVRC2012_val_00026436.JPEG,block24_gap,random,high,gap,14,14,29,0.14795918762683868,0.9714006781578064,0.8450667262077332,0.8153926134109497,0.03091217763721943,0.2533434331417084,0.47538530826568604,19.58717918395996
cait_s24_224,38,ILSVRC2012_val_00026490.JPEG,block24_gap,random,high,gap,14,14,29,0.14795918762683868,0.9818801283836365,0.842331051826477,0.6635880470275879,0.014292869716882706,0.2913048267364502,0.475633442401886,19.4414005279541
cait_s24_224,39,ILSVRC2012_val_00026510.JPEG,block24_gap,random,high,gap,14,14,29,0.14795918762683868,0.9872956275939941,0.8737558126449585,0.6506801247596741,0.00931231677532196,0.1978580802679062,0.47250479459762573,19.707551956176758
cait_s24_224,40,ILSVRC2012_val_00026559.JPEG,block24_gap,random,high,gap,14,14,29,0.14795918762683868,0.993822455406189,0.9130977988243103,0.7483110427856445,-0.025797314941883087,0.180037260055542,0.4691602289676666,19.959354400634766
cait_s24_224,41,ILSVRC2012_val_00026627.JPEG,block24_gap,random,high,gap,14,14,29,0.14795918762683868,0.9895992875099182,0.9141807556152344,0.8204686641693115,0.07974271476268768,0.21367354691028595,0.48598334193229675,19.67824935913086
cait_s24_224,42,ILSVRC2012_val_00026692.JPEG,block24_gap,random,high,gap,14,14,29,0.14795918762683868,0.9874626398086548,0.903879702091217,0.771760106086731,0.2959509491920471,0.41604629158973694,0.5015694499015808,17.02274513244629
cait_s24_224,43,ILSVRC2012_val_00026737.JPEG,block24_gap,random,high,gap,14,14,29,0.14795918762683868,0.9755617380142212,0.8084011673927307,0.5779040455818176,0.08300651609897614,0.22670988738536835,0.4848702549934387,19.774818420410156
cait_s24_224,44,ILSVRC2012_val_00026743.JPEG,block24_gap,random,high,gap,14,14,29,0.14795918762683868,0.9909409880638123,0.9314038157463074,0.8113363981246948,-0.004050815477967262,0.1557711511850357,0.4657396078109741,19.805953979492188
cait_s24_224,45,ILSVRC2012_val_00026754.JPEG,block24_gap,random,high,gap,14,14,29,0.14795918762683868,0.9788087606430054,0.8984410762786865,0.7264302372932434,0.018357770517468452,0.22020135819911957,0.49912673234939575,19.818756103515625
cait_s24_224,46,ILSVRC2012_val_00026803.JPEG,block24_gap,random,high,gap,14,14,29,0.14795918762683868,0.9890651106834412,0.8857583403587341,0.778579831123352,0.03446786478161812,0.2149062156677246,0.4825391173362732,19.723325729370117
cait_s24_224,47,ILSVRC2012_val_00026901.JPEG,block24_gap,random,high,gap,14,14,29,0.14795918762683868,0.991674542427063,0.8833086490631104,0.7034417390823364,0.11288228631019592,0.34820717573165894,0.48373958468437195,17.241214752197266
cait_s24_224,48,ILSVRC2012_val_00026916.JPEG,block24_gap,random,high,gap,14,14,29,0.14795918762683868,0.9735056161880493,0.9086388945579529,0.735906720161438,-0.002664014929905534,0.16049039363861084,0.4623156487941742,19.928356170654297
cait_s24_224,49,ILSVRC2012_val_00026925.JPEG,block24_gap,random,high,gap,14,14,29,0.14795918762683868,0.9616856575012207,0.925530731678009,0.8543936610221863,0.017038259655237198,0.1792726367712021,0.47029057145118713,19.75286102294922
cait_s24_224,50,ILSVRC2012_val_00026972.JPEG,block24_gap,random,high,gap,14,14,29,0.14795918762683868,0.9853115081787109,0.8905378580093384,0.654202401638031,0.023283926770091057,0.3022615611553192,0.4950919449329376,19.33864974975586
cait_s24_224,51,ILSVRC2012_val_00027124.JPEG,block24_gap,random,high,gap,14,14,29,0.14795918762683868,0.9848974347114563,0.9188646078109741,0.7741204500198364,0.04806800186634064,0.2832614779472351,0.4966939687728882,19.450727462768555
cait_s24_224,52,ILSVRC2012_val_00027141.JPEG,block24_gap,random,high,gap,14,14,29,0.14795918762683868,0.9880476593971252,0.883003830909729,0.8132377862930298,-0.006285987328737974,0.2537832260131836,0.48128288984298706,19.750873565673828
cait_s24_224,53,ILSVRC2012_val_00027148.JPEG,block24_gap,random,high,gap,14,14,29,0.14795918762683868,0.9889504909515381,0.9037955403327942,0.598057210445404,0.031282201409339905,0.19063135981559753,0.4734172523021698,19.848751068115234
cait_s24_224,54,ILSVRC2012_val_00027201.JPEG,block24_gap,random,high,gap,14,14,29,0.14795918762683868,0.9905083179473877,0.905361533164978,0.8390839099884033,0.030897699296474457,0.19152715802192688,0.47420579195022583,19.952707290649414
cait_s24_224,55,ILSVRC2012_val_00027287.JPEG,block24_gap,random,high,gap,14,14,29,0.14795918762683868,0.9894044995307922,0.9125797748565674,0.8578058481216431,0.00827796570956707,0.21803681552410126,0.4733448326587677,19.880577087402344
cait_s24_224,56,ILSVRC2012_val_00027348.JPEG,block24_gap,random,high,gap,14,14,29,0.14795918762683868,0.9886391162872314,0.9330747723579407,0.7361776828765869,0.008213560096919537,0.240944504737854,0.47941845655441284,19.135948181152344
cait_s24_224,57,ILSVRC2012_val_00027385.JPEG,block24_gap,random,high,gap,14,14,29,0.14795918762683868,0.9820576906204224,0.9190680980682373,0.787959098815918,0.030039304867386818,0.2750563323497772,0.49385496973991394,18.768428802490234
cait_s24_224,58,ILSVRC2012_val_00027498.JPEG,block24_gap,random,high,gap,14,14,29,0.14795918762683868,0.9915122985839844,0.9029252529144287,0.7647315263748169,0.015274995006620884,0.21782708168029785,0.4755859375,19.790849685668945
cait_s24_224,59,ILSVRC2012_val_00027530.JPEG,block24_gap,random,high,gap,14,14,29,0.14795918762683868,0.9897563457489014,0.8957586288452148,0.8584816455841064,0.0407760888338089,0.2020338773727417,0.47761213779449463,19.912263870239258
cait_s24_224,60,ILSVRC2012_val_00027633.JPEG,block24_gap,random,high,gap,14,14,29,0.14795918762683868,0.9894949197769165,0.9169437885284424,0.7062467336654663,0.009703066200017929,0.24668191373348236,0.4888233542442322,19.408573150634766
cait_s24_224,61,ILSVRC2012_val_00027636.JPEG,block24_gap,random,high,gap,14,14,29,0.14795918762683868,0.9588236808776855,0.8649110198020935,0.6457745432853699,0.012204826809465885,0.21622662246227264,0.4752926230430603,19.69765853881836
cait_s24_224,62,ILSVRC2012_val_00027657.JPEG,block24_gap,random,high,gap,14,14,29,0.14795918762683868,0.9867047667503357,0.8962162733078003,0.7766561508178711,0.0069102942943573,0.3273065686225891,0.4926415681838989,18.390562057495117
cait_s24_224,63,ILSVRC2012_val_00027790.JPEG,block24_gap,random,high,gap,14,14,29,0.14795918762683868,0.9858443737030029,0.914284348487854,0.776707112789154,0.23935452103614807,0.3529965877532959,0.4974556267261505,18.768672943115234
cait_s24_224,0,ILSVRC2012_val_00024479.JPEG,block24_gap,no_drop,high,gap,14,14,0,0.0,1.0,1.0,1.0,0.006229527294635773,0.21441589295864105,0.5666095614433289,19.938440322875977
cait_s24_224,1,ILSVRC2012_val_00024540.JPEG,block24_gap,no_drop,high,gap,14,14,0,0.0,1.0,1.0,1.0,-0.014530712738633156,0.20544178783893585,0.5682305097579956,19.942514419555664
cait_s24_224,2,ILSVRC2012_val_00024550.JPEG,block24_gap,no_drop,high,gap,14,14,0,0.0,1.0000001192092896,1.0,1.0,0.1158391535282135,0.29588064551353455,0.5799655318260193,18.9215030670166
cait_s24_224,3,ILSVRC2012_val_00024609.JPEG,block24_gap,no_drop,high,gap,14,14,0,0.0,1.0,1.0,1.0,0.07300074398517609,0.26709237694740295,0.5941259860992432,19.11769676208496
cait_s24_224,4,ILSVRC2012_val_00024637.JPEG,block24_gap,no_drop,high,gap,14,14,0,0.0,1.000000238418579,1.0,1.0,0.23115476965904236,0.37306228280067444,0.5986059308052063,18.142534255981445
cait_s24_224,5,ILSVRC2012_val_00024710.JPEG,block24_gap,no_drop,high,gap,14,14,0,0.0,0.9999999403953552,1.0,0.9999999403953552,0.006491858512163162,0.22454844415187836,0.558048665523529,19.952011108398438
cait_s24_224,6,ILSVRC2012_val_00024753.JPEG,block24_gap,no_drop,high,gap,14,14,0,0.0,0.9999999403953552,1.0,1.0,0.00339861074462533,0.23278068006038666,0.5768269300460815,19.90707015991211
cait_s24_224,7,ILSVRC2012_val_00024781.JPEG,block24_gap,no_drop,high,gap,14,14,0,0.0,1.0,1.0,1.0,0.04133954644203186,0.25125110149383545,0.5722436904907227,19.89126205444336
cait_s24_224,8,ILSVRC2012_val_00024926.JPEG,block24_gap,no_drop,high,gap,14,14,0,0.0,1.0,1.0,1.0,-0.008864238858222961,0.2357633113861084,0.5789387822151184,19.825679779052734
cait_s24_224,9,ILSVRC2012_val_00025075.JPEG,block24_gap,no_drop,high,gap,14,14,0,0.0,1.0000001192092896,1.0,1.0,-0.006490854546427727,0.22036214172840118,0.5589079856872559,19.965816497802734
cait_s24_224,10,ILSVRC2012_val_00025315.JPEG,block24_gap,no_drop,high,gap,14,14,0,0.0,0.9999999403953552,1.0,1.0,0.025010986253619194,0.22850142419338226,0.5520427823066711,19.903018951416016
cait_s24_224,11,ILSVRC2012_val_00025390.JPEG,block24_gap,no_drop,high,gap,14,14,0,0.0,1.0,1.0,1.0,0.040792178362607956,0.2664810121059418,0.5711196660995483,19.745878219604492
cait_s24_224,12,ILSVRC2012_val_00025402.JPEG,block24_gap,no_drop,high,gap,14,14,0,0.0,1.0,1.0,1.0,0.02284977212548256,0.21150067448616028,0.5666892528533936,19.936452865600586
cait_s24_224,13,ILSVRC2012_val_00025408.JPEG,block24_gap,no_drop,high,gap,14,14,0,0.0,0.9999999403953552,1.0,1.0,0.0027415482327342033,0.21906915307044983,0.5478432774543762,19.69327163696289
cait_s24_224,14,ILSVRC2012_val_00025416.JPEG,block24_gap,no_drop,high,gap,14,14,0,0.0,0.9999999403953552,1.0,1.0,0.014730091206729412,0.22331276535987854,0.5684746503829956,19.960660934448242
cait_s24_224,15,ILSVRC2012_val_00025440.JPEG,block24_gap,no_drop,high,gap,14,14,0,0.0,1.0,1.0,1.0,0.029886074364185333,0.21718893945217133,0.5694512128829956,19.891353607177734
cait_s24_224,16,ILSVRC2012_val_00025446.JPEG,block24_gap,no_drop,high,gap,14,14,0,0.0,0.9999999403953552,1.0,0.9999999403953552,0.012509098276495934,0.24428892135620117,0.5727482438087463,19.81161880493164
cait_s24_224,17,ILSVRC2012_val_00025563.JPEG,block24_gap,no_drop,high,gap,14,14,0,0.0,0.9999998807907104,1.0,1.0,0.0395653136074543,0.3089279234409332,0.5959931015968323,19.330163955688477
cait_s24_224,18,ILSVRC2012_val_00025800.JPEG,block24_gap,no_drop,high,gap,14,14,0,0.0,1.0,1.0,1.0,-0.00801515020430088,0.23814253509044647,0.5713697671890259,19.91731071472168
cait_s24_224,19,ILSVRC2012_val_00025844.JPEG,block24_gap,no_drop,high,gap,14,14,0,0.0,0.9999999403953552,1.0,0.9999999403953552,-0.01008127722889185,0.18184266984462738,0.569316029548645,19.96980094909668
cait_s24_224,20,ILSVRC2012_val_00025851.JPEG,block24_gap,no_drop,high,gap,14,14,0,0.0,1.0000001192092896,1.0,1.0,0.004818257875740528,0.17536816000938416,0.5671964883804321,19.934789657592773
cait_s24_224,21,ILSVRC2012_val_00025907.JPEG,block24_gap,no_drop,high,gap,14,14,0,0.0,1.0000001192092896,1.0,1.0,0.02698313631117344,0.24301008880138397,0.5861354470252991,19.216054916381836
cait_s24_224,22,ILSVRC2012_val_00025989.JPEG,block24_gap,no_drop,high,gap,14,14,0,0.0,0.9999999403953552,1.0,1.0,0.010860267095267773,0.2494078129529953,0.5651742815971375,19.840177536010742
cait_s24_224,23,ILSVRC2012_val_00026068.JPEG,block24_gap,no_drop,high,gap,14,14,0,0.0,1.0000001192092896,1.0,1.0,0.007443730719387531,0.233960822224617,0.5617519617080688,19.947126388549805
cait_s24_224,24,ILSVRC2012_val_00026088.JPEG,block24_gap,no_drop,high,gap,14,14,0,0.0,1.0000001192092896,1.0,1.0,-0.014669791795313358,0.18516206741333008,0.5564731955528259,19.949533462524414
cait_s24_224,25,ILSVRC2012_val_00026113.JPEG,block24_gap,no_drop,high,gap,14,14,0,0.0,1.0,1.0,1.0,0.10037308186292648,0.25220704078674316,0.6037198901176453,18.979454040527344
cait_s24_224,26,ILSVRC2012_val_00026139.JPEG,block24_gap,no_drop,high,gap,14,14,0,0.0,0.9999999403953552,1.0,1.0,0.03009229153394699,0.29006218910217285,0.5652682781219482,19.607162475585938
cait_s24_224,27,ILSVRC2012_val_00026145.JPEG,block24_gap,no_drop,high,gap,14,14,0,0.0,1.0,1.0,1.0,0.0611097626388073,0.32830318808555603,0.5910093188285828,19.070880889892578
cait_s24_224,28,ILSVRC2012_val_00026189.JPEG,block24_gap,no_drop,high,gap,14,14,0,0.0,1.0000001192092896,1.0,1.0,0.011532723903656006,0.2073095589876175,0.573413610458374,19.942760467529297
cait_s24_224,29,ILSVRC2012_val_00026202.JPEG,block24_gap,no_drop,high,gap,14,14,0,0.0,0.9999999403953552,1.0,1.0,0.03176015987992287,0.22515852749347687,0.5769773721694946,19.767126083374023
cait_s24_224,30,ILSVRC2012_val_00026226.JPEG,block24_gap,no_drop,high,gap,14,14,0,0.0,0.9999998807907104,1.0,1.0,0.022448815405368805,0.26106515526771545,0.5676063299179077,19.634754180908203
cait_s24_224,31,ILSVRC2012_val_00026280.JPEG,block24_gap,no_drop,high,gap,14,14,0,0.0,1.0,1.0,1.0,0.05784102529287338,0.3236854374408722,0.5733940005302429,18.996456146240234
cait_s24_224,32,ILSVRC2012_val_00026315.JPEG,block24_gap,no_drop,high,gap,14,14,0,0.0,0.9999998807907104,1.0,1.0,0.02949000522494316,0.2718328535556793,0.5674552321434021,19.697433471679688
cait_s24_224,33,ILSVRC2012_val_00026328.JPEG,block24_gap,no_drop,high,gap,14,14,0,0.0,1.0000001192092896,1.0,1.0,-0.021603532135486603,0.23418855667114258,0.5725758671760559,19.801488876342773
cait_s24_224,34,ILSVRC2012_val_00026332.JPEG,block24_gap,no_drop,high,gap,14,14,0,0.0,0.9999998807907104,1.0,1.0,0.08611972630023956,0.3364667296409607,0.5656326413154602,18.888446807861328
cait_s24_224,35,ILSVRC2012_val_00026390.JPEG,block24_gap,no_drop,high,gap,14,14,0,0.0,0.9999998807907104,1.0,1.0,-0.011961432173848152,0.177077516913414,0.582351803779602,19.534679412841797
cait_s24_224,36,ILSVRC2012_val_00026397.JPEG,block24_gap,no_drop,high,gap,14,14,0,0.0,1.0,1.0,1.0,0.006239609327167273,0.2124987095594406,0.5561808943748474,19.7785701751709
cait_s24_224,37,ILSVRC2012_val_00026436.JPEG,block24_gap,no_drop,high,gap,14,14,0,0.0,0.9999999403953552,1.0,0.9999999403953552,0.05557059496641159,0.3009556531906128,0.5625587701797485,19.025959014892578
cait_s24_224,38,ILSVRC2012_val_00026490.JPEG,block24_gap,no_drop,high,gap,14,14,0,0.0,1.0,1.0,1.0,0.01709168776869774,0.29647961258888245,0.5551090240478516,19.031373977661133
cait_s24_224,39,ILSVRC2012_val_00026510.JPEG,block24_gap,no_drop,high,gap,14,14,0,0.0,0.9999999403953552,1.0,1.0,0.06791196018457413,0.2446521818637848,0.5897753238677979,19.426565170288086
cait_s24_224,40,ILSVRC2012_val_00026559.JPEG,block24_gap,no_drop,high,gap,14,14,0,0.0,1.0000001192092896,1.0,1.0,0.029394328594207764,0.21854440867900848,0.5578048825263977,19.926298141479492
cait_s24_224,41,ILSVRC2012_val_00026627.JPEG,block24_gap,no_drop,high,gap,14,14,0,0.0,1.0,1.0,1.0,-0.011483753100037575,0.2123699188232422,0.5746027231216431,19.94339370727539
cait_s24_224,42,ILSVRC2012_val_00026692.JPEG,block24_gap,no_drop,high,gap,14,14,0,0.0,0.9999999403953552,1.0,1.0,0.3246658742427826,0.451712429523468,0.5973081588745117,16.035829544067383
cait_s24_224,43,ILSVRC2012_val_00026737.JPEG,block24_gap,no_drop,high,gap,14,14,0,0.0,1.0,1.0,1.0,0.10558292269706726,0.2850557863712311,0.5817890763282776,19.36659812927246
cait_s24_224,44,ILSVRC2012_val_00026743.JPEG,block24_gap,no_drop,high,gap,14,14,0,0.0,0.9999999403953552,1.0,1.0,-0.00010756752453744411,0.18613886833190918,0.558843195438385,19.802762985229492
cait_s24_224,45,ILSVRC2012_val_00026754.JPEG,block24_gap,no_drop,high,gap,14,14,0,0.0,1.0,1.0,1.0,0.04252208024263382,0.21872757375240326,0.5938137769699097,19.788372039794922
cait_s24_224,46,ILSVRC2012_val_00026803.JPEG,block24_gap,no_drop,high,gap,14,14,0,0.0,1.0000001192092896,1.0,1.0,0.038162097334861755,0.2410435974597931,0.5836130380630493,19.797481536865234
cait_s24_224,47,ILSVRC2012_val_00026901.JPEG,block24_gap,no_drop,high,gap,14,14,0,0.0,1.0000001192092896,1.0,1.0,0.14399078488349915,0.4328032433986664,0.5833286643028259,16.058717727661133
cait_s24_224,48,ILSVRC2012_val_00026916.JPEG,block24_gap,no_drop,high,gap,14,14,0,0.0,1.0,1.0,1.0,-0.005140295252203941,0.21784734725952148,0.5629225373268127,19.922550201416016
cait_s24_224,49,ILSVRC2012_val_00026925.JPEG,block24_gap,no_drop,high,gap,14,14,0,0.0,1.0000001192092896,1.0,1.0,0.011527135968208313,0.23992152512073517,0.5834180116653442,19.876163482666016
cait_s24_224,50,ILSVRC2012_val_00026972.JPEG,block24_gap,no_drop,high,gap,14,14,0,0.0,1.0000001192092896,1.0,1.0,0.02297131158411503,0.32755500078201294,0.5930916666984558,18.912870407104492
cait_s24_224,51,ILSVRC2012_val_00027124.JPEG,block24_gap,no_drop,high,gap,14,14,0,0.0,1.0000001192092896,1.0,1.0,0.009184014052152634,0.20381002128124237,0.575359046459198,19.77922821044922
cait_s24_224,52,ILSVRC2012_val_00027141.JPEG,block24_gap,no_drop,high,gap,14,14,0,0.0,1.0,1.0,1.0,0.026260409504175186,0.24122312664985657,0.569416344165802,19.912330627441406
cait_s24_224,53,ILSVRC2012_val_00027148.JPEG,block24_gap,no_drop,high,gap,14,14,0,0.0,1.0,1.0,1.0,0.014733978547155857,0.2107285112142563,0.5655412673950195,19.746963500976562
cait_s24_224,54,ILSVRC2012_val_00027201.JPEG,block24_gap,no_drop,high,gap,14,14,0,0.0,1.0,1.0,1.0,0.003577915485948324,0.22002457082271576,0.5627371668815613,19.949052810668945
cait_s24_224,55,ILSVRC2012_val_00027287.JPEG,block24_gap,no_drop,high,gap,14,14,0,0.0,1.0,1.0,1.0,-9.833020158112049e-06,0.2236795276403427,0.5605289340019226,19.910860061645508
cait_s24_224,56,ILSVRC2012_val_00027348.JPEG,block24_gap,no_drop,high,gap,14,14,0,0.0,1.0,1.0,1.0,0.009028307162225246,0.2651812732219696,0.5865898728370667,19.634117126464844
cait_s24_224,57,ILSVRC2012_val_00027385.JPEG,block24_gap,no_drop,high,gap,14,14,0,0.0,0.9999999403953552,1.0,1.0,0.06347940117120743,0.3156813085079193,0.6031047105789185,19.25115966796875
cait_s24_224,58,ILSVRC2012_val_00027498.JPEG,block24_gap,no_drop,high,gap,14,14,0,0.0,1.0,1.0,1.0,0.010755516588687897,0.22371570765972137,0.5650015473365784,19.938560485839844
cait_s24_224,59,ILSVRC2012_val_00027530.JPEG,block24_gap,no_drop,high,gap,14,14,0,0.0,1.0000001192092896,1.0,1.0,0.0015406911261379719,0.21902351081371307,0.5670469999313354,19.917858123779297
cait_s24_224,60,ILSVRC2012_val_00027633.JPEG,block24_gap,no_drop,high,gap,14,14,0,0.0,1.0,1.0,1.0,0.015785396099090576,0.3320194184780121,0.5855957269668579,18.68811798095703
cait_s24_224,61,ILSVRC2012_val_00027636.JPEG,block24_gap,no_drop,high,gap,14,14,0,0.0,1.0,1.0,1.0,0.035727836191654205,0.2451256811618805,0.5705234408378601,19.851932525634766
cait_s24_224,62,ILSVRC2012_val_00027657.JPEG,block24_gap,no_drop,high,gap,14,14,0,0.0,0.9999998807907104,1.0,1.0,0.1231655552983284,0.29315900802612305,0.5759672522544861,19.0404052734375
cait_s24_224,63,ILSVRC2012_val_00027790.JPEG,block24_gap,no_drop,high,gap,14,14,0,0.0,1.0000001192092896,1.0,0.9999999403953552,0.2644490599632263,0.3956027626991272,0.5897085666656494,17.918014526367188
