model,image_name,label,early_late_spearman,strict_promotion_fraction,promotion_flip_spearman,promotion_flip_top_iou
vit_base_patch16_224,ILSVRC2012_val_00031361.JPEG,282,-0.6127550601959229,0.1428571492433548,0.9420408010482788,0.75
vit_base_patch16_224,ILSVRC2012_val_00031410.JPEG,589,0.015102043747901917,0.08163265138864517,0.8241836428642273,0.5555555820465088
vit_base_patch16_224,ILSVRC2012_val_00031472.JPEG,317,-0.08989796787500381,0.06122449040412903,0.8934693932533264,0.75
vit_base_patch16_224,ILSVRC2012_val_00031495.JPEG,918,0.17877551913261414,0.040816325694322586,0.7338775992393494,0.4000000059604645
vit_base_patch16_224,ILSVRC2012_val_00031548.JPEG,889,-0.07336734980344772,0.10204081982374191,0.8508164286613464,0.4000000059604645
vit_base_patch16_224,ILSVRC2012_val_00031586.JPEG,49,-0.09010202437639236,0.08163265138864517,0.850612223148346,0.4000000059604645
vit_base_patch16_224,ILSVRC2012_val_00031588.JPEG,624,-0.42642855644226074,0.1428571492433548,0.8826531171798706,0.5555555820465088
vit_base_patch16_224,ILSVRC2012_val_00031593.JPEG,993,0.07877549529075623,0.06122449040412903,0.9246938824653625,0.75
vit_base_patch16_224,ILSVRC2012_val_00031629.JPEG,719,0.021122440695762634,0.08163265138864517,0.8458163142204285,0.5555555820465088
vit_base_patch16_224,ILSVRC2012_val_00031647.JPEG,945,-0.1738775372505188,0.12244898080825806,0.913877546787262,0.5555555820465088
vit_base_patch16_224,ILSVRC2012_val_00031670.JPEG,461,-0.4248979091644287,0.10204081982374191,0.954081654548645,0.4000000059604645
vit_base_patch16_224,ILSVRC2012_val_00031686.JPEG,290,-0.47489798069000244,0.1428571492433548,0.9639796018600464,0.5555555820465088
vit_base_patch16_224,ILSVRC2012_val_00031762.JPEG,377,0.16724491119384766,0.040816325694322586,0.8635714054107666,0.5555555820465088
vit_base_patch16_224,ILSVRC2012_val_00031783.JPEG,830,-0.46918368339538574,0.1428571492433548,0.9487754702568054,0.5555555820465088
vit_base_patch16_224,ILSVRC2012_val_00031785.JPEG,212,0.3524489998817444,0.06122449040412903,0.8274490237236023,1.0
vit_base_patch16_224,ILSVRC2012_val_00031789.JPEG,665,-0.19816327095031738,0.12244898080825806,0.9265307188034058,0.75
vit_base_patch16_224,ILSVRC2012_val_00031922.JPEG,141,-0.14663264155387878,0.10204081982374191,0.6773470640182495,0.75
vit_base_patch16_224,ILSVRC2012_val_00031927.JPEG,59,-0.14806120097637177,0.06122449040412903,0.923061192035675,0.4000000059604645
vit_base_patch16_224,ILSVRC2012_val_00032032.JPEG,978,-0.02663266845047474,0.06122449040412903,0.9673469662666321,0.75
vit_base_patch16_224,ILSVRC2012_val_00032039.JPEG,464,-0.01775508001446724,0.06122449040412903,0.9467347264289856,0.5555555820465088
vit_base_patch16_224,ILSVRC2012_val_00032046.JPEG,487,-0.1135714203119278,0.08163265138864517,0.9502041339874268,0.5555555820465088
vit_base_patch16_224,ILSVRC2012_val_00032097.JPEG,826,-0.41499996185302734,0.1428571492433548,0.9389796257019043,0.5555555820465088
vit_base_patch16_224,ILSVRC2012_val_00032098.JPEG,745,-0.06510204076766968,0.08163265138864517,0.8045918345451355,0.75
vit_base_patch16_224,ILSVRC2012_val_00032102.JPEG,19,0.04591837897896767,0.08163265138864517,0.8787755370140076,0.5555555820465088
vit_base_patch16_224,ILSVRC2012_val_00032120.JPEG,157,0.2630612254142761,0.020408162847161293,0.7021428942680359,0.27272728085517883
vit_base_patch16_224,ILSVRC2012_val_00032188.JPEG,256,0.031836722046136856,0.08163265138864517,0.883877694606781,0.75
vit_base_patch16_224,ILSVRC2012_val_00032370.JPEG,948,-0.15877552330493927,0.08163265138864517,0.8864285349845886,0.5555555820465088
vit_base_patch16_224,ILSVRC2012_val_00032435.JPEG,416,-0.1485714316368103,0.12244898080825806,0.8845918774604797,0.75
vit_base_patch16_224,ILSVRC2012_val_00032552.JPEG,287,0.350408136844635,0.020408162847161293,0.8878571391105652,0.75
vit_base_patch16_224,ILSVRC2012_val_00032623.JPEG,277,0.4346939027309418,0.020408162847161293,0.8705102205276489,0.5555555820465088
vit_base_patch16_224,ILSVRC2012_val_00032646.JPEG,248,0.5151020288467407,0.0,0.7929591536521912,0.1666666716337204
vit_base_patch16_224,ILSVRC2012_val_00032695.JPEG,996,-0.5796938538551331,0.1428571492433548,0.9194898009300232,0.5555555820465088
vit_base_patch16_224,ILSVRC2012_val_00032723.JPEG,426,-0.20306122303009033,0.040816325694322586,0.9026530981063843,0.75
vit_base_patch16_224,ILSVRC2012_val_00032911.JPEG,543,0.11153063923120499,0.08163265138864517,0.8439795970916748,0.4000000059604645
vit_base_patch16_224,ILSVRC2012_val_00032926.JPEG,647,0.0990816056728363,0.06122449040412903,0.8730611801147461,0.5555555820465088
vit_base_patch16_224,ILSVRC2012_val_00032950.JPEG,420,-0.33132654428482056,0.10204081982374191,0.934183657169342,0.75
vit_base_patch16_224,ILSVRC2012_val_00033014.JPEG,119,-0.09000000357627869,0.12244898080825806,0.8037754893302917,0.1666666716337204
vit_base_patch16_224,ILSVRC2012_val_00033018.JPEG,346,0.23255100846290588,0.020408162847161293,0.9316326379776001,0.4000000059604645
vit_base_patch16_224,ILSVRC2012_val_00033076.JPEG,99,0.4248979687690735,0.040816325694322586,0.8604081869125366,0.5555555820465088
vit_base_patch16_224,ILSVRC2012_val_00033149.JPEG,200,0.6774490475654602,0.0,0.7145918607711792,0.27272728085517883
vit_base_patch16_224,ILSVRC2012_val_00033150.JPEG,18,0.06173468753695488,0.06122449040412903,0.8162245154380798,0.75
vit_base_patch16_224,ILSVRC2012_val_00033171.JPEG,796,-0.36642855405807495,0.12244898080825806,0.8764285445213318,0.1666666716337204
vit_base_patch16_224,ILSVRC2012_val_00033207.JPEG,534,-0.08479589223861694,0.08163265138864517,0.8095918893814087,0.4000000059604645
vit_base_patch16_224,ILSVRC2012_val_00033255.JPEG,825,-0.3148980140686035,0.08163265138864517,0.8723469972610474,0.4000000059604645
vit_base_patch16_224,ILSVRC2012_val_00033340.JPEG,90,-0.3891836702823639,0.1428571492433548,0.92734694480896,0.4000000059604645
vit_base_patch16_224,ILSVRC2012_val_00033725.JPEG,754,-0.0367346927523613,0.06122449040412903,0.7044897675514221,0.5555555820465088
vit_base_patch16_224,ILSVRC2012_val_00033897.JPEG,267,-0.3055102229118347,0.08163265138864517,0.8698979616165161,0.27272728085517883
vit_base_patch16_224,ILSVRC2012_val_00033960.JPEG,30,-0.567142903804779,0.16326530277729034,0.9272449612617493,0.75
vit_base_patch16_224,ILSVRC2012_val_00033997.JPEG,183,-0.590204119682312,0.1428571492433548,0.9255102276802063,0.5555555820465088
vit_base_patch16_224,ILSVRC2012_val_00034008.JPEG,851,-0.28928571939468384,0.10204081982374191,0.9291837811470032,0.75
vit_base_patch16_224,ILSVRC2012_val_00034055.JPEG,179,0.5640816688537598,0.020408162847161293,0.809387743473053,0.4000000059604645
vit_base_patch16_224,ILSVRC2012_val_00034168.JPEG,22,0.06448978185653687,0.10204081982374191,0.9347959160804749,0.5555555820465088
vit_base_patch16_224,ILSVRC2012_val_00034182.JPEG,552,-0.28479596972465515,0.1428571492433548,0.8747959733009338,0.4000000059604645
vit_base_patch16_224,ILSVRC2012_val_00034217.JPEG,852,-0.35673466324806213,0.08163265138864517,0.9492857456207275,0.75
vit_base_patch16_224,ILSVRC2012_val_00034225.JPEG,393,-0.22959187626838684,0.12244898080825806,0.7664285898208618,0.4000000059604645
vit_base_patch16_224,ILSVRC2012_val_00034230.JPEG,375,0.19683676958084106,0.08163265138864517,0.8914285898208618,0.5555555820465088
vit_base_patch16_224,ILSVRC2012_val_00034302.JPEG,411,0.06816326081752777,0.12244898080825806,0.7036735415458679,0.5555555820465088
vit_base_patch16_224,ILSVRC2012_val_00034356.JPEG,163,0.27918365597724915,0.06122449040412903,0.8747958540916443,0.75
vit_base_patch16_224,ILSVRC2012_val_00034359.JPEG,715,-0.28244897723197937,0.10204081982374191,0.8976531624794006,0.5555555820465088
vit_base_patch16_224,ILSVRC2012_val_00034391.JPEG,921,0.09051020443439484,0.06122449040412903,0.706632673740387,0.4000000059604645
vit_base_patch16_224,ILSVRC2012_val_00034406.JPEG,76,-0.19704082608222961,0.12244898080825806,0.7539795637130737,0.4000000059604645
vit_base_patch16_224,ILSVRC2012_val_00034438.JPEG,353,0.3294898271560669,0.06122449040412903,0.7458162903785706,0.4000000059604645
vit_base_patch16_224,ILSVRC2012_val_00034459.JPEG,625,-0.08265306055545807,0.08163265138864517,0.8838775753974915,0.4000000059604645
vit_base_patch16_224,ILSVRC2012_val_00034548.JPEG,130,-0.33071428537368774,0.12244898080825806,0.8280612230300903,0.4000000059604645
cait_s24_224,ILSVRC2012_val_00031361.JPEG,282,0.5540816187858582,0.0,0.7599999904632568,0.4000000059604645
cait_s24_224,ILSVRC2012_val_00031410.JPEG,589,-0.3564285933971405,0.16326530277729034,0.9486734867095947,0.75
cait_s24_224,ILSVRC2012_val_00031472.JPEG,317,-0.30714288353919983,0.08163265138864517,0.9155102372169495,0.4000000059604645
cait_s24_224,ILSVRC2012_val_00031495.JPEG,918,0.16989798843860626,0.040816325694322586,0.8309183716773987,0.27272728085517883
cait_s24_224,ILSVRC2012_val_00031548.JPEG,889,0.1697959154844284,0.06122449040412903,0.9281632900238037,0.5555555820465088
cait_s24_224,ILSVRC2012_val_00031586.JPEG,49,-0.21775510907173157,0.10204081982374191,0.9098979830741882,0.75
cait_s24_224,ILSVRC2012_val_00031588.JPEG,624,0.2638775706291199,0.020408162847161293,0.8674490451812744,0.5555555820465088
cait_s24_224,ILSVRC2012_val_00031593.JPEG,993,-0.22448977828025818,0.10204081982374191,0.9588776230812073,0.5555555820465088
cait_s24_224,ILSVRC2012_val_00031629.JPEG,719,0.6516326665878296,0.040816325694322586,0.9112244844436646,0.75
cait_s24_224,ILSVRC2012_val_00031647.JPEG,945,0.2819387912750244,0.040816325694322586,0.9345918297767639,0.5555555820465088
cait_s24_224,ILSVRC2012_val_00031670.JPEG,461,0.5503061413764954,0.0,0.8854081630706787,1.0
cait_s24_224,ILSVRC2012_val_00031686.JPEG,290,0.010102059692144394,0.1428571492433548,0.9379591941833496,0.5555555820465088
cait_s24_224,ILSVRC2012_val_00031762.JPEG,377,0.08408163487911224,0.10204081982374191,0.9462245106697083,0.4000000059604645
cait_s24_224,ILSVRC2012_val_00031783.JPEG,830,-0.007040835916996002,0.12244898080825806,0.9511224627494812,1.0
cait_s24_224,ILSVRC2012_val_00031785.JPEG,212,0.044693879783153534,0.08163265138864517,0.9005102515220642,0.75
cait_s24_224,ILSVRC2012_val_00031789.JPEG,665,0.41632652282714844,0.020408162847161293,0.910510241985321,1.0
cait_s24_224,ILSVRC2012_val_00031922.JPEG,141,0.35897961258888245,0.040816325694322586,0.8238775730133057,0.5555555820465088
cait_s24_224,ILSVRC2012_val_00031927.JPEG,59,-0.16948983073234558,0.1428571492433548,0.9582653641700745,0.75
cait_s24_224,ILSVRC2012_val_00032032.JPEG,978,-0.3991836607456207,0.10204081982374191,0.9680612683296204,0.4000000059604645
cait_s24_224,ILSVRC2012_val_00032039.JPEG,464,0.49877551198005676,0.0,0.8752040863037109,0.5555555820465088
cait_s24_224,ILSVRC2012_val_00032046.JPEG,487,-0.15979591012001038,0.12244898080825806,0.9768367409706116,0.75
cait_s24_224,ILSVRC2012_val_00032097.JPEG,826,0.590204119682312,0.020408162847161293,0.8505102396011353,0.4000000059604645
cait_s24_224,ILSVRC2012_val_00032098.JPEG,745,0.6716326475143433,0.020408162847161293,0.7558163404464722,0.5555555820465088
cait_s24_224,ILSVRC2012_val_00032102.JPEG,19,0.08959183841943741,0.08163265138864517,0.8732653260231018,0.5555555820465088
cait_s24_224,ILSVRC2012_val_00032120.JPEG,157,0.05857143551111221,0.12244898080825806,0.9154081344604492,0.5555555820465088
cait_s24_224,ILSVRC2012_val_00032188.JPEG,256,0.1401020586490631,0.10204081982374191,0.9237755537033081,0.5555555820465088
cait_s24_224,ILSVRC2012_val_00032370.JPEG,948,-0.07765306532382965,0.10204081982374191,0.9409183263778687,0.5555555820465088
cait_s24_224,ILSVRC2012_val_00032435.JPEG,416,-0.3655102252960205,0.1428571492433548,0.9763265252113342,1.0
cait_s24_224,ILSVRC2012_val_00032552.JPEG,287,0.11755102127790451,0.08163265138864517,0.9100000858306885,0.5555555820465088
cait_s24_224,ILSVRC2012_val_00032623.JPEG,277,0.03479591757059097,0.040816325694322586,0.9088775515556335,0.75
cait_s24_224,ILSVRC2012_val_00032646.JPEG,248,0.1658163219690323,0.06122449040412903,0.9488774538040161,0.5555555820465088
cait_s24_224,ILSVRC2012_val_00032695.JPEG,996,0.18214288353919983,0.10204081982374191,0.824591875076294,0.5555555820465088
cait_s24_224,ILSVRC2012_val_00032723.JPEG,426,-0.03071426972746849,0.10204081982374191,0.9658163785934448,0.75
cait_s24_224,ILSVRC2012_val_00032911.JPEG,543,-0.1714285910129547,0.10204081982374191,0.9679591655731201,0.5555555820465088
cait_s24_224,ILSVRC2012_val_00032926.JPEG,647,0.28683674335479736,0.020408162847161293,0.9637755751609802,0.5555555820465088
cait_s24_224,ILSVRC2012_val_00032950.JPEG,420,0.2527551054954529,0.08163265138864517,0.9141837358474731,0.75
cait_s24_224,ILSVRC2012_val_00033014.JPEG,119,0.3518367409706116,0.040816325694322586,0.8909183740615845,0.5555555820465088
cait_s24_224,ILSVRC2012_val_00033018.JPEG,346,0.7497959136962891,0.0,0.9024490118026733,0.75
cait_s24_224,ILSVRC2012_val_00033076.JPEG,99,0.39571431279182434,0.040816325694322586,0.8966326117515564,0.5555555820465088
cait_s24_224,ILSVRC2012_val_00033149.JPEG,200,-0.04428570717573166,0.12244898080825806,0.9084694385528564,0.4000000059604645
cait_s24_224,ILSVRC2012_val_00033150.JPEG,18,0.37714284658432007,0.06122449040412903,0.8791835904121399,0.75
cait_s24_224,ILSVRC2012_val_00033171.JPEG,796,0.3440816402435303,0.040816325694322586,0.9186734557151794,0.75
cait_s24_224,ILSVRC2012_val_00033207.JPEG,534,0.24724489450454712,0.08163265138864517,0.9315305948257446,0.5555555820465088
cait_s24_224,ILSVRC2012_val_00033255.JPEG,825,0.5625510215759277,0.040816325694322586,0.9147959351539612,0.75
cait_s24_224,ILSVRC2012_val_00033340.JPEG,90,0.012448970228433609,0.10204081982374191,0.9310203790664673,1.0
cait_s24_224,ILSVRC2012_val_00033725.JPEG,754,0.3034694194793701,0.040816325694322586,0.9351020455360413,0.75
cait_s24_224,ILSVRC2012_val_00033897.JPEG,267,0.49979591369628906,0.040816325694322586,0.8937755227088928,0.5555555820465088
cait_s24_224,ILSVRC2012_val_00033960.JPEG,30,0.6176530718803406,0.020408162847161293,0.8760204315185547,0.5555555820465088
cait_s24_224,ILSVRC2012_val_00033997.JPEG,183,0.5564286112785339,0.020408162847161293,0.95081627368927,0.4000000059604645
cait_s24_224,ILSVRC2012_val_00034008.JPEG,851,0.05673469603061676,0.040816325694322586,0.9438775777816772,0.75
cait_s24_224,ILSVRC2012_val_00034055.JPEG,179,0.10734694451093674,0.10204081982374191,0.8819388151168823,1.0
cait_s24_224,ILSVRC2012_val_00034168.JPEG,22,0.1752040982246399,0.06122449040412903,0.9616326689720154,1.0
cait_s24_224,ILSVRC2012_val_00034182.JPEG,552,0.09989795088768005,0.08163265138864517,0.889081597328186,0.5555555820465088
cait_s24_224,ILSVRC2012_val_00034217.JPEG,852,0.611530601978302,0.020408162847161293,0.7909183502197266,0.4000000059604645
cait_s24_224,ILSVRC2012_val_00034225.JPEG,393,0.35734692215919495,0.08163265138864517,0.8152040243148804,0.5555555820465088
cait_s24_224,ILSVRC2012_val_00034230.JPEG,375,-0.059387773275375366,0.12244898080825806,0.9202040433883667,1.0
cait_s24_224,ILSVRC2012_val_00034302.JPEG,411,0.5748979449272156,0.0,0.8631633520126343,0.5555555820465088
cait_s24_224,ILSVRC2012_val_00034356.JPEG,163,0.3780612349510193,0.040816325694322586,0.9416326284408569,0.5555555820465088
cait_s24_224,ILSVRC2012_val_00034359.JPEG,715,0.05387754365801811,0.08163265138864517,0.9211224317550659,0.5555555820465088
cait_s24_224,ILSVRC2012_val_00034391.JPEG,921,-0.7751020193099976,0.16326530277729034,0.9842857718467712,0.75
cait_s24_224,ILSVRC2012_val_00034406.JPEG,76,0.32469385862350464,0.040816325694322586,0.9415305852890015,0.5555555820465088
cait_s24_224,ILSVRC2012_val_00034438.JPEG,353,0.10663264244794846,0.08163265138864517,0.7410204410552979,0.27272728085517883
cait_s24_224,ILSVRC2012_val_00034459.JPEG,625,0.08030612766742706,0.040816325694322586,0.845714271068573,0.75
cait_s24_224,ILSVRC2012_val_00034548.JPEG,130,0.4076530635356903,0.08163265138864517,0.9463265538215637,0.75
pit_b_224,ILSVRC2012_val_00031361.JPEG,282,0.0468367338180542,0.06122449040412903,0.8466325998306274,0.5555555820465088
pit_b_224,ILSVRC2012_val_00031410.JPEG,589,0.011428577825427055,0.08163265138864517,0.6153061389923096,0.27272728085517883
pit_b_224,ILSVRC2012_val_00031472.JPEG,317,-0.21908165514469147,0.12244898080825806,0.7119387984275818,0.5555555820465088
pit_b_224,ILSVRC2012_val_00031495.JPEG,918,0.1064285859465599,0.08163265138864517,0.6965306401252747,0.4000000059604645
pit_b_224,ILSVRC2012_val_00031548.JPEG,889,0.42846938967704773,0.040816325694322586,0.9125509858131409,0.5555555820465088
pit_b_224,ILSVRC2012_val_00031586.JPEG,49,0.42102038860321045,0.06122449040412903,0.6283673644065857,0.5555555820465088
pit_b_224,ILSVRC2012_val_00031588.JPEG,624,-0.08102040737867355,0.08163265138864517,0.8695918917655945,0.27272728085517883
pit_b_224,ILSVRC2012_val_00031593.JPEG,993,-0.3811224102973938,0.12244898080825806,0.8624489903450012,0.5555555820465088
pit_b_224,ILSVRC2012_val_00031629.JPEG,719,0.4758163392543793,0.020408162847161293,0.8867347240447998,0.5555555820465088
pit_b_224,ILSVRC2012_val_00031647.JPEG,945,0.3186734616756439,0.040816325694322586,0.6940816044807434,0.75
pit_b_224,ILSVRC2012_val_00031670.JPEG,461,0.047551002353429794,0.06122449040412903,0.742142915725708,0.5555555820465088
pit_b_224,ILSVRC2012_val_00031686.JPEG,290,0.05132654309272766,0.10204081982374191,0.6931633353233337,0.4000000059604645
pit_b_224,ILSVRC2012_val_00031762.JPEG,377,0.089591845870018,0.06122449040412903,0.8534693717956543,0.5555555820465088
pit_b_224,ILSVRC2012_val_00031783.JPEG,830,-0.32928571105003357,0.1428571492433548,0.9059183597564697,0.5555555820465088
pit_b_224,ILSVRC2012_val_00031785.JPEG,212,-0.1267346888780594,0.1428571492433548,0.7549999952316284,0.4000000059604645
pit_b_224,ILSVRC2012_val_00031789.JPEG,665,0.20071430504322052,0.040816325694322586,0.7320408821105957,0.27272728085517883
pit_b_224,ILSVRC2012_val_00031922.JPEG,141,0.393979549407959,0.040816325694322586,0.46479591727256775,0.27272728085517883
pit_b_224,ILSVRC2012_val_00031927.JPEG,59,-0.2173469215631485,0.10204081982374191,0.8297958970069885,0.5555555820465088
pit_b_224,ILSVRC2012_val_00032032.JPEG,978,0.2618367373943329,0.020408162847161293,0.7645918130874634,0.5555555820465088
pit_b_224,ILSVRC2012_val_00032039.JPEG,464,-0.43724489212036133,0.12244898080825806,0.8688775897026062,0.5555555820465088
pit_b_224,ILSVRC2012_val_00032046.JPEG,487,0.03540816903114319,0.06122449040412903,0.8357143402099609,0.5555555820465088
pit_b_224,ILSVRC2012_val_00032097.JPEG,826,-0.3136734366416931,0.10204081982374191,0.9103061556816101,0.5555555820465088
pit_b_224,ILSVRC2012_val_00032098.JPEG,745,-0.13499996066093445,0.12244898080825806,0.7793878316879272,0.27272728085517883
pit_b_224,ILSVRC2012_val_00032102.JPEG,19,0.1459183692932129,0.08163265138864517,0.6307142972946167,0.4000000059604645
pit_b_224,ILSVRC2012_val_00032120.JPEG,157,0.3287754952907562,0.020408162847161293,0.8050000071525574,0.4000000059604645
pit_b_224,ILSVRC2012_val_00032188.JPEG,256,-0.1536734700202942,0.06122449040412903,0.5463265180587769,0.27272728085517883
pit_b_224,ILSVRC2012_val_00032370.JPEG,948,-0.09408162534236908,0.08163265138864517,0.858571469783783,0.5555555820465088
pit_b_224,ILSVRC2012_val_00032435.JPEG,416,0.17265307903289795,0.040816325694322586,0.6949999928474426,0.4000000059604645
pit_b_224,ILSVRC2012_val_00032552.JPEG,287,0.46551021933555603,0.040816325694322586,0.6601020693778992,0.27272728085517883
pit_b_224,ILSVRC2012_val_00032623.JPEG,277,0.27734696865081787,0.10204081982374191,0.7790815830230713,0.27272728085517883
pit_b_224,ILSVRC2012_val_00032646.JPEG,248,-0.08408163487911224,0.12244898080825806,0.7984693646430969,0.75
pit_b_224,ILSVRC2012_val_00032695.JPEG,996,0.04051023721694946,0.10204081982374191,0.705612301826477,0.1666666716337204
pit_b_224,ILSVRC2012_val_00032723.JPEG,426,-0.0121428482234478,0.06122449040412903,0.7340816259384155,0.27272728085517883
pit_b_224,ILSVRC2012_val_00032911.JPEG,543,0.4439795911312103,0.020408162847161293,0.6590816378593445,0.4000000059604645
pit_b_224,ILSVRC2012_val_00032926.JPEG,647,0.18306122720241547,0.06122449040412903,0.886938750743866,0.5555555820465088
pit_b_224,ILSVRC2012_val_00032950.JPEG,420,0.46683672070503235,0.020408162847161293,0.7564285397529602,0.4000000059604645
pit_b_224,ILSVRC2012_val_00033014.JPEG,119,-0.21142858266830444,0.06122449040412903,0.7214286923408508,0.5555555820465088
pit_b_224,ILSVRC2012_val_00033018.JPEG,346,0.08204081654548645,0.08163265138864517,0.8704081773757935,0.5555555820465088
pit_b_224,ILSVRC2012_val_00033076.JPEG,99,-0.11836732178926468,0.10204081982374191,0.48265308141708374,0.1666666716337204
pit_b_224,ILSVRC2012_val_00033149.JPEG,200,-0.28928568959236145,0.12244898080825806,0.8872448801994324,0.4000000059604645
pit_b_224,ILSVRC2012_val_00033150.JPEG,18,0.3753061294555664,0.12244898080825806,0.8101020455360413,0.4000000059604645
pit_b_224,ILSVRC2012_val_00033171.JPEG,796,-0.10775509476661682,0.12244898080825806,0.674795925617218,0.27272728085517883
pit_b_224,ILSVRC2012_val_00033207.JPEG,534,0.3942857086658478,0.08163265138864517,0.6376530528068542,0.1666666716337204
pit_b_224,ILSVRC2012_val_00033255.JPEG,825,-0.1550000160932541,0.08163265138864517,0.8235714435577393,0.27272728085517883
pit_b_224,ILSVRC2012_val_00033340.JPEG,90,-0.45969387888908386,0.08163265138864517,0.9146938323974609,0.75
pit_b_224,ILSVRC2012_val_00033725.JPEG,754,-0.3356122076511383,0.08163265138864517,0.80765300989151,0.1666666716337204
pit_b_224,ILSVRC2012_val_00033897.JPEG,267,-0.2853061258792877,0.16326530277729034,0.7402040958404541,0.4000000059604645
pit_b_224,ILSVRC2012_val_00033960.JPEG,30,-0.08938774466514587,0.06122449040412903,0.8867347240447998,0.75
pit_b_224,ILSVRC2012_val_00033997.JPEG,183,-0.30714285373687744,0.1428571492433548,0.8044898509979248,0.4000000059604645
pit_b_224,ILSVRC2012_val_00034008.JPEG,851,0.22132651507854462,0.040816325694322586,0.8410203456878662,0.4000000059604645
pit_b_224,ILSVRC2012_val_00034055.JPEG,179,0.3689796030521393,0.020408162847161293,0.7663265466690063,0.75
pit_b_224,ILSVRC2012_val_00034168.JPEG,22,0.23877552151679993,0.040816325694322586,0.8624489903450012,0.75
pit_b_224,ILSVRC2012_val_00034182.JPEG,552,-0.24724486470222473,0.12244898080825806,0.9063265919685364,0.75
pit_b_224,ILSVRC2012_val_00034217.JPEG,852,0.0906122475862503,0.06122449040412903,0.8497959971427917,0.4000000059604645
pit_b_224,ILSVRC2012_val_00034225.JPEG,393,0.08204081654548645,0.08163265138864517,0.7479592561721802,0.5555555820465088
pit_b_224,ILSVRC2012_val_00034230.JPEG,375,0.3692857027053833,0.020408162847161293,0.6112245321273804,0.1666666716337204
pit_b_224,ILSVRC2012_val_00034302.JPEG,411,0.2741836607456207,0.040816325694322586,0.8373469114303589,0.27272728085517883
pit_b_224,ILSVRC2012_val_00034356.JPEG,163,0.053877539932727814,0.10204081982374191,0.6674489378929138,0.4000000059604645
pit_b_224,ILSVRC2012_val_00034359.JPEG,715,0.13724491000175476,0.06122449040412903,0.6538775563240051,0.1666666716337204
pit_b_224,ILSVRC2012_val_00034391.JPEG,921,0.07479590177536011,0.08163265138864517,0.7961224317550659,0.5555555820465088
pit_b_224,ILSVRC2012_val_00034406.JPEG,76,0.14030610024929047,0.08163265138864517,0.7704081535339355,0.4000000059604645
pit_b_224,ILSVRC2012_val_00034438.JPEG,353,0.44020408391952515,0.020408162847161293,0.5941836833953857,0.07692307978868484
pit_b_224,ILSVRC2012_val_00034459.JPEG,625,0.36867350339889526,0.10204081982374191,0.6939796209335327,0.1666666716337204
pit_b_224,ILSVRC2012_val_00034548.JPEG,130,0.1084693968296051,0.06122449040412903,0.6590816974639893,0.5555555820465088
visformer_small,ILSVRC2012_val_00031361.JPEG,282,0.5660204291343689,0.040816325694322586,0.883163332939148,0.75
visformer_small,ILSVRC2012_val_00031410.JPEG,589,0.1748979687690735,0.040816325694322586,0.981632649898529,0.5555555820465088
visformer_small,ILSVRC2012_val_00031472.JPEG,317,-0.46479591727256775,0.10204081982374191,0.9377551674842834,0.4000000059604645
visformer_small,ILSVRC2012_val_00031495.JPEG,918,0.03765306621789932,0.06122449040412903,0.9528571367263794,0.75
visformer_small,ILSVRC2012_val_00031548.JPEG,889,0.4328571557998657,0.020408162847161293,0.9435714483261108,0.5555555820465088
visformer_small,ILSVRC2012_val_00031586.JPEG,49,0.3076530694961548,0.020408162847161293,0.8850000500679016,0.75
visformer_small,ILSVRC2012_val_00031588.JPEG,624,-0.2705102264881134,0.08163265138864517,0.9413265585899353,0.75
visformer_small,ILSVRC2012_val_00031593.JPEG,993,0.2573469281196594,0.040816325694322586,0.9417347311973572,0.75
visformer_small,ILSVRC2012_val_00031629.JPEG,719,0.12377549707889557,0.040816325694322586,0.9607143402099609,0.5555555820465088
visformer_small,ILSVRC2012_val_00031647.JPEG,945,0.5304081439971924,0.040816325694322586,0.9640816450119019,0.75
visformer_small,ILSVRC2012_val_00031670.JPEG,461,-0.11030613631010056,0.06122449040412903,0.9624490737915039,0.75
visformer_small,ILSVRC2012_val_00031686.JPEG,290,0.24877551198005676,0.06122449040412903,0.8563265800476074,0.5555555820465088
visformer_small,ILSVRC2012_val_00031762.JPEG,377,0.0657142922282219,0.06122449040412903,0.9616327285766602,0.5555555820465088
visformer_small,ILSVRC2012_val_00031783.JPEG,830,0.24632655084133148,0.10204081982374191,0.9428570866584778,0.5555555820465088
visformer_small,ILSVRC2012_val_00031785.JPEG,212,-0.4038775563240051,0.12244898080825806,0.9725509881973267,1.0
visformer_small,ILSVRC2012_val_00031789.JPEG,665,0.44653061032295227,0.040816325694322586,0.8888776302337646,0.5555555820465088
visformer_small,ILSVRC2012_val_00031922.JPEG,141,0.0802040696144104,0.040816325694322586,0.952551007270813,0.5555555820465088
visformer_small,ILSVRC2012_val_00031927.JPEG,59,0.09469389170408249,0.08163265138864517,0.9697959423065186,1.0
visformer_small,ILSVRC2012_val_00032032.JPEG,978,0.11520408093929291,0.06122449040412903,0.9812244772911072,0.75
visformer_small,ILSVRC2012_val_00032039.JPEG,464,-0.3836734890937805,0.12244898080825806,0.9616326093673706,0.75
visformer_small,ILSVRC2012_val_00032046.JPEG,487,0.4241836369037628,0.040816325694322586,0.8931633234024048,0.5555555820465088
visformer_small,ILSVRC2012_val_00032097.JPEG,826,-0.0006122300401329994,0.10204081982374191,0.9578571915626526,0.75
visformer_small,ILSVRC2012_val_00032098.JPEG,745,-0.03540818393230438,0.06122449040412903,0.9515305757522583,0.75
visformer_small,ILSVRC2012_val_00032102.JPEG,19,0.06408163160085678,0.06122449040412903,0.9080612659454346,0.75
visformer_small,ILSVRC2012_val_00032120.JPEG,157,-0.2072449028491974,0.10204081982374191,0.9750000834465027,0.5555555820465088
visformer_small,ILSVRC2012_val_00032188.JPEG,256,0.09867347031831741,0.06122449040412903,0.9701020121574402,0.5555555820465088
visformer_small,ILSVRC2012_val_00032370.JPEG,948,-0.11673468351364136,0.10204081982374191,0.9635714292526245,0.75
visformer_small,ILSVRC2012_val_00032435.JPEG,416,0.1809183806180954,0.020408162847161293,0.8955103158950806,1.0
visformer_small,ILSVRC2012_val_00032552.JPEG,287,0.0303061380982399,0.06122449040412903,0.9127551317214966,0.5555555820465088
visformer_small,ILSVRC2012_val_00032623.JPEG,277,0.10836735367774963,0.08163265138864517,0.9647959470748901,1.0
visformer_small,ILSVRC2012_val_00032646.JPEG,248,-0.05959183722734451,0.10204081982374191,0.917755126953125,0.75
visformer_small,ILSVRC2012_val_00032695.JPEG,996,0.22693875432014465,0.10204081982374191,0.9639796018600464,0.4000000059604645
visformer_small,ILSVRC2012_val_00032723.JPEG,426,0.1479591727256775,0.10204081982374191,0.9212245941162109,0.75
visformer_small,ILSVRC2012_val_00032911.JPEG,543,0.46775513887405396,0.06122449040412903,0.8680612444877625,0.4000000059604645
visformer_small,ILSVRC2012_val_00032926.JPEG,647,0.11765306442975998,0.10204081982374191,0.967755138874054,0.75
visformer_small,ILSVRC2012_val_00032950.JPEG,420,0.07979591190814972,0.040816325694322586,0.979489803314209,0.75
visformer_small,ILSVRC2012_val_00033014.JPEG,119,-0.03173467889428139,0.10204081982374191,0.9310203790664673,0.5555555820465088
visformer_small,ILSVRC2012_val_00033018.JPEG,346,0.0973469465970993,0.020408162847161293,0.9316326379776001,0.5555555820465088
visformer_small,ILSVRC2012_val_00033076.JPEG,99,-0.00418368075042963,0.040816325694322586,0.9146938920021057,0.5555555820465088
visformer_small,ILSVRC2012_val_00033149.JPEG,200,0.03204081207513809,0.08163265138864517,0.9723469018936157,0.75
visformer_small,ILSVRC2012_val_00033150.JPEG,18,0.03755103051662445,0.10204081982374191,0.9712244868278503,0.75
visformer_small,ILSVRC2012_val_00033171.JPEG,796,-0.00561223179101944,0.08163265138864517,0.9811224341392517,0.75
visformer_small,ILSVRC2012_val_00033207.JPEG,534,-0.4524489641189575,0.16326530277729034,0.9733673334121704,0.4000000059604645
visformer_small,ILSVRC2012_val_00033255.JPEG,825,0.36806121468544006,0.020408162847161293,0.8865306377410889,0.5555555820465088
visformer_small,ILSVRC2012_val_00033340.JPEG,90,0.2001020312309265,0.06122449040412903,0.9252040982246399,0.75
visformer_small,ILSVRC2012_val_00033725.JPEG,754,-0.0559183806180954,0.040816325694322586,0.9751020669937134,0.75
visformer_small,ILSVRC2012_val_00033897.JPEG,267,0.4154081642627716,0.020408162847161293,0.9463265538215637,0.75
visformer_small,ILSVRC2012_val_00033960.JPEG,30,0.4534693658351898,0.020408162847161293,0.9252040386199951,0.75
visformer_small,ILSVRC2012_val_00033997.JPEG,183,0.40540820360183716,0.06122449040412903,0.9347960352897644,0.75
visformer_small,ILSVRC2012_val_00034008.JPEG,851,0.16132652759552002,0.040816325694322586,0.9207143187522888,0.5555555820465088
visformer_small,ILSVRC2012_val_00034055.JPEG,179,-0.45336735248565674,0.12244898080825806,0.9816327095031738,0.5555555820465088
visformer_small,ILSVRC2012_val_00034168.JPEG,22,0.47224488854408264,0.06122449040412903,0.9491837024688721,0.5555555820465088
visformer_small,ILSVRC2012_val_00034182.JPEG,552,0.2984694242477417,0.020408162847161293,0.9569387435913086,0.75
visformer_small,ILSVRC2012_val_00034217.JPEG,852,0.2422448992729187,0.020408162847161293,0.9705101847648621,0.75
visformer_small,ILSVRC2012_val_00034225.JPEG,393,0.034795936197042465,0.06122449040412903,0.9142857789993286,1.0
visformer_small,ILSVRC2012_val_00034230.JPEG,375,0.4760204255580902,0.040816325694322586,0.9182653427124023,0.75
visformer_small,ILSVRC2012_val_00034302.JPEG,411,0.13397960364818573,0.06122449040412903,0.8910204172134399,0.5555555820465088
visformer_small,ILSVRC2012_val_00034356.JPEG,163,0.605102002620697,0.020408162847161293,0.9109183549880981,1.0
visformer_small,ILSVRC2012_val_00034359.JPEG,715,-0.5478571057319641,0.1428571492433548,0.9856122732162476,0.5555555820465088
visformer_small,ILSVRC2012_val_00034391.JPEG,921,0.47051024436950684,0.040816325694322586,0.9200000166893005,0.4000000059604645
visformer_small,ILSVRC2012_val_00034406.JPEG,76,0.24959182739257812,0.040816325694322586,0.9451020956039429,0.4000000059604645
visformer_small,ILSVRC2012_val_00034438.JPEG,353,0.12193876504898071,0.020408162847161293,0.9260203838348389,0.75
visformer_small,ILSVRC2012_val_00034459.JPEG,625,-0.11704084277153015,0.08163265138864517,0.976938784122467,0.5555555820465088
visformer_small,ILSVRC2012_val_00034548.JPEG,130,0.24642857909202576,0.040816325694322586,0.9242857694625854,0.27272728085517883
