model,sample_index,image_name,residual_effective_rank,top_eigenvalue_fraction,top3_eigenvalue_fraction,top_mode_semantic_fraction,top3_mode_semantic_fraction,mean_residual_l2,semantic_covariance_l2
vit_base_patch16_224,0,ILSVRC2012_val_00037758.JPEG,17.086814880371094,0.1729065477848053,0.28969141840934753,0.008180518634617329,0.37387123703956604,0.527221143245697,0.005552030634135008
vit_base_patch16_224,1,ILSVRC2012_val_00037916.JPEG,16.512929916381836,0.1946643441915512,0.3103545010089874,0.14763003587722778,0.17353306710720062,0.35076823830604553,0.0025929498951882124
vit_base_patch16_224,2,ILSVRC2012_val_00037926.JPEG,17.829912185668945,0.14191223680973053,0.2526661157608032,0.02482573501765728,0.27438491582870483,0.28832340240478516,0.004080004990100861
vit_base_patch16_224,3,ILSVRC2012_val_00037929.JPEG,18.090496063232422,0.12525713443756104,0.25297513604164124,0.22215192019939423,0.2648546099662781,0.19769230484962463,0.003042548894882202
vit_base_patch16_224,4,ILSVRC2012_val_00038033.JPEG,17.931442260742188,0.12942025065422058,0.26741456985473633,0.05417180806398392,0.600531280040741,0.6659314632415771,0.009641204960644245
vit_base_patch16_224,5,ILSVRC2012_val_00038096.JPEG,18.10637092590332,0.11618653684854507,0.2620471715927124,0.02795485034584999,0.46075883507728577,0.4832296371459961,0.004333507735282183
vit_base_patch16_224,6,ILSVRC2012_val_00038110.JPEG,17.98891830444336,0.1343868374824524,0.24564330279827118,0.5962958335876465,0.6282339096069336,0.1959458887577057,0.0034734883811324835
vit_base_patch16_224,7,ILSVRC2012_val_00038142.JPEG,12.345314979553223,0.33746540546417236,0.44728580117225647,0.5136645436286926,0.5809937119483948,0.4054306447505951,0.006167019251734018
vit_base_patch16_224,8,ILSVRC2012_val_00038157.JPEG,17.2233829498291,0.1651824414730072,0.2855472266674042,0.020950542762875557,0.5754372477531433,0.17491470277309418,0.002739457180723548
vit_base_patch16_224,9,ILSVRC2012_val_00038221.JPEG,10.03575611114502,0.423444539308548,0.5325487852096558,0.003021991578862071,0.14254654943943024,0.34534168243408203,0.0010780711891129613
vit_base_patch16_224,10,ILSVRC2012_val_00038236.JPEG,17.622434616088867,0.1504298746585846,0.2709653079509735,0.008317379280924797,0.19772294163703918,0.35229960083961487,0.002188856014981866
vit_base_patch16_224,11,ILSVRC2012_val_00038251.JPEG,16.986013412475586,0.16872411966323853,0.29458266496658325,0.7167186141014099,0.7394372224807739,0.46671542525291443,0.006762010511010885
vit_base_patch16_224,12,ILSVRC2012_val_00038413.JPEG,14.352234840393066,0.26791951060295105,0.39391863346099854,0.8356531858444214,0.9667528867721558,0.7709797024726868,0.013066736049950123
vit_base_patch16_224,13,ILSVRC2012_val_00038427.JPEG,18.585834503173828,0.09831403940916061,0.21648578345775604,0.1216934323310852,0.14407578110694885,0.17870502173900604,0.0028801679145544767
vit_base_patch16_224,14,ILSVRC2012_val_00038546.JPEG,11.169113159179688,0.36432528495788574,0.4742119014263153,0.22339755296707153,0.25711560249328613,2.5837504863739014,0.002600420033559203
vit_base_patch16_224,15,ILSVRC2012_val_00038597.JPEG,15.993066787719727,0.21653102338314056,0.32998013496398926,0.18148517608642578,0.19024518132209778,0.6736816763877869,0.0031675295904278755
vit_base_patch16_224,16,ILSVRC2012_val_00038607.JPEG,15.893556594848633,0.22160960733890533,0.33394527435302734,0.003258243203163147,0.26827704906463623,0.4224119186401367,0.0015102243050932884
vit_base_patch16_224,17,ILSVRC2012_val_00038678.JPEG,15.075752258300781,0.24776214361190796,0.36234959959983826,0.03352447226643562,0.04787052795290947,0.2976036071777344,0.005611201282590628
vit_base_patch16_224,18,ILSVRC2012_val_00038705.JPEG,15.537652969360352,0.21968092024326324,0.36127233505249023,0.002756284549832344,0.24370534718036652,0.8741446733474731,0.002599491737782955
vit_base_patch16_224,19,ILSVRC2012_val_00038708.JPEG,16.295337677001953,0.1999599039554596,0.32789215445518494,0.2581599950790405,0.7577177882194519,0.39691162109375,0.00829974003136158
vit_base_patch16_224,20,ILSVRC2012_val_00038743.JPEG,12.22987174987793,0.33003199100494385,0.45344778895378113,0.008448269218206406,0.06562819331884384,0.6464649438858032,0.0028724614530801773
vit_base_patch16_224,21,ILSVRC2012_val_00038986.JPEG,13.504356384277344,0.284802109003067,0.41715532541275024,0.03177541494369507,0.40078359842300415,0.5195248126983643,0.0031864915508776903
vit_base_patch16_224,22,ILSVRC2012_val_00039085.JPEG,15.540639877319336,0.22869233787059784,0.3560345768928528,0.802060067653656,0.8383551836013794,0.9921416640281677,0.014710512943565845
vit_base_patch16_224,23,ILSVRC2012_val_00039106.JPEG,17.771827697753906,0.14428134262561798,0.25539910793304443,0.03639018535614014,0.054432712495326996,0.34141016006469727,0.002340210136026144
vit_base_patch16_224,24,ILSVRC2012_val_00039130.JPEG,18.784719467163086,0.08365660905838013,0.20057636499404907,0.004122085403650999,0.3478064239025116,0.577104926109314,0.0024966378696262836
vit_base_patch16_224,25,ILSVRC2012_val_00039253.JPEG,18.10088539123535,0.1245710700750351,0.2534390091896057,0.005327568389475346,0.32869166135787964,0.5599753856658936,0.004875232931226492
vit_base_patch16_224,26,ILSVRC2012_val_00039290.JPEG,15.291487693786621,0.2366461604833603,0.34968727827072144,0.01977907121181488,0.2328745573759079,0.2625105082988739,0.0036349024157971144
vit_base_patch16_224,27,ILSVRC2012_val_00039421.JPEG,18.548891067504883,0.09887886792421341,0.2238263189792633,0.0007234150543808937,0.14343732595443726,0.9219760894775391,0.0017537792446091771
vit_base_patch16_224,28,ILSVRC2012_val_00039426.JPEG,11.65295696258545,0.36985132098197937,0.47164496779441833,0.6013904213905334,0.6875585317611694,0.3209567666053772,0.00507610896602273
vit_base_patch16_224,29,ILSVRC2012_val_00039464.JPEG,18.504669189453125,0.10224967449903488,0.21836704015731812,0.024387072771787643,0.1091943010687828,0.5462509989738464,0.0016138176433742046
vit_base_patch16_224,30,ILSVRC2012_val_00039490.JPEG,13.075590133666992,0.3188230097293854,0.42158204317092896,0.0731370821595192,0.4233447015285492,0.20676207542419434,0.005596706178039312
vit_base_patch16_224,31,ILSVRC2012_val_00039737.JPEG,18.47827911376953,0.1035943478345871,0.22743913531303406,0.03704603761434555,0.06120247021317482,0.7457658648490906,0.002328254282474518
vit_base_patch16_224,32,ILSVRC2012_val_00039746.JPEG,13.31229305267334,0.29278162121772766,0.4045148193836212,0.011224259622395039,0.37086600065231323,0.30897092819213867,0.0024906073231250048
vit_base_patch16_224,33,ILSVRC2012_val_00039748.JPEG,13.476123809814453,0.2867085933685303,0.4095599949359894,0.41402408480644226,0.4909048080444336,0.6663891673088074,0.005510910879820585
vit_base_patch16_224,34,ILSVRC2012_val_00039815.JPEG,18.29350471496582,0.11678505688905716,0.23911496996879578,0.07596983015537262,0.16893813014030457,0.20873184502124786,0.002656240016222
vit_base_patch16_224,35,ILSVRC2012_val_00039842.JPEG,17.558645248413086,0.15002524852752686,0.27430832386016846,0.4595424234867096,0.5593145489692688,0.153035506606102,0.0062409029342234135
vit_base_patch16_224,36,ILSVRC2012_val_00039892.JPEG,13.603118896484375,0.2978821098804474,0.4093915522098541,0.5850967764854431,0.9000728726387024,0.14227549731731415,0.016721034422516823
vit_base_patch16_224,37,ILSVRC2012_val_00039939.JPEG,13.316288948059082,0.3069608211517334,0.41929417848587036,0.0022289908956736326,0.03558582440018654,1.5815222263336182,0.0021970653906464577
vit_base_patch16_224,38,ILSVRC2012_val_00040016.JPEG,16.603775024414062,0.1934547871351242,0.30579331517219543,0.018947290256619453,0.1373777836561203,0.3451631963253021,0.0015773605555295944
vit_base_patch16_224,39,ILSVRC2012_val_00040140.JPEG,14.450157165527344,0.26489612460136414,0.3870527148246765,0.5617083311080933,0.6241330504417419,0.8090248107910156,0.009937149472534657
vit_base_patch16_224,40,ILSVRC2012_val_00040221.JPEG,18.756528854370117,0.08101822435855865,0.20481666922569275,0.2769067585468292,0.3218870162963867,0.23599472641944885,0.0022138471249490976
vit_base_patch16_224,41,ILSVRC2012_val_00040291.JPEG,16.57682228088379,0.19273962080478668,0.3056335747241974,0.06959400326013565,0.1305159032344818,0.24738983809947968,0.005387861747294664
vit_base_patch16_224,42,ILSVRC2012_val_00040345.JPEG,18.381305694580078,0.10106338560581207,0.24801874160766602,0.4791138470172882,0.6014135479927063,0.25539401173591614,0.003382409457117319
vit_base_patch16_224,43,ILSVRC2012_val_00040407.JPEG,18.463397979736328,0.10043828934431076,0.23532119393348694,0.0003198543272446841,0.33216702938079834,1.3316607475280762,0.004375449847429991
vit_base_patch16_224,44,ILSVRC2012_val_00040452.JPEG,17.10714340209961,0.1682344675064087,0.29129642248153687,0.23959963023662567,0.6777940988540649,0.2741503417491913,0.008285099640488625
vit_base_patch16_224,45,ILSVRC2012_val_00040457.JPEG,16.65741539001465,0.1816685050725937,0.3184608817100525,0.031121807172894478,0.21153414249420166,0.6736599802970886,0.004216177389025688
vit_base_patch16_224,46,ILSVRC2012_val_00040494.JPEG,14.323895454406738,0.27343401312828064,0.3864986300468445,0.03173225000500679,0.13853700459003448,0.3112008571624756,0.0015599254984408617
vit_base_patch16_224,47,ILSVRC2012_val_00040541.JPEG,5.659595489501953,0.6083168983459473,0.7006983757019043,0.03112410008907318,0.07308004796504974,0.6014419794082642,0.001236956799402833
vit_base_patch16_224,48,ILSVRC2012_val_00040601.JPEG,14.754834175109863,0.2563174366950989,0.36687418818473816,0.006433384958654642,0.1054692342877388,0.3305357098579407,0.0036792908795177937
vit_base_patch16_224,49,ILSVRC2012_val_00040634.JPEG,9.155611038208008,0.45102742314338684,0.5462821125984192,0.6127889752388,0.614703357219696,0.5122826099395752,0.007474752143025398
vit_base_patch16_224,50,ILSVRC2012_val_00040798.JPEG,16.566482543945312,0.19282889366149902,0.31147849559783936,0.19522635638713837,0.42090141773223877,0.2488459199666977,0.005304655525833368
vit_base_patch16_224,51,ILSVRC2012_val_00040930.JPEG,18.097225189208984,0.11934258788824081,0.2556443512439728,0.13345523178577423,0.3863428831100464,0.26181331276893616,0.006666466593742371
vit_base_patch16_224,52,ILSVRC2012_val_00040952.JPEG,18.204126358032227,0.1125759705901146,0.2538600265979767,0.0006194657762534916,0.040367260575294495,0.4675115644931793,0.0015593457501381636
vit_base_patch16_224,53,ILSVRC2012_val_00040966.JPEG,18.049291610717773,0.12971700727939606,0.2475268393754959,0.0024191297125071287,0.04335667937994003,0.2681739926338196,0.0016950289718806744
vit_base_patch16_224,54,ILSVRC2012_val_00041010.JPEG,13.364004135131836,0.2970057427883148,0.40857571363449097,0.19407138228416443,0.504855215549469,0.3217325210571289,0.005310967564582825
vit_base_patch16_224,55,ILSVRC2012_val_00041063.JPEG,17.899620056152344,0.13795608282089233,0.25760024785995483,0.02696796879172325,0.2507823705673218,1.4412851333618164,0.00244041602127254
vit_base_patch16_224,56,ILSVRC2012_val_00041080.JPEG,14.811431884765625,0.23839373886585236,0.40077316761016846,0.41308271884918213,0.8153480291366577,0.5026397109031677,0.015041506849229336
vit_base_patch16_224,57,ILSVRC2012_val_00041241.JPEG,18.0301570892334,0.12966544926166534,0.2461813986301422,0.07298383861780167,0.4027409851551056,0.23372440040111542,0.0029299804009497166
vit_base_patch16_224,58,ILSVRC2012_val_00041354.JPEG,15.934654235839844,0.21374613046646118,0.32862454652786255,0.00016670100740157068,0.12425776571035385,1.2366660833358765,0.0013577716890722513
vit_base_patch16_224,59,ILSVRC2012_val_00041406.JPEG,16.86663055419922,0.178697869181633,0.2977387607097626,0.19174474477767944,0.2773563861846924,0.5724059343338013,0.0020672103855758905
vit_base_patch16_224,60,ILSVRC2012_val_00041468.JPEG,18.809978485107422,0.07331572473049164,0.2039697766304016,0.0541229248046875,0.11023080348968506,0.580674946308136,0.001196263823658228
vit_base_patch16_224,61,ILSVRC2012_val_00041474.JPEG,14.995631217956543,0.25490185618400574,0.3605979382991791,0.5314748883247375,0.6217334270477295,0.4525657594203949,0.007877129130065441
vit_base_patch16_224,62,ILSVRC2012_val_00041483.JPEG,18.75779914855957,0.08597058057785034,0.20158153772354126,0.3112429976463318,0.32937589287757874,0.7816521525382996,0.0017562727443873882
vit_base_patch16_224,63,ILSVRC2012_val_00041486.JPEG,17.446041107177734,0.15052670240402222,0.280510276556015,0.08694754540920258,0.7245979309082031,0.5591583251953125,0.00784477312117815
cait_s24_224,0,ILSVRC2012_val_00037758.JPEG,18.884422302246094,0.07134196162223816,0.19079381227493286,0.029794398695230484,0.13553836941719055,0.3015325367450714,0.002519122092053294
cait_s24_224,1,ILSVRC2012_val_00037916.JPEG,18.202857971191406,0.12262281775474548,0.23533673584461212,0.4098357856273651,0.4884204864501953,0.187699094414711,0.0022545992396771908
cait_s24_224,2,ILSVRC2012_val_00037926.JPEG,18.686656951904297,0.08823545277118683,0.2121570110321045,0.028786232694983482,0.20711302757263184,0.2710714638233185,0.0020836174953728914
cait_s24_224,3,ILSVRC2012_val_00037929.JPEG,3.2593090534210205,0.7236167192459106,0.8431885242462158,0.0006262679817155004,0.0384407639503479,0.8245450258255005,0.0002684637438505888
cait_s24_224,4,ILSVRC2012_val_00038033.JPEG,15.316851615905762,0.22318339347839355,0.3708341717720032,0.41840675473213196,0.43248406052589417,0.7554740309715271,0.006431729067116976
cait_s24_224,5,ILSVRC2012_val_00038096.JPEG,18.443851470947266,0.10687913745641708,0.22638443112373352,0.056772954761981964,0.21164318919181824,0.3729909062385559,0.0051617552526295185
cait_s24_224,6,ILSVRC2012_val_00038110.JPEG,16.505828857421875,0.191564679145813,0.31295594573020935,0.14175143837928772,0.17046211659908295,0.8186979293823242,0.001384236733429134
cait_s24_224,7,ILSVRC2012_val_00038142.JPEG,18.274494171142578,0.11811602115631104,0.24151736497879028,0.09040870517492294,0.12334461510181427,0.39362555742263794,0.0036954304669052362
cait_s24_224,8,ILSVRC2012_val_00038157.JPEG,18.587310791015625,0.10034696012735367,0.21536773443222046,0.008420804515480995,0.09073096513748169,0.3399752378463745,0.002187064616009593
cait_s24_224,9,ILSVRC2012_val_00038221.JPEG,18.416336059570312,0.10375573486089706,0.23648741841316223,0.11118288338184357,0.22447539865970612,0.227047398686409,0.004456604365259409
cait_s24_224,10,ILSVRC2012_val_00038236.JPEG,18.25223159790039,0.1181105300784111,0.23757067322731018,0.015597947873175144,0.04798005148768425,0.2626039385795593,0.001506983069702983
cait_s24_224,11,ILSVRC2012_val_00038251.JPEG,18.650087356567383,0.09339576214551926,0.21560031175613403,0.0007566007552668452,0.14950521290302277,0.22401534020900726,0.002705242019146681
cait_s24_224,12,ILSVRC2012_val_00038413.JPEG,18.566875457763672,0.09886873513460159,0.21672047674655914,0.0002447641745675355,0.01262224093079567,0.2814403772354126,0.002364496933296323
cait_s24_224,13,ILSVRC2012_val_00038427.JPEG,18.64139175415039,0.09408450871706009,0.20803804695606232,0.2656511962413788,0.3194734454154968,0.3518074154853821,0.0028394944965839386
cait_s24_224,14,ILSVRC2012_val_00038546.JPEG,17.515033721923828,0.1476258635520935,0.29004377126693726,0.0013814423000440001,0.39862385392189026,2.777475118637085,0.002789129735901952
cait_s24_224,15,ILSVRC2012_val_00038597.JPEG,18.81428337097168,0.07526657730340958,0.1993447244167328,0.00044926206464879215,0.04770256578922272,0.26389920711517334,0.0019095918396487832
cait_s24_224,16,ILSVRC2012_val_00038607.JPEG,18.692970275878906,0.08178407698869705,0.21322965621948242,0.019713718444108963,0.02360592596232891,0.18540982902050018,0.005023009609431028
cait_s24_224,17,ILSVRC2012_val_00038678.JPEG,16.85785484313965,0.18372398614883423,0.2968601584434509,0.009106626734137535,0.21107923984527588,0.4663948118686676,0.002626945963129401
cait_s24_224,18,ILSVRC2012_val_00038705.JPEG,17.94150733947754,0.12808097898960114,0.26865893602371216,0.216610848903656,0.23192770779132843,0.2752205729484558,0.0024647305253893137
cait_s24_224,19,ILSVRC2012_val_00038708.JPEG,18.537097930908203,0.09659836441278458,0.22791072726249695,0.3682500720024109,0.5087888836860657,0.2036992758512497,0.00649771373718977
cait_s24_224,20,ILSVRC2012_val_00038743.JPEG,9.644322395324707,0.4150160253047943,0.5434489250183105,0.675419270992279,0.9334540367126465,1.0961600542068481,0.01937389373779297
cait_s24_224,21,ILSVRC2012_val_00038986.JPEG,17.937681198120117,0.12996599078178406,0.26456013321876526,0.0037700855173170567,0.059327878057956696,0.299387127161026,0.003181289881467819
cait_s24_224,22,ILSVRC2012_val_00039085.JPEG,18.395544052124023,0.1069021001458168,0.23923511803150177,0.008945922367274761,0.07281157374382019,0.6128267645835876,0.002497761743143201
cait_s24_224,23,ILSVRC2012_val_00039106.JPEG,18.794212341308594,0.08227002620697021,0.2007295787334442,0.0003391537757124752,0.04835733026266098,0.5090993046760559,0.002186248078942299
cait_s24_224,24,ILSVRC2012_val_00039130.JPEG,18.72032356262207,0.0908062532544136,0.2044069468975067,0.05997004732489586,0.1368771344423294,0.2814371585845947,0.003973199985921383
cait_s24_224,25,ILSVRC2012_val_00039253.JPEG,18.618610382080078,0.08921467512845993,0.2173859179019928,0.010074903257191181,0.5540206432342529,0.2189825028181076,0.00776861235499382
cait_s24_224,26,ILSVRC2012_val_00039290.JPEG,18.28757095336914,0.1011764258146286,0.25466135144233704,0.16551639139652252,0.18543435633182526,0.5636200308799744,0.004240500740706921
cait_s24_224,27,ILSVRC2012_val_00039421.JPEG,18.801471710205078,0.07400545477867126,0.20287349820137024,0.0322447270154953,0.22389613091945648,0.3775738477706909,0.0046395775862038136
cait_s24_224,28,ILSVRC2012_val_00039426.JPEG,18.75872802734375,0.08022545278072357,0.20784315466880798,0.23955637216567993,0.5385209918022156,0.21547241508960724,0.0031849914230406284
cait_s24_224,29,ILSVRC2012_val_00039464.JPEG,17.922073364257812,0.13657408952713013,0.2556421160697937,0.44883692264556885,0.4903997480869293,0.41801100969314575,0.006284987088292837
cait_s24_224,30,ILSVRC2012_val_00039490.JPEG,18.676549911499023,0.09496723860502243,0.207842618227005,0.16331638395786285,0.2317192703485489,0.09143844991922379,0.0020093293860554695
cait_s24_224,31,ILSVRC2012_val_00039737.JPEG,17.371057510375977,0.1548815816640854,0.27896901965141296,0.03158042952418327,0.2866957187652588,0.5134491324424744,0.003350864164531231
cait_s24_224,32,ILSVRC2012_val_00039746.JPEG,17.260236740112305,0.16612426936626434,0.28147098422050476,0.00025263818679377437,0.011489290744066238,0.3283359706401825,0.003950885031372309
cait_s24_224,33,ILSVRC2012_val_00039748.JPEG,17.15911102294922,0.16800464689731598,0.2908475995063782,0.017087016254663467,0.5561249256134033,0.2462579309940338,0.002592068864032626
cait_s24_224,34,ILSVRC2012_val_00039815.JPEG,18.165143966674805,0.1081819161772728,0.25903749465942383,0.013934309594333172,0.24922427535057068,0.1522265523672104,0.001896686153486371
cait_s24_224,35,ILSVRC2012_val_00039842.JPEG,18.89136505126953,0.06863462179899216,0.19294288754463196,0.08122847974300385,0.14328281581401825,0.05989023670554161,0.00218073558062315
cait_s24_224,36,ILSVRC2012_val_00039892.JPEG,18.518144607543945,0.09420301765203476,0.22525963187217712,0.01047175657004118,0.18006615340709686,0.05821588262915611,0.0028742251452058554
cait_s24_224,37,ILSVRC2012_val_00039939.JPEG,16.681758880615234,0.18995527923107147,0.3012732267379761,0.20398524403572083,0.20507267117500305,0.6681951880455017,0.004252951126545668
cait_s24_224,38,ILSVRC2012_val_00040016.JPEG,18.772382736206055,0.08213898539543152,0.2015121728181839,0.1669226884841919,0.19851359724998474,0.2578175663948059,0.0036759015638381243
cait_s24_224,39,ILSVRC2012_val_00040140.JPEG,18.463472366333008,0.10078945755958557,0.2346065193414688,0.022106532007455826,0.024104025214910507,0.21178005635738373,0.003124245908111334
cait_s24_224,40,ILSVRC2012_val_00040221.JPEG,18.496593475341797,0.09553541243076324,0.2294078767299652,0.07793087512254715,0.1414433866739273,0.2625716030597687,0.004667053464800119
cait_s24_224,41,ILSVRC2012_val_00040291.JPEG,18.862552642822266,0.07456225901842117,0.19189545512199402,0.03002566657960415,0.2085055708885193,0.27138552069664,0.004102081060409546
cait_s24_224,42,ILSVRC2012_val_00040345.JPEG,18.125019073486328,0.12018723785877228,0.247236967086792,0.0778636559844017,0.1615985929965973,0.0806141346693039,0.002564180875197053
cait_s24_224,43,ILSVRC2012_val_00040407.JPEG,18.837757110595703,0.07100901752710342,0.19959089159965515,0.07135608792304993,0.1483995020389557,0.24343907833099365,0.004942885134369135
cait_s24_224,44,ILSVRC2012_val_00040452.JPEG,18.497533798217773,0.10006506741046906,0.22821040451526642,0.8257729411125183,0.8600719571113586,0.18640552461147308,0.013932560570538044
cait_s24_224,45,ILSVRC2012_val_00040457.JPEG,17.7034969329834,0.13459919393062592,0.2871231436729431,0.0019113552989438176,0.1315552294254303,1.2846993207931519,0.0015514709521085024
cait_s24_224,46,ILSVRC2012_val_00040494.JPEG,18.911510467529297,0.06526696681976318,0.18634650111198425,0.034776147454977036,0.05993085354566574,0.3525864779949188,0.0022726773750036955
cait_s24_224,47,ILSVRC2012_val_00040541.JPEG,18.645854949951172,0.09367943555116653,0.21665553748607635,0.20088115334510803,0.3664034903049469,0.18504087626934052,0.0017430594889447093
cait_s24_224,48,ILSVRC2012_val_00040601.JPEG,18.728715896606445,0.08615860342979431,0.20682573318481445,0.04409918561577797,0.1754789799451828,0.2392980307340622,0.005059157498180866
cait_s24_224,49,ILSVRC2012_val_00040634.JPEG,18.833356857299805,0.0751848816871643,0.19824481010437012,0.00839996337890625,0.28865864872932434,0.19325129687786102,0.0027696876786649227
cait_s24_224,50,ILSVRC2012_val_00040798.JPEG,17.599245071411133,0.15254878997802734,0.26776212453842163,0.018342304974794388,0.04389466717839241,0.2747286856174469,0.0033539265859872103
cait_s24_224,51,ILSVRC2012_val_00040930.JPEG,18.620458602905273,0.08310136944055557,0.21792304515838623,0.14446796476840973,0.23021361231803894,0.2395298033952713,0.006770155858248472
cait_s24_224,52,ILSVRC2012_val_00040952.JPEG,17.805009841918945,0.12178850919008255,0.2917264401912689,0.03245047107338905,0.11106513440608978,1.0232293605804443,0.001636876491829753
cait_s24_224,53,ILSVRC2012_val_00040966.JPEG,18.19923210144043,0.12214192003011703,0.2485320270061493,0.0010832687839865685,0.09314079582691193,0.11255689710378647,0.00251201749779284
cait_s24_224,54,ILSVRC2012_val_00041010.JPEG,18.29668617248535,0.11617915332317352,0.23543702065944672,0.028256818652153015,0.33857104182243347,0.1145349070429802,0.006891035940498114
cait_s24_224,55,ILSVRC2012_val_00041063.JPEG,16.616107940673828,0.190204918384552,0.30973130464553833,0.1288064867258072,0.1341528743505478,1.2250312566757202,0.002039687242358923
cait_s24_224,56,ILSVRC2012_val_00041080.JPEG,15.19196605682373,0.22355708479881287,0.40161073207855225,0.0438871793448925,0.047686342149972916,0.5544340014457703,0.033038605004549026
cait_s24_224,57,ILSVRC2012_val_00041241.JPEG,18.762392044067383,0.08818008005619049,0.1991034895181656,0.0038411535788327456,0.00885038822889328,0.46059471368789673,0.0025379888247698545
cait_s24_224,58,ILSVRC2012_val_00041354.JPEG,18.716039657592773,0.08564580976963043,0.20538654923439026,0.1946830004453659,0.20901146531105042,0.4658622741699219,0.0019143547397106886
cait_s24_224,59,ILSVRC2012_val_00041406.JPEG,18.28936195373535,0.11316001415252686,0.24163657426834106,0.0014806203544139862,0.01095183752477169,0.3774363100528717,0.004776706453412771
cait_s24_224,60,ILSVRC2012_val_00041468.JPEG,18.493715286254883,0.10064629465341568,0.2352382242679596,0.15722879767417908,0.20960800349712372,0.3880506455898285,0.0022766543552279472
cait_s24_224,61,ILSVRC2012_val_00041474.JPEG,16.3465576171875,0.19591084122657776,0.3248700499534607,0.16690343618392944,0.1801205575466156,0.23385849595069885,0.0023067921865731478
cait_s24_224,62,ILSVRC2012_val_00041483.JPEG,18.706573486328125,0.08849091082811356,0.20566235482692719,0.029540671035647392,0.09218856692314148,0.41974005103111267,0.0018561572069302201
cait_s24_224,63,ILSVRC2012_val_00041486.JPEG,18.64907455444336,0.08222314715385437,0.21678800880908966,0.0018803008133545518,0.09849510341882706,0.32917842268943787,0.005808001384139061
pit_b_224,0,ILSVRC2012_val_00037758.JPEG,18.670331954956055,0.08499161899089813,0.2183154970407486,0.00020629059872590005,0.27148905396461487,0.26265189051628113,0.003910893574357033
pit_b_224,1,ILSVRC2012_val_00037916.JPEG,18.836048126220703,0.07245086878538132,0.20034822821617126,0.017630254849791527,0.027855973690748215,0.23532915115356445,0.002425117651000619
pit_b_224,2,ILSVRC2012_val_00037926.JPEG,18.820913314819336,0.07502496987581253,0.20207229256629944,0.02822890691459179,0.7050008773803711,0.3914525806903839,0.003953711129724979
pit_b_224,3,ILSVRC2012_val_00037929.JPEG,17.78462028503418,0.14656321704387665,0.2569928765296936,0.01782401092350483,0.1511417031288147,0.21687622368335724,0.0026751402765512466
pit_b_224,4,ILSVRC2012_val_00038033.JPEG,18.14977264404297,0.10377892851829529,0.25425541400909424,0.7074117660522461,0.9033718109130859,0.219138503074646,0.027575219050049782
pit_b_224,5,ILSVRC2012_val_00038096.JPEG,18.20509910583496,0.1193753182888031,0.24633729457855225,0.014606915414333344,0.0940159261226654,0.2268049269914627,0.003135007806122303
pit_b_224,6,ILSVRC2012_val_00038110.JPEG,18.788625717163086,0.08108852803707123,0.20269356667995453,0.007915486581623554,0.028009921312332153,0.16975274682044983,0.0021481087896972895
pit_b_224,7,ILSVRC2012_val_00038142.JPEG,18.77652931213379,0.08371637016534805,0.19745594263076782,0.04722258076071739,0.1351553201675415,0.2852794826030731,0.003599846735596657
pit_b_224,8,ILSVRC2012_val_00038157.JPEG,18.62540054321289,0.09070033580064774,0.2196948528289795,0.2038864642381668,0.23937779664993286,0.3946032226085663,0.0021981995087116957
pit_b_224,9,ILSVRC2012_val_00038221.JPEG,18.639278411865234,0.09589442610740662,0.2112751007080078,0.06701654195785522,0.181037038564682,0.48396825790405273,0.001965736038982868
pit_b_224,10,ILSVRC2012_val_00038236.JPEG,18.684659957885742,0.09024269878864288,0.210299551486969,0.03878837078809738,0.2557555139064789,0.1965693235397339,0.004904157016426325
pit_b_224,11,ILSVRC2012_val_00038251.JPEG,18.13127326965332,0.12550747394561768,0.24944788217544556,0.40390580892562866,0.6950598955154419,0.2806106507778168,0.0045463102869689465
pit_b_224,12,ILSVRC2012_val_00038413.JPEG,18.738988876342773,0.08342789113521576,0.20846283435821533,0.1806386262178421,0.26057863235473633,0.14177584648132324,0.007171680685132742
pit_b_224,13,ILSVRC2012_val_00038427.JPEG,18.36062240600586,0.11191719770431519,0.23332682251930237,0.029262768104672432,0.48189544677734375,0.5079458355903625,0.002558089094236493
pit_b_224,14,ILSVRC2012_val_00038546.JPEG,18.143413543701172,0.11031071096658707,0.26202505826950073,0.05028027668595314,0.41947463154792786,1.8069126605987549,0.004994244780391455
pit_b_224,15,ILSVRC2012_val_00038597.JPEG,18.79695701599121,0.08128222078084946,0.2017732858657837,0.10293448716402054,0.5151208639144897,0.15269629657268524,0.0037492788396775723
pit_b_224,16,ILSVRC2012_val_00038607.JPEG,18.802148818969727,0.07546494156122208,0.2028052806854248,0.7838900089263916,0.8173143863677979,0.2317829579114914,0.015141885727643967
pit_b_224,17,ILSVRC2012_val_00038678.JPEG,18.75820541381836,0.07911714911460876,0.2111307978630066,0.001620887196622789,0.08823935687541962,1.6406677961349487,0.0014151186915114522
pit_b_224,18,ILSVRC2012_val_00038705.JPEG,18.69076919555664,0.0814128890633583,0.2166210412979126,0.4562622010707855,0.6983193755149841,0.25737425684928894,0.006040578242391348
pit_b_224,19,ILSVRC2012_val_00038708.JPEG,18.18522071838379,0.10122479498386383,0.26292744278907776,0.2605512738227844,0.5244916081428528,0.16190564632415771,0.010380100458860397
pit_b_224,20,ILSVRC2012_val_00038743.JPEG,15.937257766723633,0.21820782124996185,0.34078752994537354,0.4798705577850342,0.6828659772872925,0.4299156665802002,0.00927471462637186
pit_b_224,21,ILSVRC2012_val_00038986.JPEG,18.68277931213379,0.08970320969820023,0.21055682003498077,0.08381321281194687,0.17161425948143005,0.32162290811538696,0.0027114180848002434
pit_b_224,22,ILSVRC2012_val_00039085.JPEG,16.13804817199707,0.1796189546585083,0.3577578365802765,0.9320043921470642,0.9853248596191406,0.7718484401702881,0.07811693847179413
pit_b_224,23,ILSVRC2012_val_00039106.JPEG,18.718252182006836,0.08548426628112793,0.21146059036254883,0.09916432201862335,0.28068751096725464,0.23033998906612396,0.0022927604150027037
pit_b_224,24,ILSVRC2012_val_00039130.JPEG,18.53900909423828,0.0971984788775444,0.2308916449546814,0.24665392935276031,0.5554946660995483,0.2434869259595871,0.0038955374620854855
pit_b_224,25,ILSVRC2012_val_00039253.JPEG,18.142168045043945,0.10762919485569,0.26173684000968933,0.35375696420669556,0.8371965885162354,0.2045888900756836,0.009416944347321987
pit_b_224,26,ILSVRC2012_val_00039290.JPEG,17.367902755737305,0.12663745880126953,0.3120882213115692,0.7690888047218323,0.8980588912963867,0.6762695908546448,0.013818331062793732
pit_b_224,27,ILSVRC2012_val_00039421.JPEG,18.473791122436523,0.10133370757102966,0.23656634986400604,0.5144881010055542,0.5634944438934326,0.19705525040626526,0.005874298978596926
pit_b_224,28,ILSVRC2012_val_00039426.JPEG,17.548973083496094,0.15074437856674194,0.2811485528945923,0.8901714086532593,0.9591315984725952,0.398357629776001,0.03516135737299919
pit_b_224,29,ILSVRC2012_val_00039464.JPEG,18.736928939819336,0.07913333177566528,0.20945852994918823,0.005515964236110449,0.4981597661972046,0.4764809310436249,0.005321789998561144
pit_b_224,30,ILSVRC2012_val_00039490.JPEG,18.912132263183594,0.06476803123950958,0.18761727213859558,0.007486329413950443,0.6759684681892395,0.07601618021726608,0.004889479372650385
pit_b_224,31,ILSVRC2012_val_00039737.JPEG,18.592500686645508,0.09395835548639297,0.22159092128276825,9.171805686492007e-06,0.17281320691108704,0.5736278891563416,0.003583264769986272
pit_b_224,32,ILSVRC2012_val_00039746.JPEG,18.644344329833984,0.08852243423461914,0.21750034391880035,0.11809160560369492,0.6693939566612244,0.2891016900539398,0.006210152059793472
pit_b_224,33,ILSVRC2012_val_00039748.JPEG,18.28242301940918,0.1155640259385109,0.2340349406003952,0.031200911849737167,0.3965737223625183,0.27663251757621765,0.003710770746693015
pit_b_224,34,ILSVRC2012_val_00039815.JPEG,17.63134002685547,0.14371071755886078,0.27080607414245605,0.08917014300823212,0.1314224749803543,1.3844525814056396,0.001331572886556387
pit_b_224,35,ILSVRC2012_val_00039842.JPEG,18.47465705871582,0.10582982748746872,0.2295425534248352,0.0006497263675555587,0.33064860105514526,0.1637086719274521,0.003017689334228635
pit_b_224,36,ILSVRC2012_val_00039892.JPEG,10.816668510437012,0.37090229988098145,0.48254722356796265,0.9929583072662354,0.9979308843612671,1.0071403980255127,0.08032790571451187
pit_b_224,37,ILSVRC2012_val_00039939.JPEG,15.043724060058594,0.24825459718704224,0.3650098145008087,0.6516928672790527,0.8249132037162781,0.5786628723144531,0.011793539859354496
pit_b_224,38,ILSVRC2012_val_00040016.JPEG,18.218368530273438,0.1199687272310257,0.2404647171497345,0.12590840458869934,0.44071394205093384,0.38459768891334534,0.002532443730160594
pit_b_224,39,ILSVRC2012_val_00040140.JPEG,18.242359161376953,0.11845090240240097,0.23862992227077484,0.014681505039334297,0.3479607105255127,0.24912920594215393,0.0053252726793289185
pit_b_224,40,ILSVRC2012_val_00040221.JPEG,18.565149307250977,0.09090598672628403,0.22477903962135315,0.5778063535690308,0.6660601496696472,0.2944074273109436,0.010396132245659828
pit_b_224,41,ILSVRC2012_val_00040291.JPEG,18.849245071411133,0.07445801794528961,0.19495004415512085,0.09218935668468475,0.29335200786590576,0.41107177734375,0.0045962464064359665
pit_b_224,42,ILSVRC2012_val_00040345.JPEG,18.83060646057129,0.07149595767259598,0.20195287466049194,0.04770065099000931,0.6774460673332214,0.263641357421875,0.004174206405878067
pit_b_224,43,ILSVRC2012_val_00040407.JPEG,18.301027297973633,0.10308270901441574,0.24796858429908752,0.7087212204933167,0.7697290182113647,1.0155079364776611,0.004292603582143784
pit_b_224,44,ILSVRC2012_val_00040452.JPEG,18.2761287689209,0.09779160469770432,0.24913963675498962,0.32161784172058105,0.7272015810012817,0.2719857096672058,0.009584345854818821
pit_b_224,45,ILSVRC2012_val_00040457.JPEG,17.631916046142578,0.11442621797323227,0.29854917526245117,0.171587735414505,0.662960410118103,5.7918829917907715,0.006543613504618406
pit_b_224,46,ILSVRC2012_val_00040494.JPEG,18.79434585571289,0.07795019447803497,0.20483824610710144,0.09206510335206985,0.5810785293579102,0.11141393333673477,0.004387974739074707
pit_b_224,47,ILSVRC2012_val_00040541.JPEG,17.306190490722656,0.16130083799362183,0.27880972623825073,0.27450504899024963,0.40632715821266174,0.5061641931533813,0.0025856606662273407
pit_b_224,48,ILSVRC2012_val_00040601.JPEG,18.630107879638672,0.09320840239524841,0.2167537808418274,0.031742796301841736,0.11237966269254684,0.4303208291530609,0.003483304288238287
pit_b_224,49,ILSVRC2012_val_00040634.JPEG,18.816205978393555,0.07054656744003296,0.1992705762386322,0.052051834762096405,0.845504879951477,0.25385650992393494,0.010499178431928158
pit_b_224,50,ILSVRC2012_val_00040798.JPEG,18.470394134521484,0.09686556458473206,0.22975200414657593,0.20189589262008667,0.2689521014690399,0.6046093702316284,0.0043121385388076305
pit_b_224,51,ILSVRC2012_val_00040930.JPEG,18.486968994140625,0.09243586659431458,0.22969363629817963,0.03638620302081108,0.1262352466583252,0.3558213412761688,0.00741624366492033
pit_b_224,52,ILSVRC2012_val_00040952.JPEG,18.062589645385742,0.11893363296985626,0.2678879499435425,0.11878766864538193,0.31900569796562195,0.26742300391197205,0.004591089207679033
pit_b_224,53,ILSVRC2012_val_00040966.JPEG,18.181875228881836,0.11530549824237823,0.25029581785202026,0.10794555395841599,0.4913889765739441,0.18636448681354523,0.0027007509488612413
pit_b_224,54,ILSVRC2012_val_00041010.JPEG,18.4114990234375,0.10555046796798706,0.22683000564575195,0.02855873480439186,0.04998406767845154,0.2128802388906479,0.00619290117174387
pit_b_224,55,ILSVRC2012_val_00041063.JPEG,17.882753372192383,0.13644184172153473,0.2605835795402527,0.07434811443090439,0.25877004861831665,1.107616901397705,0.0029490904416888952
pit_b_224,56,ILSVRC2012_val_00041080.JPEG,16.206846237182617,0.16071946918964386,0.3669694662094116,0.10144258290529251,0.1642456352710724,1.3741053342819214,0.011230581440031528
pit_b_224,57,ILSVRC2012_val_00041241.JPEG,17.834903717041016,0.13607187569141388,0.2548922300338745,0.05365175008773804,0.11929694563150406,0.6157480478286743,0.0034746567253023386
pit_b_224,58,ILSVRC2012_val_00041354.JPEG,18.777053833007812,0.07872505486011505,0.20433393120765686,0.005137681495398283,0.07261134684085846,0.5541184544563293,0.0027411181945353746
pit_b_224,59,ILSVRC2012_val_00041406.JPEG,18.77681541442871,0.07916634529829025,0.2018021047115326,0.04886488616466522,0.08103154599666595,0.2872166633605957,0.0029158603865653276
pit_b_224,60,ILSVRC2012_val_00041468.JPEG,18.456327438354492,0.09744526445865631,0.23830267786979675,0.005111903417855501,0.26306968927383423,0.6032967567443848,0.004680646117776632
pit_b_224,61,ILSVRC2012_val_00041474.JPEG,18.850305557250977,0.07386481761932373,0.1972869634628296,0.3670816719532013,0.438789427280426,0.25369182229042053,0.005677112843841314
pit_b_224,62,ILSVRC2012_val_00041483.JPEG,18.64198875427246,0.09240830689668655,0.21704745292663574,0.0003139688342344016,0.42235904932022095,0.8219158053398132,0.0013133860193192959
pit_b_224,63,ILSVRC2012_val_00041486.JPEG,17.970670700073242,0.11810223758220673,0.26524385809898376,0.2890864610671997,0.3544599711894989,0.3497219979763031,0.004219509195536375
visformer_small,0,ILSVRC2012_val_00037758.JPEG,17.64035987854004,0.11788800358772278,0.2866729497909546,0.16885535418987274,0.5728762745857239,0.41260847449302673,0.019031919538974762
visformer_small,1,ILSVRC2012_val_00037916.JPEG,16.476469039916992,0.1793016493320465,0.3479783833026886,0.3495863974094391,0.4334384500980377,0.4561377465724945,0.006910744123160839
visformer_small,2,ILSVRC2012_val_00037926.JPEG,15.199041366577148,0.21059530973434448,0.4049006700515747,0.0033743930980563164,0.026510879397392273,0.3004378080368042,0.011112957261502743
visformer_small,3,ILSVRC2012_val_00037929.JPEG,16.32839012145996,0.18346723914146423,0.3423795700073242,0.5612564086914062,0.8545190095901489,0.9348498582839966,0.015574805438518524
visformer_small,4,ILSVRC2012_val_00038033.JPEG,16.664260864257812,0.16997361183166504,0.33948540687561035,0.375020831823349,0.4605455994606018,0.7615975737571716,0.0055107115767896175
visformer_small,5,ILSVRC2012_val_00038096.JPEG,16.461322784423828,0.18300342559814453,0.35219281911849976,0.0178879052400589,0.6161711812019348,2.3761205673217773,0.007579755503684282
visformer_small,6,ILSVRC2012_val_00038110.JPEG,18.60399055480957,0.08655574917793274,0.2245641052722931,0.1934007704257965,0.32970234751701355,0.9386687278747559,0.0037360049318522215
visformer_small,7,ILSVRC2012_val_00038142.JPEG,9.52562141418457,0.4226510226726532,0.5809724926948547,0.522701621055603,0.5618048310279846,1.1490775346755981,0.01928471028804779
visformer_small,8,ILSVRC2012_val_00038157.JPEG,14.98573112487793,0.20053276419639587,0.4099755883216858,0.34624966979026794,0.4712631404399872,0.4689556062221527,0.013273866847157478
visformer_small,9,ILSVRC2012_val_00038221.JPEG,18.078001022338867,0.11541880667209625,0.2577770948410034,0.02530897967517376,0.5775007009506226,1.0947906970977783,0.006706262473016977
visformer_small,10,ILSVRC2012_val_00038236.JPEG,17.05400848388672,0.15213201940059662,0.31480082869529724,0.4373438358306885,0.5686231255531311,0.49341198801994324,0.016194667667150497
visformer_small,11,ILSVRC2012_val_00038251.JPEG,17.584455490112305,0.13397182524204254,0.2920379042625427,0.007381541188806295,0.04827360063791275,1.000553846359253,0.003689861623570323
visformer_small,12,ILSVRC2012_val_00038413.JPEG,18.46625518798828,0.09715601056814194,0.23421424627304077,0.5214369297027588,0.5470361113548279,0.8119382262229919,0.01563332974910736
visformer_small,13,ILSVRC2012_val_00038427.JPEG,17.776586532592773,0.10566697269678116,0.28030097484588623,0.04280433431267738,0.8435388207435608,0.7390527129173279,0.02585897408425808
visformer_small,14,ILSVRC2012_val_00038546.JPEG,14.6674222946167,0.2242269366979599,0.40967121720314026,0.23390601575374603,0.6406211256980896,2.1537301540374756,0.02327578328549862
visformer_small,15,ILSVRC2012_val_00038597.JPEG,17.609058380126953,0.13336928188800812,0.28399959206581116,0.332734614610672,0.4035302996635437,0.967056930065155,0.010533953085541725
visformer_small,16,ILSVRC2012_val_00038607.JPEG,17.180627822875977,0.14898306131362915,0.30396798253059387,0.02499668300151825,0.6271194219589233,0.6157790422439575,0.014757280237972736
visformer_small,17,ILSVRC2012_val_00038678.JPEG,18.02495574951172,0.11955850571393967,0.25421610474586487,0.5770617723464966,0.5983562469482422,1.016629934310913,0.01985682174563408
visformer_small,18,ILSVRC2012_val_00038705.JPEG,16.493732452392578,0.1514020413160324,0.342255562543869,0.12881556153297424,0.9597150087356567,0.5571607947349548,0.040425751358270645
visformer_small,19,ILSVRC2012_val_00038708.JPEG,16.080198287963867,0.1790277659893036,0.3581058382987976,0.16860856115818024,0.5970545411109924,0.29657015204429626,0.019309552386403084
visformer_small,20,ILSVRC2012_val_00038743.JPEG,9.659711837768555,0.3971388339996338,0.6114345192909241,0.7119856476783752,0.9471600651741028,2.2398264408111572,0.06586462259292603
visformer_small,21,ILSVRC2012_val_00038986.JPEG,16.993694305419922,0.1423451155424118,0.31271597743034363,0.0613851323723793,0.4170679748058319,0.6928836703300476,0.025271642953157425
visformer_small,22,ILSVRC2012_val_00039085.JPEG,11.687199592590332,0.31714725494384766,0.5451897382736206,0.4252261221408844,0.9789561033248901,0.5493802428245544,0.07312046736478806
visformer_small,23,ILSVRC2012_val_00039106.JPEG,18.792329788208008,0.0751948431134224,0.19951578974723816,0.007636403199285269,0.07805625349283218,0.5661233067512512,0.004722646903246641
visformer_small,24,ILSVRC2012_val_00039130.JPEG,17.983383178710938,0.11417101323604584,0.26303237676620483,0.0001608257443876937,0.35121262073516846,1.3032422065734863,0.0073564560152590275
visformer_small,25,ILSVRC2012_val_00039253.JPEG,16.255388259887695,0.18852993845939636,0.3527873456478119,0.30956169962882996,0.8135961294174194,0.34595686197280884,0.023221002891659737
visformer_small,26,ILSVRC2012_val_00039290.JPEG,17.51595115661621,0.12992314994335175,0.29215648770332336,0.00129427679348737,0.13462013006210327,0.4502162039279938,0.006002963520586491
visformer_small,27,ILSVRC2012_val_00039421.JPEG,15.077132225036621,0.2180933952331543,0.4113243818283081,0.647177517414093,0.9093862175941467,0.7445623278617859,0.031754348427057266
visformer_small,28,ILSVRC2012_val_00039426.JPEG,16.56865119934082,0.17314797639846802,0.3390854001045227,0.01093835849314928,0.511562705039978,0.23195500671863556,0.010383333079516888
visformer_small,29,ILSVRC2012_val_00039464.JPEG,14.860485076904297,0.2176605612039566,0.42350244522094727,0.33794957399368286,0.8646928071975708,0.7622904181480408,0.0347704254090786
visformer_small,30,ILSVRC2012_val_00039490.JPEG,18.61754035949707,0.08753032982349396,0.21947330236434937,0.0181434229016304,0.059739843010902405,0.6298397183418274,0.0063095842488110065
visformer_small,31,ILSVRC2012_val_00039737.JPEG,16.200197219848633,0.16254450380802155,0.36164531111717224,0.03430844098329544,0.17318513989448547,1.0364412069320679,0.013589472509920597
visformer_small,32,ILSVRC2012_val_00039746.JPEG,12.876238822937012,0.28718075156211853,0.48846498131752014,0.7285125255584717,0.8359816074371338,1.2574455738067627,0.030321357771754265
visformer_small,33,ILSVRC2012_val_00039748.JPEG,15.585633277893066,0.20473070442676544,0.37892472743988037,0.670610785484314,0.7455512285232544,0.722912609577179,0.03327016159892082
visformer_small,34,ILSVRC2012_val_00039815.JPEG,18.149127960205078,0.11888179183006287,0.25839078426361084,0.12395672500133514,0.32841309905052185,1.0338075160980225,0.00355077488347888
visformer_small,35,ILSVRC2012_val_00039842.JPEG,18.262033462524414,0.11608549952507019,0.24610838294029236,0.3069937527179718,0.9423118829727173,0.5099853873252869,0.00794004276394844
visformer_small,36,ILSVRC2012_val_00039892.JPEG,17.529972076416016,0.12704649567604065,0.3021625280380249,0.6185265779495239,0.8202645778656006,0.4127448499202728,0.02122516743838787
visformer_small,37,ILSVRC2012_val_00039939.JPEG,15.545653343200684,0.191109761595726,0.37517279386520386,0.09826377034187317,0.5805869698524475,0.597725510597229,0.017554963007569313
visformer_small,38,ILSVRC2012_val_00040016.JPEG,17.620615005493164,0.11854737997055054,0.2855585813522339,0.4099677801132202,0.46265143156051636,0.4797053337097168,0.019519535824656487
visformer_small,39,ILSVRC2012_val_00040140.JPEG,14.902685165405273,0.2209932506084442,0.426022469997406,0.6646322011947632,0.8090015053749084,0.639807403087616,0.01642080955207348
visformer_small,40,ILSVRC2012_val_00040221.JPEG,16.9031925201416,0.15444667637348175,0.32573631405830383,0.0003822601865977049,0.008623444475233555,0.2979186177253723,0.00917892251163721
visformer_small,41,ILSVRC2012_val_00040291.JPEG,16.188386917114258,0.15816818177700043,0.362662136554718,0.27339857816696167,0.415348082780838,0.528533399105072,0.012916595675051212
visformer_small,42,ILSVRC2012_val_00040345.JPEG,16.0589542388916,0.19313378632068634,0.36894530057907104,0.18629813194274902,0.31849297881126404,0.46192508935928345,0.007995793595910072
visformer_small,43,ILSVRC2012_val_00040407.JPEG,17.98053550720215,0.1178857684135437,0.27654463052749634,0.14401984214782715,0.19211901724338531,1.22860586643219,0.0055389865301549435
visformer_small,44,ILSVRC2012_val_00040452.JPEG,15.749224662780762,0.1850913017988205,0.3670951724052429,0.008861917071044445,0.09801267087459564,0.23149824142456055,0.025688854977488518
visformer_small,45,ILSVRC2012_val_00040457.JPEG,15.33370304107666,0.21954908967018127,0.37944158911705017,0.5268223285675049,0.6313984394073486,3.6596782207489014,0.008985623717308044
visformer_small,46,ILSVRC2012_val_00040494.JPEG,16.46178436279297,0.18359380960464478,0.3492315113544464,0.601883053779602,0.8350028991699219,1.0075628757476807,0.02273867093026638
visformer_small,47,ILSVRC2012_val_00040541.JPEG,17.909626007080078,0.12168879806995392,0.28147026896476746,0.01154917012900114,0.21420623362064362,0.8434532284736633,0.005309229250997305
visformer_small,48,ILSVRC2012_val_00040601.JPEG,17.368465423583984,0.12972840666770935,0.302539587020874,0.2474268674850464,0.281022310256958,0.8144115805625916,0.012853381223976612
visformer_small,49,ILSVRC2012_val_00040634.JPEG,15.682199478149414,0.2120530903339386,0.37317949533462524,0.5072458386421204,0.5354087352752686,0.539433479309082,0.013262804597616196
visformer_small,50,ILSVRC2012_val_00040798.JPEG,17.94304847717285,0.11693637818098068,0.2723671793937683,0.07502859085798264,0.40396445989608765,0.78467857837677,0.006734465714544058
visformer_small,51,ILSVRC2012_val_00040930.JPEG,14.807611465454102,0.209905207157135,0.42752283811569214,0.5268710255622864,0.8992155194282532,0.7396135926246643,0.018650837242603302
visformer_small,52,ILSVRC2012_val_00040952.JPEG,15.209152221679688,0.21788276731967926,0.39959007501602173,0.4075297713279724,0.5844354629516602,0.23674488067626953,0.013758703134953976
visformer_small,53,ILSVRC2012_val_00040966.JPEG,18.0642147064209,0.1165856346487999,0.26720255613327026,0.10967928171157837,0.18465140461921692,1.6793098449707031,0.007097008638083935
visformer_small,54,ILSVRC2012_val_00041010.JPEG,17.189525604248047,0.15466804802417755,0.30565375089645386,0.14500132203102112,0.1633487194776535,0.21255140006542206,0.01170202437788248
visformer_small,55,ILSVRC2012_val_00041063.JPEG,14.518221855163574,0.25155121088027954,0.4158933758735657,0.17589977383613586,0.7467337846755981,3.406498432159424,0.007848827168345451
visformer_small,56,ILSVRC2012_val_00041080.JPEG,12.710040092468262,0.2897792160511017,0.49890008568763733,0.17751537263393402,0.7637215852737427,0.2282370626926422,0.023599887266755104
visformer_small,57,ILSVRC2012_val_00041241.JPEG,18.165159225463867,0.11015541106462479,0.25355008244514465,0.01991802453994751,0.45832815766334534,0.8254416584968567,0.005937524605542421
visformer_small,58,ILSVRC2012_val_00041354.JPEG,15.655970573425293,0.20166246592998505,0.3876839578151703,0.1146860346198082,0.23551829159259796,0.54325932264328,0.006935251876711845
visformer_small,59,ILSVRC2012_val_00041406.JPEG,17.29982566833496,0.14166375994682312,0.30951741337776184,0.1381014585494995,0.24784445762634277,0.7589181065559387,0.008496822789311409
visformer_small,60,ILSVRC2012_val_00041468.JPEG,17.19013786315918,0.15978679060935974,0.3036961853504181,7.112973253242671e-05,0.25354623794555664,0.8967915773391724,0.009710568934679031
visformer_small,61,ILSVRC2012_val_00041474.JPEG,15.666362762451172,0.19841444492340088,0.376228004693985,0.05748579651117325,0.8735249638557434,0.91124027967453,0.014343766495585442
visformer_small,62,ILSVRC2012_val_00041483.JPEG,14.033058166503906,0.26723960041999817,0.42529577016830444,0.22947466373443604,0.3763372600078583,1.626346468925476,0.013713818043470383
visformer_small,63,ILSVRC2012_val_00041486.JPEG,15.434550285339355,0.20650438964366913,0.3953741788864136,0.6262561082839966,0.8731076121330261,0.2556544840335846,0.04607214033603668
