model,sample_index,image_name,target_mode,map_variant,map_rank_spearman,map_top_half_iou,gradcam_zero
visformer_small,0,ILSVRC2012_val_00000031.JPEG,predicted,patch_score,1.0,1.0,False
visformer_small,1,ILSVRC2012_val_00000081.JPEG,predicted,patch_score,1.0,1.0,False
visformer_small,2,ILSVRC2012_val_00000102.JPEG,predicted,patch_score,1.0,1.0,False
visformer_small,3,ILSVRC2012_val_00000117.JPEG,predicted,patch_score,1.0,1.0,False
visformer_small,4,ILSVRC2012_val_00000120.JPEG,predicted,patch_score,1.0,1.0,False
visformer_small,5,ILSVRC2012_val_00000138.JPEG,predicted,patch_score,1.0,1.0,False
visformer_small,6,ILSVRC2012_val_00000166.JPEG,predicted,patch_score,1.0,1.0,False
visformer_small,7,ILSVRC2012_val_00000262.JPEG,predicted,patch_score,1.0,1.0,False
visformer_small,0,ILSVRC2012_val_00000031.JPEG,predicted,random_uniform,1.0,1.0,False
visformer_small,1,ILSVRC2012_val_00000081.JPEG,predicted,random_uniform,1.0,1.0,False
visformer_small,2,ILSVRC2012_val_00000102.JPEG,predicted,random_uniform,1.0,1.0,False
visformer_small,3,ILSVRC2012_val_00000117.JPEG,predicted,random_uniform,1.0,1.0,False
visformer_small,4,ILSVRC2012_val_00000120.JPEG,predicted,random_uniform,1.0,1.0,False
visformer_small,5,ILSVRC2012_val_00000138.JPEG,predicted,random_uniform,1.0,1.0,False
visformer_small,6,ILSVRC2012_val_00000166.JPEG,predicted,random_uniform,1.0,1.0,False
visformer_small,7,ILSVRC2012_val_00000262.JPEG,predicted,random_uniform,1.0,1.0,False
visformer_small,0,ILSVRC2012_val_00000031.JPEG,predicted,gradcam_relu,-0.25010204315185547,0.2631579041481018,False
visformer_small,1,ILSVRC2012_val_00000081.JPEG,predicted,gradcam_relu,0.21704082190990448,0.37142857909202576,False
visformer_small,2,ILSVRC2012_val_00000102.JPEG,predicted,gradcam_relu,0.3552040755748749,0.4117647111415863,False
visformer_small,3,ILSVRC2012_val_00000117.JPEG,predicted,gradcam_relu,0.2607142925262451,0.4545454680919647,False
visformer_small,4,ILSVRC2012_val_00000120.JPEG,predicted,gradcam_relu,-0.003673469414934516,0.29729729890823364,False
visformer_small,5,ILSVRC2012_val_00000138.JPEG,predicted,gradcam_relu,0.07469388097524643,0.37142857909202576,False
visformer_small,6,ILSVRC2012_val_00000166.JPEG,predicted,gradcam_relu,-0.029999999329447746,0.29729729890823364,False
visformer_small,7,ILSVRC2012_val_00000262.JPEG,predicted,gradcam_relu,0.23775510489940643,0.4117647111415863,False
visformer_small,0,ILSVRC2012_val_00000031.JPEG,predicted,gradcam_signed,-0.25010204315185547,0.2631579041481018,False
visformer_small,1,ILSVRC2012_val_00000081.JPEG,predicted,gradcam_signed,0.21704082190990448,0.37142857909202576,False
visformer_small,2,ILSVRC2012_val_00000102.JPEG,predicted,gradcam_signed,0.3552040755748749,0.4117647111415863,False
visformer_small,3,ILSVRC2012_val_00000117.JPEG,predicted,gradcam_signed,0.2607142925262451,0.4545454680919647,False
visformer_small,4,ILSVRC2012_val_00000120.JPEG,predicted,gradcam_signed,-0.003673469414934516,0.29729729890823364,False
visformer_small,5,ILSVRC2012_val_00000138.JPEG,predicted,gradcam_signed,0.07469388097524643,0.37142857909202576,False
visformer_small,6,ILSVRC2012_val_00000166.JPEG,predicted,gradcam_signed,-0.029999999329447746,0.29729729890823364,False
visformer_small,7,ILSVRC2012_val_00000262.JPEG,predicted,gradcam_signed,0.23775510489940643,0.4117647111415863,False
visformer_small,0,ILSVRC2012_val_00000031.JPEG,predicted,gradcam_abs,-0.25010204315185547,0.2631579041481018,False
visformer_small,1,ILSVRC2012_val_00000081.JPEG,predicted,gradcam_abs,0.21704082190990448,0.37142857909202576,False
visformer_small,2,ILSVRC2012_val_00000102.JPEG,predicted,gradcam_abs,0.3552040755748749,0.4117647111415863,False
visformer_small,3,ILSVRC2012_val_00000117.JPEG,predicted,gradcam_abs,0.2607142925262451,0.4545454680919647,False
visformer_small,4,ILSVRC2012_val_00000120.JPEG,predicted,gradcam_abs,-0.003673469414934516,0.29729729890823364,False
visformer_small,5,ILSVRC2012_val_00000138.JPEG,predicted,gradcam_abs,0.07469388097524643,0.37142857909202576,False
visformer_small,6,ILSVRC2012_val_00000166.JPEG,predicted,gradcam_abs,-0.029999999329447746,0.29729729890823364,False
visformer_small,7,ILSVRC2012_val_00000262.JPEG,predicted,gradcam_abs,0.23775510489940643,0.4117647111415863,False
visformer_small,8,ILSVRC2012_val_00000299.JPEG,predicted,patch_score,1.0,1.0,False
visformer_small,9,ILSVRC2012_val_00000410.JPEG,predicted,patch_score,1.0,1.0,False
visformer_small,10,ILSVRC2012_val_00000499.JPEG,predicted,patch_score,1.0,1.0,False
visformer_small,11,ILSVRC2012_val_00000526.JPEG,predicted,patch_score,1.0,1.0,False
visformer_small,12,ILSVRC2012_val_00000537.JPEG,predicted,patch_score,1.0,1.0,False
visformer_small,13,ILSVRC2012_val_00000548.JPEG,predicted,patch_score,1.0,1.0,False
visformer_small,14,ILSVRC2012_val_00000575.JPEG,predicted,patch_score,1.0,1.0,False
visformer_small,15,ILSVRC2012_val_00000602.JPEG,predicted,patch_score,1.0,1.0,False
visformer_small,8,ILSVRC2012_val_00000299.JPEG,predicted,random_uniform,1.0,1.0,False
visformer_small,9,ILSVRC2012_val_00000410.JPEG,predicted,random_uniform,1.0,1.0,False
visformer_small,10,ILSVRC2012_val_00000499.JPEG,predicted,random_uniform,1.0,1.0,False
visformer_small,11,ILSVRC2012_val_00000526.JPEG,predicted,random_uniform,1.0,1.0,False
visformer_small,12,ILSVRC2012_val_00000537.JPEG,predicted,random_uniform,1.0,1.0,False
visformer_small,13,ILSVRC2012_val_00000548.JPEG,predicted,random_uniform,1.0,1.0,False
visformer_small,14,ILSVRC2012_val_00000575.JPEG,predicted,random_uniform,1.0,1.0,False
visformer_small,15,ILSVRC2012_val_00000602.JPEG,predicted,random_uniform,1.0,1.0,False
visformer_small,8,ILSVRC2012_val_00000299.JPEG,predicted,gradcam_relu,-0.3436734676361084,0.23076923191547394,False
visformer_small,9,ILSVRC2012_val_00000410.JPEG,predicted,gradcam_relu,0.04908163100481033,0.29729729890823364,False
visformer_small,10,ILSVRC2012_val_00000499.JPEG,predicted,gradcam_relu,0.12999999523162842,0.4545454680919647,False
visformer_small,11,ILSVRC2012_val_00000526.JPEG,predicted,gradcam_relu,0.08010204136371613,0.37142857909202576,False
visformer_small,12,ILSVRC2012_val_00000537.JPEG,predicted,gradcam_relu,-0.08500000089406967,0.3333333432674408,False
visformer_small,13,ILSVRC2012_val_00000548.JPEG,predicted,gradcam_relu,0.0603061206638813,0.3333333432674408,False
visformer_small,14,ILSVRC2012_val_00000575.JPEG,predicted,gradcam_relu,0.2163265347480774,0.4545454680919647,False
visformer_small,15,ILSVRC2012_val_00000602.JPEG,predicted,gradcam_relu,0.19316326081752777,0.5,False
visformer_small,8,ILSVRC2012_val_00000299.JPEG,predicted,gradcam_signed,-0.3436734676361084,0.23076923191547394,False
visformer_small,9,ILSVRC2012_val_00000410.JPEG,predicted,gradcam_signed,0.04908163100481033,0.29729729890823364,False
visformer_small,10,ILSVRC2012_val_00000499.JPEG,predicted,gradcam_signed,0.12999999523162842,0.4545454680919647,False
visformer_small,11,ILSVRC2012_val_00000526.JPEG,predicted,gradcam_signed,0.07795918732881546,0.37142857909202576,False
visformer_small,12,ILSVRC2012_val_00000537.JPEG,predicted,gradcam_signed,-0.08500000089406967,0.3333333432674408,False
visformer_small,13,ILSVRC2012_val_00000548.JPEG,predicted,gradcam_signed,0.0603061206638813,0.3333333432674408,False
visformer_small,14,ILSVRC2012_val_00000575.JPEG,predicted,gradcam_signed,0.2163265347480774,0.4545454680919647,False
visformer_small,15,ILSVRC2012_val_00000602.JPEG,predicted,gradcam_signed,0.19316326081752777,0.5,False
visformer_small,8,ILSVRC2012_val_00000299.JPEG,predicted,gradcam_abs,-0.3436734676361084,0.23076923191547394,False
visformer_small,9,ILSVRC2012_val_00000410.JPEG,predicted,gradcam_abs,0.04908163100481033,0.29729729890823364,False
visformer_small,10,ILSVRC2012_val_00000499.JPEG,predicted,gradcam_abs,0.12999999523162842,0.4545454680919647,False
visformer_small,11,ILSVRC2012_val_00000526.JPEG,predicted,gradcam_abs,0.08908163011074066,0.37142857909202576,False
visformer_small,12,ILSVRC2012_val_00000537.JPEG,predicted,gradcam_abs,-0.08500000089406967,0.3333333432674408,False
visformer_small,13,ILSVRC2012_val_00000548.JPEG,predicted,gradcam_abs,0.0603061206638813,0.3333333432674408,False
visformer_small,14,ILSVRC2012_val_00000575.JPEG,predicted,gradcam_abs,0.2163265347480774,0.4545454680919647,False
visformer_small,15,ILSVRC2012_val_00000602.JPEG,predicted,gradcam_abs,0.19316326081752777,0.5,False
visformer_small,16,ILSVRC2012_val_00000695.JPEG,predicted,patch_score,1.0,1.0,False
visformer_small,17,ILSVRC2012_val_00000724.JPEG,predicted,patch_score,1.0,1.0,False
visformer_small,18,ILSVRC2012_val_00000781.JPEG,predicted,patch_score,1.0,1.0,False
visformer_small,19,ILSVRC2012_val_00000809.JPEG,predicted,patch_score,1.0,1.0,False
visformer_small,20,ILSVRC2012_val_00000871.JPEG,predicted,patch_score,1.0,1.0,False
visformer_small,21,ILSVRC2012_val_00000890.JPEG,predicted,patch_score,1.0,1.0,False
visformer_small,22,ILSVRC2012_val_00000989.JPEG,predicted,patch_score,1.0,1.0,False
visformer_small,23,ILSVRC2012_val_00001094.JPEG,predicted,patch_score,1.0,1.0,False
visformer_small,16,ILSVRC2012_val_00000695.JPEG,predicted,random_uniform,1.0,1.0,False
visformer_small,17,ILSVRC2012_val_00000724.JPEG,predicted,random_uniform,1.0,1.0,False
visformer_small,18,ILSVRC2012_val_00000781.JPEG,predicted,random_uniform,1.0,1.0,False
visformer_small,19,ILSVRC2012_val_00000809.JPEG,predicted,random_uniform,1.0,1.0,False
visformer_small,20,ILSVRC2012_val_00000871.JPEG,predicted,random_uniform,1.0,1.0,False
visformer_small,21,ILSVRC2012_val_00000890.JPEG,predicted,random_uniform,1.0,1.0,False
visformer_small,22,ILSVRC2012_val_00000989.JPEG,predicted,random_uniform,1.0,1.0,False
visformer_small,23,ILSVRC2012_val_00001094.JPEG,predicted,random_uniform,1.0,1.0,False
visformer_small,16,ILSVRC2012_val_00000695.JPEG,predicted,gradcam_relu,-0.11357142776250839,0.37142857909202576,False
visformer_small,17,ILSVRC2012_val_00000724.JPEG,predicted,gradcam_relu,-0.014999999664723873,0.3333333432674408,False
visformer_small,18,ILSVRC2012_val_00000781.JPEG,predicted,gradcam_relu,0.08540816605091095,0.37142857909202576,False
visformer_small,19,ILSVRC2012_val_00000809.JPEG,predicted,gradcam_relu,0.24173469841480255,0.37142857909202576,False
visformer_small,20,ILSVRC2012_val_00000871.JPEG,predicted,gradcam_relu,0.14469388127326965,0.4117647111415863,False
visformer_small,21,ILSVRC2012_val_00000890.JPEG,predicted,gradcam_relu,0.10265306383371353,0.37142857909202576,False
visformer_small,22,ILSVRC2012_val_00000989.JPEG,predicted,gradcam_relu,0.17795918881893158,0.37142857909202576,False
visformer_small,23,ILSVRC2012_val_00001094.JPEG,predicted,gradcam_relu,0.07622449100017548,0.3333333432674408,False
visformer_small,16,ILSVRC2012_val_00000695.JPEG,predicted,gradcam_signed,-0.11357142776250839,0.37142857909202576,False
visformer_small,17,ILSVRC2012_val_00000724.JPEG,predicted,gradcam_signed,-0.014999999664723873,0.3333333432674408,False
visformer_small,18,ILSVRC2012_val_00000781.JPEG,predicted,gradcam_signed,0.08540816605091095,0.37142857909202576,False
visformer_small,19,ILSVRC2012_val_00000809.JPEG,predicted,gradcam_signed,0.24173469841480255,0.37142857909202576,False
visformer_small,20,ILSVRC2012_val_00000871.JPEG,predicted,gradcam_signed,0.14469388127326965,0.4117647111415863,False
visformer_small,21,ILSVRC2012_val_00000890.JPEG,predicted,gradcam_signed,0.10265306383371353,0.37142857909202576,False
visformer_small,22,ILSVRC2012_val_00000989.JPEG,predicted,gradcam_signed,0.17795918881893158,0.37142857909202576,False
visformer_small,23,ILSVRC2012_val_00001094.JPEG,predicted,gradcam_signed,0.07622449100017548,0.3333333432674408,False
visformer_small,16,ILSVRC2012_val_00000695.JPEG,predicted,gradcam_abs,-0.11571428924798965,0.37142857909202576,False
visformer_small,17,ILSVRC2012_val_00000724.JPEG,predicted,gradcam_abs,-0.014999999664723873,0.3333333432674408,False
visformer_small,18,ILSVRC2012_val_00000781.JPEG,predicted,gradcam_abs,0.07724490016698837,0.37142857909202576,False
visformer_small,19,ILSVRC2012_val_00000809.JPEG,predicted,gradcam_abs,0.24010203778743744,0.37142857909202576,False
visformer_small,20,ILSVRC2012_val_00000871.JPEG,predicted,gradcam_abs,0.14469388127326965,0.4117647111415863,False
visformer_small,21,ILSVRC2012_val_00000890.JPEG,predicted,gradcam_abs,0.10265306383371353,0.37142857909202576,False
visformer_small,22,ILSVRC2012_val_00000989.JPEG,predicted,gradcam_abs,0.17795918881893158,0.37142857909202576,False
visformer_small,23,ILSVRC2012_val_00001094.JPEG,predicted,gradcam_abs,0.07622449100017548,0.3333333432674408,False
visformer_small,24,ILSVRC2012_val_00001115.JPEG,predicted,patch_score,1.0,1.0,False
visformer_small,25,ILSVRC2012_val_00001343.JPEG,predicted,patch_score,1.0,1.0,False
visformer_small,26,ILSVRC2012_val_00001379.JPEG,predicted,patch_score,1.0,1.0,False
visformer_small,27,ILSVRC2012_val_00001425.JPEG,predicted,patch_score,1.0,1.0,False
visformer_small,28,ILSVRC2012_val_00001434.JPEG,predicted,patch_score,1.0,1.0,False
visformer_small,29,ILSVRC2012_val_00001435.JPEG,predicted,patch_score,1.0,1.0,False
visformer_small,30,ILSVRC2012_val_00001512.JPEG,predicted,patch_score,1.0,1.0,False
visformer_small,31,ILSVRC2012_val_00001537.JPEG,predicted,patch_score,1.0,1.0,False
visformer_small,24,ILSVRC2012_val_00001115.JPEG,predicted,random_uniform,1.0,1.0,False
visformer_small,25,ILSVRC2012_val_00001343.JPEG,predicted,random_uniform,1.0,1.0,False
visformer_small,26,ILSVRC2012_val_00001379.JPEG,predicted,random_uniform,1.0,1.0,False
visformer_small,27,ILSVRC2012_val_00001425.JPEG,predicted,random_uniform,1.0,1.0,False
visformer_small,28,ILSVRC2012_val_00001434.JPEG,predicted,random_uniform,1.0,1.0,False
visformer_small,29,ILSVRC2012_val_00001435.JPEG,predicted,random_uniform,1.0,1.0,False
visformer_small,30,ILSVRC2012_val_00001512.JPEG,predicted,random_uniform,1.0,1.0,False
visformer_small,31,ILSVRC2012_val_00001537.JPEG,predicted,random_uniform,1.0,1.0,False
visformer_small,24,ILSVRC2012_val_00001115.JPEG,predicted,gradcam_relu,-0.12234693765640259,0.37142857909202576,False
visformer_small,25,ILSVRC2012_val_00001343.JPEG,predicted,gradcam_relu,0.5148979425430298,0.4117647111415863,False
visformer_small,26,ILSVRC2012_val_00001379.JPEG,predicted,gradcam_relu,-0.6828571557998657,0.09090909361839294,False
visformer_small,27,ILSVRC2012_val_00001425.JPEG,predicted,gradcam_relu,-0.03224489837884903,0.37142857909202576,False
visformer_small,28,ILSVRC2012_val_00001434.JPEG,predicted,gradcam_relu,0.49112245440483093,0.5483871102333069,False
visformer_small,29,ILSVRC2012_val_00001435.JPEG,predicted,gradcam_relu,-0.3291836678981781,0.23076923191547394,False
visformer_small,30,ILSVRC2012_val_00001512.JPEG,predicted,gradcam_relu,-0.048367347568273544,0.2631579041481018,False
visformer_small,31,ILSVRC2012_val_00001537.JPEG,predicted,gradcam_relu,0.15377551317214966,0.4545454680919647,False
visformer_small,24,ILSVRC2012_val_00001115.JPEG,predicted,gradcam_signed,-0.12234693765640259,0.37142857909202576,False
visformer_small,25,ILSVRC2012_val_00001343.JPEG,predicted,gradcam_signed,0.5148979425430298,0.4117647111415863,False
visformer_small,26,ILSVRC2012_val_00001379.JPEG,predicted,gradcam_signed,-0.6828571557998657,0.09090909361839294,False
visformer_small,27,ILSVRC2012_val_00001425.JPEG,predicted,gradcam_signed,-0.03224489837884903,0.37142857909202576,False
visformer_small,28,ILSVRC2012_val_00001434.JPEG,predicted,gradcam_signed,0.4906122386455536,0.5483871102333069,False
visformer_small,29,ILSVRC2012_val_00001435.JPEG,predicted,gradcam_signed,-0.3291836678981781,0.23076923191547394,False
visformer_small,30,ILSVRC2012_val_00001512.JPEG,predicted,gradcam_signed,-0.048367347568273544,0.2631579041481018,False
visformer_small,31,ILSVRC2012_val_00001537.JPEG,predicted,gradcam_signed,0.15377551317214966,0.4545454680919647,False
visformer_small,24,ILSVRC2012_val_00001115.JPEG,predicted,gradcam_abs,-0.12234693765640259,0.37142857909202576,False
visformer_small,25,ILSVRC2012_val_00001343.JPEG,predicted,gradcam_abs,0.5148979425430298,0.4117647111415863,False
visformer_small,26,ILSVRC2012_val_00001379.JPEG,predicted,gradcam_abs,-0.6828571557998657,0.09090909361839294,False
visformer_small,27,ILSVRC2012_val_00001425.JPEG,predicted,gradcam_abs,-0.03193877637386322,0.37142857909202576,False
visformer_small,28,ILSVRC2012_val_00001434.JPEG,predicted,gradcam_abs,0.48642855882644653,0.5483871102333069,False
visformer_small,29,ILSVRC2012_val_00001435.JPEG,predicted,gradcam_abs,-0.3291836678981781,0.23076923191547394,False
visformer_small,30,ILSVRC2012_val_00001512.JPEG,predicted,gradcam_abs,-0.048367347568273544,0.2631579041481018,False
visformer_small,31,ILSVRC2012_val_00001537.JPEG,predicted,gradcam_abs,0.15377551317214966,0.4545454680919647,False
visformer_small,32,ILSVRC2012_val_00001570.JPEG,predicted,patch_score,1.0,1.0,False
visformer_small,33,ILSVRC2012_val_00001638.JPEG,predicted,patch_score,1.0,1.0,False
visformer_small,34,ILSVRC2012_val_00001642.JPEG,predicted,patch_score,1.0,1.0,False
visformer_small,35,ILSVRC2012_val_00001645.JPEG,predicted,patch_score,1.0,1.0,False
visformer_small,36,ILSVRC2012_val_00001648.JPEG,predicted,patch_score,1.0,1.0,False
visformer_small,37,ILSVRC2012_val_00001655.JPEG,predicted,patch_score,1.0,1.0,False
visformer_small,38,ILSVRC2012_val_00001659.JPEG,predicted,patch_score,1.0,1.0,False
visformer_small,39,ILSVRC2012_val_00001689.JPEG,predicted,patch_score,1.0,1.0,False
visformer_small,32,ILSVRC2012_val_00001570.JPEG,predicted,random_uniform,1.0,1.0,False
visformer_small,33,ILSVRC2012_val_00001638.JPEG,predicted,random_uniform,1.0,1.0,False
visformer_small,34,ILSVRC2012_val_00001642.JPEG,predicted,random_uniform,1.0,1.0,False
visformer_small,35,ILSVRC2012_val_00001645.JPEG,predicted,random_uniform,1.0,1.0,False
visformer_small,36,ILSVRC2012_val_00001648.JPEG,predicted,random_uniform,1.0,1.0,False
visformer_small,37,ILSVRC2012_val_00001655.JPEG,predicted,random_uniform,1.0,1.0,False
visformer_small,38,ILSVRC2012_val_00001659.JPEG,predicted,random_uniform,1.0,1.0,False
visformer_small,39,ILSVRC2012_val_00001689.JPEG,predicted,random_uniform,1.0,1.0,False
visformer_small,32,ILSVRC2012_val_00001570.JPEG,predicted,gradcam_relu,-0.27173468470573425,0.20000000298023224,False
visformer_small,33,ILSVRC2012_val_00001638.JPEG,predicted,gradcam_relu,-0.21857142448425293,0.3333333432674408,False
visformer_small,34,ILSVRC2012_val_00001642.JPEG,predicted,gradcam_relu,0.17683672904968262,0.4117647111415863,False
visformer_small,35,ILSVRC2012_val_00001645.JPEG,predicted,gradcam_relu,-0.05642857030034065,0.29729729890823364,False
visformer_small,36,ILSVRC2012_val_00001648.JPEG,predicted,gradcam_relu,0.033775508403778076,0.29729729890823364,False
visformer_small,37,ILSVRC2012_val_00001655.JPEG,predicted,gradcam_relu,-0.21346938610076904,0.20000000298023224,False
visformer_small,38,ILSVRC2012_val_00001659.JPEG,predicted,gradcam_relu,0.1860204041004181,0.4117647111415863,False
visformer_small,39,ILSVRC2012_val_00001689.JPEG,predicted,gradcam_relu,0.23734693229198456,0.4117647111415863,False
visformer_small,32,ILSVRC2012_val_00001570.JPEG,predicted,gradcam_signed,-0.27173468470573425,0.20000000298023224,False
visformer_small,33,ILSVRC2012_val_00001638.JPEG,predicted,gradcam_signed,-0.21857142448425293,0.3333333432674408,False
visformer_small,34,ILSVRC2012_val_00001642.JPEG,predicted,gradcam_signed,0.17683672904968262,0.4117647111415863,False
visformer_small,35,ILSVRC2012_val_00001645.JPEG,predicted,gradcam_signed,-0.05642857030034065,0.29729729890823364,False
visformer_small,36,ILSVRC2012_val_00001648.JPEG,predicted,gradcam_signed,0.033775508403778076,0.29729729890823364,False
visformer_small,37,ILSVRC2012_val_00001655.JPEG,predicted,gradcam_signed,-0.21346938610076904,0.20000000298023224,False
visformer_small,38,ILSVRC2012_val_00001659.JPEG,predicted,gradcam_signed,0.1860204041004181,0.4117647111415863,False
visformer_small,39,ILSVRC2012_val_00001689.JPEG,predicted,gradcam_signed,0.23734693229198456,0.4117647111415863,False
visformer_small,32,ILSVRC2012_val_00001570.JPEG,predicted,gradcam_abs,-0.27173468470573425,0.20000000298023224,False
visformer_small,33,ILSVRC2012_val_00001638.JPEG,predicted,gradcam_abs,-0.21857142448425293,0.3333333432674408,False
visformer_small,34,ILSVRC2012_val_00001642.JPEG,predicted,gradcam_abs,0.17683672904968262,0.4117647111415863,False
visformer_small,35,ILSVRC2012_val_00001645.JPEG,predicted,gradcam_abs,-0.05642857030034065,0.29729729890823364,False
visformer_small,36,ILSVRC2012_val_00001648.JPEG,predicted,gradcam_abs,0.033775508403778076,0.29729729890823364,False
visformer_small,37,ILSVRC2012_val_00001655.JPEG,predicted,gradcam_abs,-0.21346938610076904,0.20000000298023224,False
visformer_small,38,ILSVRC2012_val_00001659.JPEG,predicted,gradcam_abs,0.1860204041004181,0.4117647111415863,False
visformer_small,39,ILSVRC2012_val_00001689.JPEG,predicted,gradcam_abs,0.23734693229198456,0.4117647111415863,False
visformer_small,40,ILSVRC2012_val_00001753.JPEG,predicted,patch_score,1.0,1.0,False
visformer_small,41,ILSVRC2012_val_00001925.JPEG,predicted,patch_score,1.0,1.0,False
visformer_small,42,ILSVRC2012_val_00002002.JPEG,predicted,patch_score,1.0,1.0,False
visformer_small,43,ILSVRC2012_val_00002073.JPEG,predicted,patch_score,1.0,1.0,False
visformer_small,44,ILSVRC2012_val_00002159.JPEG,predicted,patch_score,1.0,1.0,False
visformer_small,45,ILSVRC2012_val_00002176.JPEG,predicted,patch_score,1.0,1.0,False
visformer_small,46,ILSVRC2012_val_00002183.JPEG,predicted,patch_score,1.0,1.0,False
visformer_small,47,ILSVRC2012_val_00002184.JPEG,predicted,patch_score,1.0,1.0,False
visformer_small,40,ILSVRC2012_val_00001753.JPEG,predicted,random_uniform,1.0,1.0,False
visformer_small,41,ILSVRC2012_val_00001925.JPEG,predicted,random_uniform,1.0,1.0,False
visformer_small,42,ILSVRC2012_val_00002002.JPEG,predicted,random_uniform,1.0,1.0,False
visformer_small,43,ILSVRC2012_val_00002073.JPEG,predicted,random_uniform,1.0,1.0,False
visformer_small,44,ILSVRC2012_val_00002159.JPEG,predicted,random_uniform,1.0,1.0,False
visformer_small,45,ILSVRC2012_val_00002176.JPEG,predicted,random_uniform,1.0,1.0,False
visformer_small,46,ILSVRC2012_val_00002183.JPEG,predicted,random_uniform,1.0,1.0,False
visformer_small,47,ILSVRC2012_val_00002184.JPEG,predicted,random_uniform,1.0,1.0,False
visformer_small,40,ILSVRC2012_val_00001753.JPEG,predicted,gradcam_relu,-0.23979592323303223,0.29729729890823364,False
visformer_small,41,ILSVRC2012_val_00001925.JPEG,predicted,gradcam_relu,0.14897958934307098,0.37142857909202576,False
visformer_small,42,ILSVRC2012_val_00002002.JPEG,predicted,gradcam_relu,-0.41418367624282837,0.23076923191547394,False
visformer_small,43,ILSVRC2012_val_00002073.JPEG,predicted,gradcam_relu,-0.17510204017162323,0.23076923191547394,False
visformer_small,44,ILSVRC2012_val_00002159.JPEG,predicted,gradcam_relu,0.4242857098579407,0.37142857909202576,False
visformer_small,45,ILSVRC2012_val_00002176.JPEG,predicted,gradcam_relu,0.12928570806980133,0.37142857909202576,False
visformer_small,46,ILSVRC2012_val_00002183.JPEG,predicted,gradcam_relu,0.2240816354751587,0.4117647111415863,False
visformer_small,47,ILSVRC2012_val_00002184.JPEG,predicted,gradcam_relu,-0.2851020395755768,0.23076923191547394,False
visformer_small,40,ILSVRC2012_val_00001753.JPEG,predicted,gradcam_signed,-0.23979592323303223,0.29729729890823364,False
visformer_small,41,ILSVRC2012_val_00001925.JPEG,predicted,gradcam_signed,0.14897958934307098,0.37142857909202576,False
visformer_small,42,ILSVRC2012_val_00002002.JPEG,predicted,gradcam_signed,-0.41418367624282837,0.23076923191547394,False
visformer_small,43,ILSVRC2012_val_00002073.JPEG,predicted,gradcam_signed,-0.17510204017162323,0.23076923191547394,False
visformer_small,44,ILSVRC2012_val_00002159.JPEG,predicted,gradcam_signed,0.4242857098579407,0.37142857909202576,False
visformer_small,45,ILSVRC2012_val_00002176.JPEG,predicted,gradcam_signed,0.12928570806980133,0.37142857909202576,False
visformer_small,46,ILSVRC2012_val_00002183.JPEG,predicted,gradcam_signed,0.2240816354751587,0.4117647111415863,False
visformer_small,47,ILSVRC2012_val_00002184.JPEG,predicted,gradcam_signed,-0.2851020395755768,0.23076923191547394,False
visformer_small,40,ILSVRC2012_val_00001753.JPEG,predicted,gradcam_abs,-0.23979592323303223,0.29729729890823364,False
visformer_small,41,ILSVRC2012_val_00001925.JPEG,predicted,gradcam_abs,0.14897958934307098,0.37142857909202576,False
visformer_small,42,ILSVRC2012_val_00002002.JPEG,predicted,gradcam_abs,-0.41418367624282837,0.23076923191547394,False
visformer_small,43,ILSVRC2012_val_00002073.JPEG,predicted,gradcam_abs,-0.17510204017162323,0.23076923191547394,False
visformer_small,44,ILSVRC2012_val_00002159.JPEG,predicted,gradcam_abs,0.4242857098579407,0.37142857909202576,False
visformer_small,45,ILSVRC2012_val_00002176.JPEG,predicted,gradcam_abs,0.12928570806980133,0.37142857909202576,False
visformer_small,46,ILSVRC2012_val_00002183.JPEG,predicted,gradcam_abs,0.2240816354751587,0.4117647111415863,False
visformer_small,47,ILSVRC2012_val_00002184.JPEG,predicted,gradcam_abs,-0.2851020395755768,0.23076923191547394,False
visformer_small,48,ILSVRC2012_val_00002311.JPEG,predicted,patch_score,1.0,1.0,False
visformer_small,49,ILSVRC2012_val_00002347.JPEG,predicted,patch_score,1.0,1.0,False
visformer_small,50,ILSVRC2012_val_00002464.JPEG,predicted,patch_score,1.0,1.0,False
visformer_small,51,ILSVRC2012_val_00002533.JPEG,predicted,patch_score,1.0,1.0,False
visformer_small,52,ILSVRC2012_val_00002583.JPEG,predicted,patch_score,1.0,1.0,False
visformer_small,53,ILSVRC2012_val_00002614.JPEG,predicted,patch_score,1.0,1.0,False
visformer_small,54,ILSVRC2012_val_00002716.JPEG,predicted,patch_score,1.0,1.0,False
visformer_small,55,ILSVRC2012_val_00002733.JPEG,predicted,patch_score,1.0,1.0,False
visformer_small,48,ILSVRC2012_val_00002311.JPEG,predicted,random_uniform,1.0,1.0,False
visformer_small,49,ILSVRC2012_val_00002347.JPEG,predicted,random_uniform,1.0,1.0,False
visformer_small,50,ILSVRC2012_val_00002464.JPEG,predicted,random_uniform,1.0,1.0,False
visformer_small,51,ILSVRC2012_val_00002533.JPEG,predicted,random_uniform,1.0,1.0,False
visformer_small,52,ILSVRC2012_val_00002583.JPEG,predicted,random_uniform,1.0,1.0,False
visformer_small,53,ILSVRC2012_val_00002614.JPEG,predicted,random_uniform,1.0,1.0,False
visformer_small,54,ILSVRC2012_val_00002716.JPEG,predicted,random_uniform,1.0,1.0,False
visformer_small,55,ILSVRC2012_val_00002733.JPEG,predicted,random_uniform,1.0,1.0,False
visformer_small,48,ILSVRC2012_val_00002311.JPEG,predicted,gradcam_relu,0.04714285582304001,0.4117647111415863,False
visformer_small,49,ILSVRC2012_val_00002347.JPEG,predicted,gradcam_relu,0.2116326540708542,0.37142857909202576,False
visformer_small,50,ILSVRC2012_val_00002464.JPEG,predicted,gradcam_relu,-0.03999999910593033,0.2631579041481018,False
visformer_small,51,ILSVRC2012_val_00002533.JPEG,predicted,gradcam_relu,-0.3274489939212799,0.2631579041481018,False
visformer_small,52,ILSVRC2012_val_00002583.JPEG,predicted,gradcam_relu,0.13265305757522583,0.5,False
visformer_small,53,ILSVRC2012_val_00002614.JPEG,predicted,gradcam_relu,0.5952040553092957,0.5483871102333069,False
visformer_small,54,ILSVRC2012_val_00002716.JPEG,predicted,gradcam_relu,-0.24581632018089294,0.20000000298023224,False
visformer_small,55,ILSVRC2012_val_00002733.JPEG,predicted,gradcam_relu,0.2934693992137909,0.4545454680919647,False
visformer_small,48,ILSVRC2012_val_00002311.JPEG,predicted,gradcam_signed,0.04714285582304001,0.4117647111415863,False
visformer_small,49,ILSVRC2012_val_00002347.JPEG,predicted,gradcam_signed,0.21275509893894196,0.37142857909202576,False
visformer_small,50,ILSVRC2012_val_00002464.JPEG,predicted,gradcam_signed,-0.03999999910593033,0.2631579041481018,False
visformer_small,51,ILSVRC2012_val_00002533.JPEG,predicted,gradcam_signed,-0.3274489939212799,0.2631579041481018,False
visformer_small,52,ILSVRC2012_val_00002583.JPEG,predicted,gradcam_signed,0.13265305757522583,0.5,False
visformer_small,53,ILSVRC2012_val_00002614.JPEG,predicted,gradcam_signed,0.5961224436759949,0.5483871102333069,False
visformer_small,54,ILSVRC2012_val_00002716.JPEG,predicted,gradcam_signed,-0.24581632018089294,0.20000000298023224,False
visformer_small,55,ILSVRC2012_val_00002733.JPEG,predicted,gradcam_signed,0.2934693992137909,0.4545454680919647,False
visformer_small,48,ILSVRC2012_val_00002311.JPEG,predicted,gradcam_abs,0.04714285582304001,0.4117647111415863,False
visformer_small,49,ILSVRC2012_val_00002347.JPEG,predicted,gradcam_abs,0.2048979550600052,0.37142857909202576,False
visformer_small,50,ILSVRC2012_val_00002464.JPEG,predicted,gradcam_abs,-0.03999999910593033,0.2631579041481018,False
visformer_small,51,ILSVRC2012_val_00002533.JPEG,predicted,gradcam_abs,-0.3274489939212799,0.2631579041481018,False
visformer_small,52,ILSVRC2012_val_00002583.JPEG,predicted,gradcam_abs,0.13265305757522583,0.5,False
visformer_small,53,ILSVRC2012_val_00002614.JPEG,predicted,gradcam_abs,0.5992857217788696,0.5483871102333069,False
visformer_small,54,ILSVRC2012_val_00002716.JPEG,predicted,gradcam_abs,-0.24581632018089294,0.20000000298023224,False
visformer_small,55,ILSVRC2012_val_00002733.JPEG,predicted,gradcam_abs,0.2934693992137909,0.4545454680919647,False
visformer_small,56,ILSVRC2012_val_00002734.JPEG,predicted,patch_score,1.0,1.0,False
visformer_small,57,ILSVRC2012_val_00002815.JPEG,predicted,patch_score,1.0,1.0,False
visformer_small,58,ILSVRC2012_val_00002932.JPEG,predicted,patch_score,1.0,1.0,False
visformer_small,59,ILSVRC2012_val_00003096.JPEG,predicted,patch_score,1.0,1.0,False
visformer_small,60,ILSVRC2012_val_00003145.JPEG,predicted,patch_score,1.0,1.0,False
visformer_small,61,ILSVRC2012_val_00003190.JPEG,predicted,patch_score,1.0,1.0,False
visformer_small,62,ILSVRC2012_val_00003194.JPEG,predicted,patch_score,1.0,1.0,False
visformer_small,63,ILSVRC2012_val_00003317.JPEG,predicted,patch_score,1.0,1.0,False
visformer_small,56,ILSVRC2012_val_00002734.JPEG,predicted,random_uniform,1.0,1.0,False
visformer_small,57,ILSVRC2012_val_00002815.JPEG,predicted,random_uniform,1.0,1.0,False
visformer_small,58,ILSVRC2012_val_00002932.JPEG,predicted,random_uniform,1.0,1.0,False
visformer_small,59,ILSVRC2012_val_00003096.JPEG,predicted,random_uniform,1.0,1.0,False
visformer_small,60,ILSVRC2012_val_00003145.JPEG,predicted,random_uniform,1.0,1.0,False
visformer_small,61,ILSVRC2012_val_00003190.JPEG,predicted,random_uniform,1.0,1.0,False
visformer_small,62,ILSVRC2012_val_00003194.JPEG,predicted,random_uniform,1.0,1.0,False
visformer_small,63,ILSVRC2012_val_00003317.JPEG,predicted,random_uniform,1.0,1.0,False
visformer_small,56,ILSVRC2012_val_00002734.JPEG,predicted,gradcam_relu,0.29091838002204895,0.4117647111415863,False
visformer_small,57,ILSVRC2012_val_00002815.JPEG,predicted,gradcam_relu,0.2469387799501419,0.37142857909202576,False
visformer_small,58,ILSVRC2012_val_00002932.JPEG,predicted,gradcam_relu,0.5331632494926453,0.5,False
visformer_small,59,ILSVRC2012_val_00003096.JPEG,predicted,gradcam_relu,0.26816326379776,0.4117647111415863,False
visformer_small,60,ILSVRC2012_val_00003145.JPEG,predicted,gradcam_relu,0.23183673620224,0.5,False
visformer_small,61,ILSVRC2012_val_00003190.JPEG,predicted,gradcam_relu,0.011836734600365162,0.29729729890823364,False
visformer_small,62,ILSVRC2012_val_00003194.JPEG,predicted,gradcam_relu,0.23795917630195618,0.4117647111415863,False
visformer_small,63,ILSVRC2012_val_00003317.JPEG,predicted,gradcam_relu,-0.23867346346378326,0.20000000298023224,False
visformer_small,56,ILSVRC2012_val_00002734.JPEG,predicted,gradcam_signed,0.29091838002204895,0.4117647111415863,False
visformer_small,57,ILSVRC2012_val_00002815.JPEG,predicted,gradcam_signed,0.2469387799501419,0.37142857909202576,False
visformer_small,58,ILSVRC2012_val_00002932.JPEG,predicted,gradcam_signed,0.5331632494926453,0.5,False
visformer_small,59,ILSVRC2012_val_00003096.JPEG,predicted,gradcam_signed,0.26816326379776,0.4117647111415863,False
visformer_small,60,ILSVRC2012_val_00003145.JPEG,predicted,gradcam_signed,0.23183673620224,0.5,False
visformer_small,61,ILSVRC2012_val_00003190.JPEG,predicted,gradcam_signed,0.011836734600365162,0.29729729890823364,False
visformer_small,62,ILSVRC2012_val_00003194.JPEG,predicted,gradcam_signed,0.23795917630195618,0.4117647111415863,False
visformer_small,63,ILSVRC2012_val_00003317.JPEG,predicted,gradcam_signed,-0.23867346346378326,0.20000000298023224,False
visformer_small,56,ILSVRC2012_val_00002734.JPEG,predicted,gradcam_abs,0.29091838002204895,0.4117647111415863,False
visformer_small,57,ILSVRC2012_val_00002815.JPEG,predicted,gradcam_abs,0.2469387799501419,0.37142857909202576,False
visformer_small,58,ILSVRC2012_val_00002932.JPEG,predicted,gradcam_abs,0.5331632494926453,0.5,False
visformer_small,59,ILSVRC2012_val_00003096.JPEG,predicted,gradcam_abs,0.26816326379776,0.4117647111415863,False
visformer_small,60,ILSVRC2012_val_00003145.JPEG,predicted,gradcam_abs,0.23183673620224,0.5,False
visformer_small,61,ILSVRC2012_val_00003190.JPEG,predicted,gradcam_abs,0.014183673076331615,0.29729729890823364,False
visformer_small,62,ILSVRC2012_val_00003194.JPEG,predicted,gradcam_abs,0.23795917630195618,0.4117647111415863,False
visformer_small,63,ILSVRC2012_val_00003317.JPEG,predicted,gradcam_abs,-0.23867346346378326,0.20000000298023224,False
