condition,sample_index,source_alignment_to_opponent,semantic_final_global_cosine,semantic_early_global_cosine,semantic_final_gradient_alignment,semantic_early_gradient_alignment,semantic_layer_alignment_mean,consensus_max_weight,consensus_effective_layers,image_name
opponent_baseline,0,0.9999999403953552,0.9709147810935974,0.9971898198127747,0.10564013570547104,-0.011136860586702824,0.05516171455383301,0.3772602379322052,3.692267417907715,ILSVRC2012_val_00031361.JPEG
opponent_baseline,1,1.0000001192092896,0.9702380299568176,0.9979459047317505,0.07039150595664978,0.022612404078245163,0.021249892190098763,0.3727431297302246,3.702904462814331,ILSVRC2012_val_00031410.JPEG
semantic_only,0,0.10564015060663223,0.9709147810935974,0.9971898198127747,0.9999999403953552,-0.028907325118780136,0.40285032987594604,0.3772602379322052,3.692267417907715,ILSVRC2012_val_00031361.JPEG
semantic_only,1,0.07039150595664978,0.9702380299568176,0.9979459047317505,0.9999998807907104,0.033454254269599915,0.3981814980506897,0.3727431297302246,3.702904462814331,ILSVRC2012_val_00031410.JPEG
shuffled_semantic,0,0.9701425433158875,0.9709147810935974,0.9971898198127747,0.10155724734067917,-0.008394538424909115,0.05362345278263092,0.3772602379322052,3.692267417907715,ILSVRC2012_val_00031361.JPEG
shuffled_semantic,1,0.9701424837112427,0.9702380299568176,0.9979459047317505,0.07304653525352478,0.02098913863301277,0.02275468036532402,0.3727431297302246,3.702904462814331,ILSVRC2012_val_00031410.JPEG
final_semantic_residual,0,0.9701424837112427,0.9709147810935974,0.9971898198127747,0.3436644971370697,-0.01756790280342102,0.15034881234169006,0.3772602379322052,3.692267417907715,ILSVRC2012_val_00031361.JPEG
final_semantic_residual,1,0.9701424837112427,0.9702380299568176,0.9979459047317505,0.3102237284183502,0.029684266075491905,0.11706507205963135,0.3727431297302246,3.702904462814331,ILSVRC2012_val_00031410.JPEG
early_semantic_residual,0,0.9701425433158875,0.9709147810935974,0.9971898198127747,0.09575986862182617,0.23171627521514893,0.12044958770275116,0.3772602379322052,3.692267417907715,ILSVRC2012_val_00031361.JPEG
early_semantic_residual,1,0.9701425433158875,0.9702380299568176,0.9979459047317505,0.07601956278085709,0.2644108533859253,0.0804719403386116,0.3727431297302246,3.702904462814331,ILSVRC2012_val_00031410.JPEG
uniform_multilayer_residual,0,0.9701424837112427,0.9709147810935974,0.9971898198127747,0.25715136528015137,0.10285421460866928,0.2076185643672943,0.3772602379322052,3.692267417907715,ILSVRC2012_val_00031361.JPEG
uniform_multilayer_residual,1,0.9701426029205322,0.9702380299568176,0.9979459047317505,0.22063156962394714,0.14012908935546875,0.17022962868213654,0.3727431297302246,3.702904462814331,ILSVRC2012_val_00031410.JPEG
consensus_multilayer_residual,0,0.9701424241065979,0.9709147810935974,0.9971898198127747,0.25790396332740784,0.0433097667992115,0.20354831218719482,0.3772602379322052,3.692267417907715,ILSVRC2012_val_00031361.JPEG
consensus_multilayer_residual,1,0.9701426029205322,0.9702380299568176,0.9979459047317505,0.2245054543018341,0.06851327419281006,0.16707560420036316,0.3727431297302246,3.702904462814331,ILSVRC2012_val_00031410.JPEG
opponent_baseline,2,1.0000001192092896,0.9768710136413574,0.9994721412658691,-0.053144343197345734,-0.019609389826655388,-0.03679123520851135,0.3326866626739502,3.3693602085113525,ILSVRC2012_val_00031472.JPEG
opponent_baseline,3,1.0,0.9826483726501465,0.999381422996521,0.1583903729915619,-0.016468379646539688,0.009760066866874695,0.3737432062625885,3.609436511993408,ILSVRC2012_val_00031495.JPEG
semantic_only,2,-0.05314433574676514,0.9768710136413574,0.9994721412658691,1.0,0.07221400737762451,0.7158086895942688,0.3326866626739502,3.3693602085113525,ILSVRC2012_val_00031472.JPEG
semantic_only,3,0.1583903431892395,0.9826483726501465,0.999381422996521,1.0,-0.022787246853113174,0.39005911350250244,0.3737432062625885,3.609436511993408,ILSVRC2012_val_00031495.JPEG
shuffled_semantic,2,0.9701424837112427,0.9768710136413574,0.9994721412658691,-0.05176956579089165,-0.014745716005563736,-0.03485308960080147,0.3326866626739502,3.3693602085113525,ILSVRC2012_val_00031472.JPEG
shuffled_semantic,3,0.9701424837112427,0.9826483726501465,0.999381422996521,0.15364398062229156,-0.015656935051083565,0.009266451001167297,0.3737432062625885,3.609436511993408,ILSVRC2012_val_00031495.JPEG
final_semantic_residual,2,0.9701426029205322,0.9768710136413574,0.9994721412658691,0.19063526391983032,-0.0017377582844346762,0.13768714666366577,0.3326866626739502,3.3693602085113525,ILSVRC2012_val_00031472.JPEG
final_semantic_residual,3,0.9701425433158875,0.9826483726501465,0.999381422996521,0.3931352198123932,-0.020933326333761215,0.10490164160728455,0.3737432062625885,3.609436511993408,ILSVRC2012_val_00031495.JPEG
early_semantic_residual,2,0.9701425433158875,0.9768710136413574,0.9994721412658691,-0.03429253771901131,0.22346508502960205,0.04246525838971138,0.3326866626739502,3.3693602085113525,ILSVRC2012_val_00031472.JPEG
early_semantic_residual,3,0.9701424837112427,0.9826483726501465,0.999381422996521,0.14876647293567657,0.22652602195739746,0.07801330834627151,0.3737432062625885,3.609436511993408,ILSVRC2012_val_00031495.JPEG
uniform_multilayer_residual,2,0.9701424837112427,0.9768710136413574,0.9994721412658691,0.17688828706741333,0.052685245871543884,0.15475624799728394,0.3326866626739502,3.3693602085113525,ILSVRC2012_val_00031472.JPEG
uniform_multilayer_residual,3,0.9701424837112427,0.9826483726501465,0.999381422996521,0.2947036623954773,0.1128709688782692,0.1662220060825348,0.3737432062625885,3.609436511993408,ILSVRC2012_val_00031495.JPEG
consensus_multilayer_residual,2,0.9701425433158875,0.9768710136413574,0.9994721412658691,0.18195103108882904,0.010391966439783573,0.1477101594209671,0.3326866626739502,3.3693602085113525,ILSVRC2012_val_00031472.JPEG
consensus_multilayer_residual,3,0.9701424837112427,0.9826483726501465,0.999381422996521,0.28517043590545654,0.04574183374643326,0.1630355566740036,0.3737432062625885,3.609436511993408,ILSVRC2012_val_00031495.JPEG
opponent_baseline,4,0.9999998807907104,0.9214447736740112,0.9983130693435669,0.008832043036818504,0.003053734777495265,0.016554690897464752,0.3743326663970947,3.5956578254699707,ILSVRC2012_val_00031548.JPEG
opponent_baseline,5,1.0000001192092896,0.9796078205108643,0.9987101554870605,-0.11446323245763779,0.012526480481028557,-0.05625394731760025,0.3886827826499939,3.614492416381836,ILSVRC2012_val_00031586.JPEG
semantic_only,4,0.008832043036818504,0.9214447736740112,0.9983130693435669,1.0000001192092896,-0.033627718687057495,0.37694570422172546,0.3743326663970947,3.5956578254699707,ILSVRC2012_val_00031548.JPEG
semantic_only,5,-0.11446323245763779,0.9796078205108643,0.9987101554870605,1.0,0.015990320593118668,0.41380447149276733,0.3886827826499939,3.614492416381836,ILSVRC2012_val_00031586.JPEG
shuffled_semantic,4,0.9701424837112427,0.9214447736740112,0.9983130693435669,0.008691346272826195,0.0030189473181962967,0.015698283910751343,0.3743326663970947,3.5956578254699707,ILSVRC2012_val_00031548.JPEG
shuffled_semantic,5,0.9701425433158875,0.9796078205108643,0.9987101554870605,-0.10812131315469742,0.012919008731842041,-0.051580023020505905,0.3886827826499939,3.614492416381836,ILSVRC2012_val_00031586.JPEG
final_semantic_residual,4,0.9701424837112427,0.9214447736740112,0.9983130693435669,0.2510945200920105,-0.005200223997235298,0.10745127499103546,0.3743326663970947,3.5956578254699707,ILSVRC2012_val_00031548.JPEG
final_semantic_residual,5,0.9701426029205322,0.9796078205108643,0.9987101554870605,0.1298958957195282,0.016406405717134476,0.04487995430827141,0.3886827826499939,3.614492416381836,ILSVRC2012_val_00031586.JPEG
early_semantic_residual,4,0.9701424837112427,0.9214447736740112,0.9983130693435669,0.00040584104135632515,0.24549706280231476,0.08506745100021362,0.3743326663970947,3.5956578254699707,ILSVRC2012_val_00031548.JPEG
early_semantic_residual,5,0.970142662525177,0.9796078205108643,0.9987101554870605,-0.10681934654712677,0.25466907024383545,0.01684628799557686,0.3886827826499939,3.614492416381836,ILSVRC2012_val_00031586.JPEG
uniform_multilayer_residual,4,0.9701424837112427,0.9214447736740112,0.9983130693435669,0.14261893928050995,0.12979117035865784,0.17257441580295563,0.3743326663970947,3.5956578254699707,ILSVRC2012_val_00031548.JPEG
uniform_multilayer_residual,5,0.9701425433158875,0.9796078205108643,0.9987101554870605,0.031130485236644745,0.13814064860343933,0.10470383614301682,0.3886827826499939,3.614492416381836,ILSVRC2012_val_00031586.JPEG
consensus_multilayer_residual,4,0.9701424241065979,0.9214447736740112,0.9983130693435669,0.12732917070388794,0.0657673254609108,0.1681446135044098,0.3743326663970947,3.5956578254699707,ILSVRC2012_val_00031548.JPEG
consensus_multilayer_residual,5,0.9701424837112427,0.9796078205108643,0.9987101554870605,0.023268723860383034,0.07245120406150818,0.10004188120365143,0.3886827826499939,3.614492416381836,ILSVRC2012_val_00031586.JPEG
opponent_baseline,6,0.9999998211860657,0.9830798506736755,0.9996068477630615,0.09565961360931396,0.003905878635123372,0.043611329048871994,0.42047619819641113,3.6222074031829834,ILSVRC2012_val_00031588.JPEG
opponent_baseline,7,1.0000001192092896,0.9791598320007324,0.9992814660072327,0.018782038241624832,-0.005158909130841494,0.008333024568855762,0.39670273661613464,3.4863333702087402,ILSVRC2012_val_00031593.JPEG
semantic_only,6,0.09565962105989456,0.9830798506736755,0.9996068477630615,1.0,0.06780491769313812,0.4275527000427246,0.42047619819641113,3.6222074031829834,ILSVRC2012_val_00031588.JPEG
semantic_only,7,0.01878204010426998,0.9791598320007324,0.9992814660072327,1.0,-0.0352664552628994,0.5033043026924133,0.39670273661613464,3.4863333702087402,ILSVRC2012_val_00031593.JPEG
shuffled_semantic,6,0.9701424241065979,0.9830798506736755,0.9996068477630615,0.09918235242366791,0.0028904229402542114,0.0446658656001091,0.42047619819641113,3.6222074031829834,ILSVRC2012_val_00031588.JPEG
shuffled_semantic,7,0.9701425433158875,0.9791598320007324,0.9992814660072327,0.018982622772455215,-0.005689283832907677,0.008683983236551285,0.39670273661613464,3.4863333702087402,ILSVRC2012_val_00031593.JPEG
final_semantic_residual,6,0.9701424241065979,0.9830798506736755,0.9996068477630615,0.3342268466949463,0.020219091325998306,0.14546720683574677,0.42047619819641113,3.6222074031829834,ILSVRC2012_val_00031588.JPEG
final_semantic_residual,7,0.9701424837112427,0.9791598320007324,0.9992814660072327,0.2607140839099884,-0.01353625301271677,0.13013699650764465,0.39670273661613464,3.4863333702087402,ILSVRC2012_val_00031593.JPEG
early_semantic_residual,6,0.9701424837112427,0.9830798506736755,0.9996068477630615,0.10915806889533997,0.24632304906845093,0.12871631979942322,0.42047619819641113,3.6222074031829834,ILSVRC2012_val_00031588.JPEG
early_semantic_residual,7,0.9701424837112427,0.9791598320007324,0.9992814660072327,0.00969127006828785,0.2375275194644928,0.06693628430366516,0.39670273661613464,3.4863333702087402,ILSVRC2012_val_00031593.JPEG
uniform_multilayer_residual,6,0.9701424837112427,0.9830798506736755,0.9996068477630615,0.24228450655937195,0.1535671353340149,0.2066865712404251,0.42047619819641113,3.6222074031829834,ILSVRC2012_val_00031588.JPEG
uniform_multilayer_residual,7,0.9701425433158875,0.9791598320007324,0.9992814660072327,0.20464110374450684,0.08638803660869598,0.17271418869495392,0.39670273661613464,3.4863333702087402,ILSVRC2012_val_00031593.JPEG
consensus_multilayer_residual,6,0.9701424241065979,0.9830798506736755,0.9996068477630615,0.23550453782081604,0.10222586989402771,0.20583239197731018,0.42047619819641113,3.6222074031829834,ILSVRC2012_val_00031588.JPEG
consensus_multilayer_residual,7,0.9701424837112427,0.9791598320007324,0.9992814660072327,0.21566122770309448,0.012323036789894104,0.16585594415664673,0.39670273661613464,3.4863333702087402,ILSVRC2012_val_00031593.JPEG
opponent_baseline,8,0.9999998807907104,0.972192645072937,0.9982708692550659,0.14725364744663239,-0.015007028356194496,0.03200405091047287,0.3708142638206482,3.5219879150390625,ILSVRC2012_val_00031629.JPEG
opponent_baseline,9,1.0,0.9782270789146423,0.997962474822998,-0.062173180282115936,-0.02128763496875763,-0.04191972315311432,0.3601416349411011,3.584752082824707,ILSVRC2012_val_00031647.JPEG
semantic_only,8,0.14725366234779358,0.972192645072937,0.9982708692550659,1.0,-0.0048276581801474094,0.4230195879936218,0.3708142638206482,3.5219879150390625,ILSVRC2012_val_00031629.JPEG
semantic_only,9,-0.062173184007406235,0.9782270789146423,0.997962474822998,1.0,-0.027714373543858528,0.46787112951278687,0.3601416349411011,3.584752082824707,ILSVRC2012_val_00031647.JPEG
shuffled_semantic,8,0.9701424837112427,0.972192645072937,0.9982708692550659,0.15070991218090057,-0.015631407499313354,0.034227024763822556,0.3708142638206482,3.5219879150390625,ILSVRC2012_val_00031629.JPEG
shuffled_semantic,9,0.9701424837112427,0.9782270789146423,0.997962474822998,-0.05555184185504913,-0.021917054429650307,-0.03741510584950447,0.3601416349411011,3.584752082824707,ILSVRC2012_val_00031647.JPEG
final_semantic_residual,8,0.9701423645019531,0.972192645072937,0.9982708692550659,0.38274872303009033,-0.01520086731761694,0.1336209774017334,0.3708142638206482,3.5219879150390625,ILSVRC2012_val_00031629.JPEG
final_semantic_residual,9,0.9701425433158875,0.9782270789146423,0.997962474822998,0.18174958229064941,-0.02770841494202614,0.07239392399787903,0.3601416349411011,3.584752082824707,ILSVRC2012_val_00031647.JPEG
early_semantic_residual,8,0.9701424241065979,0.972192645072937,0.9982708692550659,0.14222204685211182,0.2279493510723114,0.1030927300453186,0.3708142638206482,3.5219879150390625,ILSVRC2012_val_00031629.JPEG
early_semantic_residual,9,0.9701425433158875,0.9782270789146423,0.997962474822998,-0.06736116111278534,0.2218286395072937,0.01786217652261257,0.3601416349411011,3.584752082824707,ILSVRC2012_val_00031647.JPEG
uniform_multilayer_residual,8,0.9701424241065979,0.972192645072937,0.9982708692550659,0.310802161693573,0.08455970883369446,0.19445355236530304,0.3708142638206482,3.5219879150390625,ILSVRC2012_val_00031629.JPEG
uniform_multilayer_residual,9,0.9701424837112427,0.9782270789146423,0.997962474822998,0.10628755390644073,0.08508487790822983,0.11861124634742737,0.3601416349411011,3.584752082824707,ILSVRC2012_val_00031647.JPEG
consensus_multilayer_residual,8,0.9701424837112427,0.972192645072937,0.9982708692550659,0.28844118118286133,0.032808080315589905,0.18912924826145172,0.3708142638206482,3.5219879150390625,ILSVRC2012_val_00031629.JPEG
consensus_multilayer_residual,9,0.9701425433158875,0.9782270789146423,0.997962474822998,0.1171359196305275,0.0057787466794252396,0.11323193460702896,0.3601416349411011,3.584752082824707,ILSVRC2012_val_00031647.JPEG
opponent_baseline,10,1.0,0.9768964648246765,0.99949711561203,0.008639618754386902,-0.02180459536612034,-0.004150720778852701,0.37479838728904724,3.656465530395508,ILSVRC2012_val_00031670.JPEG
opponent_baseline,11,0.9999998807907104,0.9821892380714417,0.9992952346801758,-0.03622739762067795,0.0058890702202916145,-0.012048454023897648,0.3500005900859833,3.7062013149261475,ILSVRC2012_val_00031686.JPEG
semantic_only,10,0.008639617823064327,0.9768964648246765,0.99949711561203,1.0,0.007439956534653902,0.4220142066478729,0.37479838728904724,3.656465530395508,ILSVRC2012_val_00031670.JPEG
semantic_only,11,-0.03622739389538765,0.9821892380714417,0.9992952346801758,1.0,0.013296728022396564,0.31705358624458313,0.3500005900859833,3.7062013149261475,ILSVRC2012_val_00031686.JPEG
shuffled_semantic,10,0.9701425433158875,0.9768964648246765,0.99949711561203,0.10398790240287781,-0.020800087600946426,0.023665979504585266,0.37479838728904724,3.656465530395508,ILSVRC2012_val_00031670.JPEG
shuffled_semantic,11,0.9701425433158875,0.9821892380714417,0.9992952346801758,-0.03440258651971817,0.006485131569206715,-0.010213437490165234,0.3500005900859833,3.7062013149261475,ILSVRC2012_val_00031686.JPEG
final_semantic_residual,10,0.9701425433158875,0.9768964648246765,0.99949711561203,0.250908225774765,-0.019303347915410995,0.09833920747041702,0.37479838728904724,3.656465530395508,ILSVRC2012_val_00031670.JPEG
final_semantic_residual,11,0.9701423645019531,0.9821892380714417,0.9992952346801758,0.20723068714141846,0.008992062881588936,0.06515264511108398,0.3500005900859833,3.7062013149261475,ILSVRC2012_val_00031686.JPEG
early_semantic_residual,10,0.9701425433158875,0.9768964648246765,0.99949711561203,0.010232244618237019,0.2213243842124939,0.08240611851215363,0.37479838728904724,3.656465530395508,ILSVRC2012_val_00031670.JPEG
early_semantic_residual,11,0.9701425433158875,0.9821892380714417,0.9992952346801758,-0.031869012862443924,0.24824465811252594,0.05897092446684837,0.3500005900859833,3.7062013149261475,ILSVRC2012_val_00031686.JPEG
uniform_multilayer_residual,10,0.9701424837112427,0.9768964648246765,0.99949711561203,0.1686946600675583,0.10819770395755768,0.16180668771266937,0.37479838728904724,3.656465530395508,ILSVRC2012_val_00031670.JPEG
uniform_multilayer_residual,11,0.9701424837112427,0.9821892380714417,0.9992952346801758,0.11576877534389496,0.12803451716899872,0.13587909936904907,0.3500005900859833,3.7062013149261475,ILSVRC2012_val_00031686.JPEG
consensus_multilayer_residual,10,0.9701426029205322,0.9768964648246765,0.99949711561203,0.15360882878303528,0.06770901381969452,0.15915288031101227,0.37479838728904724,3.656465530395508,ILSVRC2012_val_00031670.JPEG
consensus_multilayer_residual,11,0.9701424837112427,0.9821892380714417,0.9992952346801758,0.07778996974229813,0.0848754271864891,0.13524246215820312,0.3500005900859833,3.7062013149261475,ILSVRC2012_val_00031686.JPEG
opponent_baseline,12,0.9999999403953552,0.9696990251541138,0.9995484352111816,0.17349186539649963,-0.0025677685625851154,0.040638864040374756,0.37972933053970337,3.607558488845825,ILSVRC2012_val_00031762.JPEG
opponent_baseline,13,1.0,0.9518193602561951,0.9975403547286987,0.09846825897693634,-0.0005710804834961891,0.0348479300737381,0.38928183913230896,3.693009614944458,ILSVRC2012_val_00031783.JPEG
semantic_only,12,0.17349183559417725,0.9696990251541138,0.9995484352111816,1.0,0.061605654656887054,0.5154510140419006,0.37972933053970337,3.607558488845825,ILSVRC2012_val_00031762.JPEG
semantic_only,13,0.09846826642751694,0.9518193602561951,0.9975403547286987,1.0,0.038457565009593964,0.34134072065353394,0.38928183913230896,3.693009614944458,ILSVRC2012_val_00031783.JPEG
shuffled_semantic,12,0.9701424241065979,0.9696990251541138,0.9995484352111816,0.17071227729320526,0.000328864436596632,0.04304305464029312,0.37972933053970337,3.607558488845825,ILSVRC2012_val_00031762.JPEG
shuffled_semantic,13,0.9701424837112427,0.9518193602561951,0.9975403547286987,0.09885890036821365,0.0013165405252948403,0.03733915090560913,0.38928183913230896,3.693009614944458,ILSVRC2012_val_00031783.JPEG
final_semantic_residual,12,0.9701426029205322,0.9696990251541138,0.9995484352111816,0.40716949105262756,0.012790250591933727,0.16462941467761993,0.37972933053970337,3.607558488845825,ILSVRC2012_val_00031762.JPEG
final_semantic_residual,13,0.9701424837112427,0.9518193602561951,0.9975403547286987,0.33688515424728394,0.008832555264234543,0.1161627322435379,0.38928183913230896,3.693009614944458,ILSVRC2012_val_00031783.JPEG
early_semantic_residual,12,0.9701425433158875,0.9696990251541138,0.9995484352111816,0.1833615005016327,0.2400437295436859,0.11354117840528488,0.37972933053970337,3.607558488845825,ILSVRC2012_val_00031762.JPEG
early_semantic_residual,13,0.9701424837112427,0.9518193602561951,0.9975403547286987,0.10486921668052673,0.24198158085346222,0.11870459467172623,0.38928183913230896,3.693009614944458,ILSVRC2012_val_00031783.JPEG
uniform_multilayer_residual,12,0.9701424837112427,0.9696990251541138,0.9995484352111816,0.34009596705436707,0.11802457273006439,0.20725499093532562,0.37972933053970337,3.607558488845825,ILSVRC2012_val_00031762.JPEG
uniform_multilayer_residual,13,0.9701424837112427,0.9518193602561951,0.9975403547286987,0.21135449409484863,0.14392590522766113,0.19032981991767883,0.38928183913230896,3.693009614944458,ILSVRC2012_val_00031783.JPEG
consensus_multilayer_residual,12,0.9701425433158875,0.9696990251541138,0.9995484352111816,0.352297842502594,0.050186801701784134,0.20267614722251892,0.37972933053970337,3.607558488845825,ILSVRC2012_val_00031762.JPEG
consensus_multilayer_residual,13,0.9701425433158875,0.9518193602561951,0.9975403547286987,0.18277892470359802,0.10600130259990692,0.185890793800354,0.38928183913230896,3.693009614944458,ILSVRC2012_val_00031783.JPEG
opponent_baseline,14,1.0,0.9850791096687317,0.999700665473938,0.06097063422203064,-0.005665309727191925,0.009588484652340412,0.3338488042354584,3.566824197769165,ILSVRC2012_val_00031785.JPEG
opponent_baseline,15,1.0,0.9776660203933716,0.9992319345474243,-0.0340941920876503,0.006929420866072178,0.0015067378990352154,0.33690735697746277,3.746859073638916,ILSVRC2012_val_00031789.JPEG
semantic_only,14,0.06097063049674034,0.9850791096687317,0.999700665473938,1.0,0.1662614494562149,0.6484229564666748,0.3338488042354584,3.566824197769165,ILSVRC2012_val_00031785.JPEG
semantic_only,15,-0.0340941920876503,0.9776660203933716,0.9992319345474243,1.0,-0.11026380956172943,0.381930410861969,0.33690735697746277,3.746859073638916,ILSVRC2012_val_00031789.JPEG
shuffled_semantic,14,0.9701425433158875,0.9850791096687317,0.999700665473938,0.0583149716258049,-0.005399509333074093,0.009112982079386711,0.3338488042354584,3.566824197769165,ILSVRC2012_val_00031785.JPEG
shuffled_semantic,15,0.9701424837112427,0.9776660203933716,0.9992319345474243,-0.03366490826010704,0.0066375224851071835,0.0021141408942639828,0.33690735697746277,3.746859073638916,ILSVRC2012_val_00031789.JPEG
final_semantic_residual,14,0.9701424837112427,0.9850791096687317,0.999700665473938,0.301234632730484,0.03498726338148117,0.1667189598083496,0.3338488042354584,3.566824197769165,ILSVRC2012_val_00031785.JPEG
final_semantic_residual,15,0.9701425433158875,0.9776660203933716,0.9992319345474243,0.2093183845281601,-0.01997859962284565,0.09415982663631439,0.33690735697746277,3.746859073638916,ILSVRC2012_val_00031789.JPEG
early_semantic_residual,14,0.9701425433158875,0.9850791096687317,0.999700665473938,0.09955895692110062,0.23703554272651672,0.10200591385364532,0.3338488042354584,3.566824197769165,ILSVRC2012_val_00031785.JPEG
early_semantic_residual,15,0.9701425433158875,0.9776660203933716,0.9992319345474243,-0.059762466698884964,0.2492523193359375,0.06263802945613861,0.33690735697746277,3.746859073638916,ILSVRC2012_val_00031789.JPEG
uniform_multilayer_residual,14,0.9701426029205322,0.9850791096687317,0.999700665473938,0.2520498037338257,0.1398904174566269,0.19471783936023712,0.3338488042354584,3.566824197769165,ILSVRC2012_val_00031785.JPEG
uniform_multilayer_residual,15,0.9701425433158875,0.9776660203933716,0.9992319345474243,0.1484224647283554,0.10630900412797928,0.1472921073436737,0.33690735697746277,3.746859073638916,ILSVRC2012_val_00031789.JPEG
consensus_multilayer_residual,14,0.9701426029205322,0.9850791096687317,0.999700665473938,0.2701696753501892,0.06839066743850708,0.19200626015663147,0.3338488042354584,3.566824197769165,ILSVRC2012_val_00031785.JPEG
consensus_multilayer_residual,15,0.9701424837112427,0.9776660203933716,0.9992319345474243,0.15616154670715332,0.051662690937519073,0.14557597041130066,0.33690735697746277,3.746859073638916,ILSVRC2012_val_00031789.JPEG
opponent_baseline,16,0.9999999403953552,0.9889403581619263,0.999160885810852,-0.3634105920791626,-0.005540975369513035,-0.13628171384334564,0.3357132375240326,3.82224178314209,ILSVRC2012_val_00031922.JPEG
opponent_baseline,17,0.9999999403953552,0.9770339131355286,0.9975823760032654,0.020372644066810608,0.0031291868072003126,0.006115906871855259,0.40437474846839905,3.5171542167663574,ILSVRC2012_val_00031927.JPEG
semantic_only,16,-0.3634105920791626,0.9889403581619263,0.999160885810852,1.0,-0.00435249786823988,0.3993973731994629,0.3357132375240326,3.82224178314209,ILSVRC2012_val_00031922.JPEG
semantic_only,17,0.020372644066810608,0.9770339131355286,0.9975823760032654,0.9999999403953552,-0.01560276560485363,0.4710662364959717,0.40437474846839905,3.5171542167663574,ILSVRC2012_val_00031927.JPEG
shuffled_semantic,16,0.9701424241065979,0.9889403581619263,0.999160885810852,-0.352561354637146,-0.0024429173208773136,-0.13109365105628967,0.3357132375240326,3.82224178314209,ILSVRC2012_val_00031922.JPEG
shuffled_semantic,17,0.9701424837112427,0.9770339131355286,0.9975823760032654,0.01967327482998371,0.001943589304573834,0.0064606256783008575,0.40437474846839905,3.5171542167663574,ILSVRC2012_val_00031927.JPEG
final_semantic_residual,16,0.9701424241065979,0.9889403581619263,0.999160885810852,-0.12660683691501617,-0.0070328665897250175,-0.04112899303436279,0.3357132375240326,3.82224178314209,ILSVRC2012_val_00031922.JPEG
final_semantic_residual,17,0.9701424837112427,0.9770339131355286,0.9975823760032654,0.2622496485710144,-0.0007647196762263775,0.12017713487148285,0.40437474846839905,3.5171542167663574,ILSVRC2012_val_00031927.JPEG
early_semantic_residual,16,0.9701424837112427,0.9889403581619263,0.999160885810852,-0.3541041314601898,0.23715636134147644,-0.06837750971317291,0.3357132375240326,3.82224178314209,ILSVRC2012_val_00031922.JPEG
early_semantic_residual,17,0.9701424837112427,0.9770339131355286,0.9975823760032654,0.01596466265618801,0.24557019770145416,0.07093745470046997,0.40437474846839905,3.5171542167663574,ILSVRC2012_val_00031927.JPEG
uniform_multilayer_residual,16,0.9701424837112427,0.9889403581619263,0.999160885810852,-0.20223677158355713,0.11105536669492722,0.010144142434000969,0.3357132375240326,3.82224178314209,ILSVRC2012_val_00031922.JPEG
uniform_multilayer_residual,17,0.9701424837112427,0.9770339131355286,0.9975823760032654,0.1942395269870758,0.10563088953495026,0.1701839119195938,0.40437474846839905,3.5171542167663574,ILSVRC2012_val_00031927.JPEG
consensus_multilayer_residual,16,0.9701424837112427,0.9889403581619263,0.999160885810852,-0.1855699121952057,0.05786428600549698,0.006627820432186127,0.3357132375240326,3.82224178314209,ILSVRC2012_val_00031922.JPEG
consensus_multilayer_residual,17,0.9701425433158875,0.9770339131355286,0.9975823760032654,0.19659602642059326,0.036887817084789276,0.16450601816177368,0.40437474846839905,3.5171542167663574,ILSVRC2012_val_00031927.JPEG
opponent_baseline,18,1.0,0.9869637489318848,0.9997590780258179,-0.006461586803197861,0.0005006568389944732,0.0012598431203514338,0.4209119975566864,3.561058759689331,ILSVRC2012_val_00032032.JPEG
opponent_baseline,19,1.0000001192092896,0.973544180393219,0.9992313981056213,-0.002800199668854475,-0.013089725747704506,-0.001330175786279142,0.3811366856098175,3.626098155975342,ILSVRC2012_val_00032039.JPEG
semantic_only,18,-0.006461586803197861,0.9869637489318848,0.9997590780258179,1.000000238418579,-0.01484706997871399,0.40055182576179504,0.4209119975566864,3.561058759689331,ILSVRC2012_val_00032032.JPEG
semantic_only,19,-0.0028001992031931877,0.973544180393219,0.9992313981056213,1.0,0.015080724842846394,0.30133336782455444,0.3811366856098175,3.626098155975342,ILSVRC2012_val_00032039.JPEG
shuffled_semantic,18,0.9701424837112427,0.9869637489318848,0.9997590780258179,-0.0009574585128575563,-0.0024858894757926464,0.004283396061509848,0.4209119975566864,3.561058759689331,ILSVRC2012_val_00032032.JPEG
shuffled_semantic,19,0.970142662525177,0.973544180393219,0.9992313981056213,-0.0019607539288699627,-0.014447190798819065,-0.0005209451774135232,0.3811366856098175,3.626098155975342,ILSVRC2012_val_00032039.JPEG
final_semantic_residual,18,0.9701424837112427,0.9869637489318848,0.9997590780258179,0.23626193404197693,-0.003114524995908141,0.09837429970502853,0.4209119975566864,3.561058759689331,ILSVRC2012_val_00032032.JPEG
final_semantic_residual,19,0.9701426029205322,0.973544180393219,0.9992313981056213,0.23981806635856628,-0.009050161577761173,0.07179299741983414,0.3811366856098175,3.626098155975342,ILSVRC2012_val_00032039.JPEG
early_semantic_residual,18,0.9701424837112427,0.9869637489318848,0.9997590780258179,-0.009868819266557693,0.24302130937576294,0.08113507181406021,0.4209119975566864,3.561058759689331,ILSVRC2012_val_00032032.JPEG
early_semantic_residual,19,0.9701425433158875,0.973544180393219,0.9992313981056213,0.0009324438869953156,0.22981594502925873,0.0677528902888298,0.3811366856098175,3.626098155975342,ILSVRC2012_val_00032039.JPEG
uniform_multilayer_residual,18,0.9701424837112427,0.9869637489318848,0.9997590780258179,0.13071662187576294,0.13634702563285828,0.16413035988807678,0.4209119975566864,3.561058759689331,ILSVRC2012_val_00032032.JPEG
uniform_multilayer_residual,19,0.9701424837112427,0.973544180393219,0.9992313981056213,0.15551136434078217,0.08726511895656586,0.14514915645122528,0.3811366856098175,3.626098155975342,ILSVRC2012_val_00032039.JPEG
consensus_multilayer_residual,18,0.9701424837112427,0.9869637489318848,0.9997590780258179,0.11962103843688965,0.08185409009456635,0.16027382016181946,0.4209119975566864,3.561058759689331,ILSVRC2012_val_00032032.JPEG
consensus_multilayer_residual,19,0.9701426029205322,0.973544180393219,0.9992313981056213,0.09931972622871399,0.04841163754463196,0.14320331811904907,0.3811366856098175,3.626098155975342,ILSVRC2012_val_00032039.JPEG
opponent_baseline,20,1.0,0.9466270208358765,0.9986044764518738,0.03075394406914711,-0.000339565915055573,0.010027999058365822,0.37831631302833557,3.42779803276062,ILSVRC2012_val_00032046.JPEG
opponent_baseline,21,1.0,0.9773665070533752,0.9986720085144043,-0.10575538873672485,-0.001992663834244013,-0.01845107041299343,0.37760305404663086,3.613701343536377,ILSVRC2012_val_00032097.JPEG
semantic_only,20,0.03075394220650196,0.9466270208358765,0.9986044764518738,0.9999999403953552,-0.005213528871536255,0.5848217010498047,0.37831631302833557,3.42779803276062,ILSVRC2012_val_00032046.JPEG
semantic_only,21,-0.10575538128614426,0.9773665070533752,0.9986720085144043,1.0,0.023715853691101074,0.45796358585357666,0.37760305404663086,3.613701343536377,ILSVRC2012_val_00032097.JPEG
shuffled_semantic,20,0.9701425433158875,0.9466270208358765,0.9986044764518738,0.03277759999036789,0.002110539237037301,0.011439445428550243,0.37831631302833557,3.42779803276062,ILSVRC2012_val_00032046.JPEG
shuffled_semantic,21,0.9701424241065979,0.9773665070533752,0.9986720085144043,-0.10018152743577957,-0.002125178463757038,-0.016510702669620514,0.37760305404663086,3.613701343536377,ILSVRC2012_val_00032097.JPEG
final_semantic_residual,20,0.9701424837112427,0.9466270208358765,0.9986044764518738,0.27225661277770996,-0.0015919574070721865,0.151560977101326,0.37831631302833557,3.42779803276062,ILSVRC2012_val_00032046.JPEG
final_semantic_residual,21,0.9701424837112427,0.9773665070533752,0.9986720085144043,0.13857772946357727,0.0037998096086084843,0.0933227688074112,0.37760305404663086,3.613701343536377,ILSVRC2012_val_00032097.JPEG
early_semantic_residual,20,0.9701424837112427,0.9466270208358765,0.9986044764518738,0.028573771938681602,0.2422061711549759,0.06861817091703415,0.37831631302833557,3.42779803276062,ILSVRC2012_val_00032046.JPEG
early_semantic_residual,21,0.9701424837112427,0.9773665070533752,0.9986720085144043,-0.0968969464302063,0.24060195684432983,0.052444420754909515,0.37760305404663086,3.613701343536377,ILSVRC2012_val_00032097.JPEG
uniform_multilayer_residual,20,0.9701425433158875,0.9466270208358765,0.9986044764518738,0.22393661737442017,0.09948470443487167,0.1802283525466919,0.37831631302833557,3.42779803276062,ILSVRC2012_val_00032046.JPEG
uniform_multilayer_residual,21,0.9701425433158875,0.9773665070533752,0.9986720085144043,0.05694979056715965,0.12249541282653809,0.14484263956546783,0.37760305404663086,3.613701343536377,ILSVRC2012_val_00032097.JPEG
consensus_multilayer_residual,20,0.9701424837112427,0.9466270208358765,0.9986044764518738,0.24725648760795593,0.01371547020971775,0.17311805486679077,0.37831631302833557,3.42779803276062,ILSVRC2012_val_00032046.JPEG
consensus_multilayer_residual,21,0.9701426029205322,0.9773665070533752,0.9986720085144043,0.06054793670773506,0.051885079592466354,0.1411660611629486,0.37760305404663086,3.613701343536377,ILSVRC2012_val_00032097.JPEG
opponent_baseline,22,1.0,0.9767863750457764,0.9967852830886841,0.07402834296226501,-0.014510201290249825,0.009561846032738686,0.3549119532108307,3.6996161937713623,ILSVRC2012_val_00032098.JPEG
opponent_baseline,23,1.0,0.9832058548927307,0.9986423254013062,0.28054624795913696,0.01152259111404419,0.1308438777923584,0.38914769887924194,3.498425245285034,ILSVRC2012_val_00032102.JPEG
semantic_only,22,0.07402834296226501,0.9767863750457764,0.9967852830886841,1.0,0.007193520665168762,0.36346107721328735,0.3549119532108307,3.6996161937713623,ILSVRC2012_val_00032098.JPEG
semantic_only,23,0.28054624795913696,0.9832058548927307,0.9986423254013062,1.0,-0.01056893914937973,0.5214512348175049,0.38914769887924194,3.498425245285034,ILSVRC2012_val_00032102.JPEG
shuffled_semantic,22,0.9701425433158875,0.9767863750457764,0.9967852830886841,0.0695139542222023,-0.01148475892841816,0.008476020768284798,0.3549119532108307,3.6996161937713623,ILSVRC2012_val_00032098.JPEG
shuffled_semantic,23,0.9701424837112427,0.9832058548927307,0.9986423254013062,0.2891618609428406,0.012602021917700768,0.1346796602010727,0.38914769887924194,3.498425245285034,ILSVRC2012_val_00032102.JPEG
final_semantic_residual,22,0.9701425433158875,0.9767863750457764,0.9967852830886841,0.313688188791275,-0.012066238559782505,0.09749901294708252,0.3549119532108307,3.6996161937713623,ILSVRC2012_val_00032098.JPEG
final_semantic_residual,23,0.9701426029205322,0.9832058548927307,0.9986423254013062,0.5049654245376587,0.007691132836043835,0.2494237869977951,0.38914769887924194,3.498425245285034,ILSVRC2012_val_00032102.JPEG
early_semantic_residual,22,0.9701424837112427,0.9767863750457764,0.9967852830886841,0.0738234594464302,0.22843313217163086,0.06975722312927246,0.3549119532108307,3.6996161937713623,ILSVRC2012_val_00032098.JPEG
early_semantic_residual,23,0.9701424837112427,0.9832058548927307,0.9986423254013062,0.26882225275039673,0.25369811058044434,0.1886906921863556,0.38914769887924194,3.498425245285034,ILSVRC2012_val_00032102.JPEG
uniform_multilayer_residual,22,0.9701424837112427,0.9767863750457764,0.9967852830886841,0.23590435087680817,0.08143872022628784,0.15757283568382263,0.3549119532108307,3.6996161937713623,ILSVRC2012_val_00032098.JPEG
uniform_multilayer_residual,23,0.9701424241065979,0.9832058548927307,0.9986423254013062,0.4406123161315918,0.12030215561389923,0.2907325029373169,0.38914769887924194,3.498425245285034,ILSVRC2012_val_00032102.JPEG
consensus_multilayer_residual,22,0.9701424241065979,0.9767863750457764,0.9967852830886841,0.21816277503967285,0.0260678231716156,0.1537822186946869,0.3549119532108307,3.6996161937713623,ILSVRC2012_val_00032098.JPEG
consensus_multilayer_residual,23,0.9701424837112427,0.9832058548927307,0.9986423254013062,0.4570906162261963,0.036134205758571625,0.28457796573638916,0.38914769887924194,3.498425245285034,ILSVRC2012_val_00032102.JPEG
opponent_baseline,24,0.9999998807907104,0.9777594804763794,0.9992069005966187,-0.020122786983847618,0.008886916562914848,0.0018652328290045261,0.3596592843532562,3.764913320541382,ILSVRC2012_val_00032120.JPEG
opponent_baseline,25,0.9999998807907104,0.9828538298606873,0.9993354082107544,0.010726846754550934,0.003280129749327898,0.007592382840812206,0.3930632174015045,3.5710277557373047,ILSVRC2012_val_00032188.JPEG
semantic_only,24,-0.02012278512120247,0.9777594804763794,0.9992069005966187,1.0,0.04129859805107117,0.35724127292633057,0.3596592843532562,3.764913320541382,ILSVRC2012_val_00032120.JPEG
semantic_only,25,0.010726844891905785,0.9828538298606873,0.9993354082107544,0.9999999403953552,-0.0007615657523274422,0.4798639714717865,0.3930632174015045,3.5710277557373047,ILSVRC2012_val_00032188.JPEG
shuffled_semantic,24,0.9701424837112427,0.9777594804763794,0.9992069005966187,-0.013606872409582138,0.010089332237839699,0.003948863595724106,0.3596592843532562,3.764913320541382,ILSVRC2012_val_00032120.JPEG
shuffled_semantic,25,0.9701424241065979,0.9828538298606873,0.9993354082107544,0.011712366715073586,0.005558589939028025,0.009468602016568184,0.3930632174015045,3.5710277557373047,ILSVRC2012_val_00032188.JPEG
final_semantic_residual,24,0.9701424241065979,0.9777594804763794,0.9992069005966187,0.2229645848274231,0.01868336834013462,0.08847994357347488,0.3596592843532562,3.764913320541382,ILSVRC2012_val_00032120.JPEG
final_semantic_residual,25,0.9701424837112427,0.9828538298606873,0.9993354082107544,0.252928227186203,0.0029889417346566916,0.12373673915863037,0.3930632174015045,3.5710277557373047,ILSVRC2012_val_00032188.JPEG
early_semantic_residual,24,0.9701424837112427,0.9777594804763794,0.9992069005966187,-0.009461818262934685,0.25114762783050537,0.07598301023244858,0.3596592843532562,3.764913320541382,ILSVRC2012_val_00032120.JPEG
early_semantic_residual,25,0.9701424241065979,0.9828538298606873,0.9993354082107544,0.010213329456746578,0.24571651220321655,0.079950250685215,0.3930632174015045,3.5710277557373047,ILSVRC2012_val_00032188.JPEG
uniform_multilayer_residual,24,0.9701425433158875,0.9777594804763794,0.9992069005966187,0.11496402323246002,0.14449498057365417,0.15381814539432526,0.3596592843532562,3.764913320541382,ILSVRC2012_val_00032120.JPEG
uniform_multilayer_residual,25,0.9701424241065979,0.9828538298606873,0.9993354082107544,0.1803092211484909,0.11007644981145859,0.17442446947097778,0.3930632174015045,3.5710277557373047,ILSVRC2012_val_00032188.JPEG
consensus_multilayer_residual,24,0.9701424837112427,0.9777594804763794,0.9992069005966187,0.09835800528526306,0.09493488073348999,0.1512431800365448,0.3596592843532562,3.764913320541382,ILSVRC2012_val_00032120.JPEG
consensus_multilayer_residual,25,0.9701424241065979,0.9828538298606873,0.9993354082107544,0.18299207091331482,0.049869049340486526,0.1684766709804535,0.3930632174015045,3.5710277557373047,ILSVRC2012_val_00032188.JPEG
opponent_baseline,26,1.0,0.9864078760147095,0.9995101690292358,0.06070736050605774,0.005120719783008099,0.013202075846493244,0.3821353018283844,3.678036689758301,ILSVRC2012_val_00032370.JPEG
opponent_baseline,27,1.0,0.9638779759407043,0.9971332550048828,-0.05594782531261444,0.02720552124083042,-0.0033793263137340546,0.37373054027557373,3.692490339279175,ILSVRC2012_val_00032435.JPEG
semantic_only,26,0.06070736050605774,0.9864078760147095,0.9995101690292358,0.9999999403953552,0.013147173449397087,0.4316880404949188,0.3821353018283844,3.678036689758301,ILSVRC2012_val_00032370.JPEG
semantic_only,27,-0.05594782903790474,0.9638779759407043,0.9971332550048828,0.9999999403953552,-0.010992905125021935,0.38440340757369995,0.37373054027557373,3.692490339279175,ILSVRC2012_val_00032435.JPEG
shuffled_semantic,26,0.9701425433158875,0.9864078760147095,0.9995101690292358,0.06047534942626953,0.004256026353687048,0.013171594589948654,0.3821353018283844,3.678036689758301,ILSVRC2012_val_00032370.JPEG
shuffled_semantic,27,0.9701424837112427,0.9638779759407043,0.9971332550048828,-0.049172669649124146,0.0273347869515419,-0.0018636342138051987,0.37373054027557373,3.692490339279175,ILSVRC2012_val_00032435.JPEG
final_semantic_residual,26,0.9701425433158875,0.9864078760147095,0.9995101690292358,0.3009830713272095,0.008086842484772205,0.11750634014606476,0.3821353018283844,3.678036689758301,ILSVRC2012_val_00032370.JPEG
final_semantic_residual,27,0.9701424837112427,0.9638779759407043,0.9971332550048828,0.18787835538387299,0.024092618376016617,0.09005340933799744,0.37373054027557373,3.692490339279175,ILSVRC2012_val_00032435.JPEG
early_semantic_residual,26,0.9701424837112427,0.9864078760147095,0.9995101690292358,0.0620080903172493,0.24750027060508728,0.08619961142539978,0.3821353018283844,3.678036689758301,ILSVRC2012_val_00032370.JPEG
early_semantic_residual,27,0.9701424837112427,0.9638779759407043,0.9971332550048828,-0.056575216352939606,0.2688390612602234,0.06525912880897522,0.37373054027557373,3.692490339279175,ILSVRC2012_val_00032435.JPEG
uniform_multilayer_residual,26,0.9701425433158875,0.9864078760147095,0.9995101690292358,0.2088053971529007,0.1401679813861847,0.17218033969402313,0.3821353018283844,3.678036689758301,ILSVRC2012_val_00032370.JPEG
uniform_multilayer_residual,27,0.9701424837112427,0.9638779759407043,0.9971332550048828,0.08609385788440704,0.1555355042219162,0.15046928822994232,0.37373054027557373,3.692490339279175,ILSVRC2012_val_00032435.JPEG
consensus_multilayer_residual,26,0.9701426029205322,0.9864078760147095,0.9995101690292358,0.21530781686306,0.07460223883390427,0.16990861296653748,0.3821353018283844,3.678036689758301,ILSVRC2012_val_00032370.JPEG
consensus_multilayer_residual,27,0.9701424241065979,0.9638779759407043,0.9971332550048828,0.0813269168138504,0.09267209470272064,0.14756432175636292,0.37373054027557373,3.692490339279175,ILSVRC2012_val_00032435.JPEG
opponent_baseline,28,1.0,0.9792657494544983,0.9997695088386536,-0.002715525683015585,-0.04746207967400551,-0.026736272498965263,0.35261058807373047,3.63432240486145,ILSVRC2012_val_00032552.JPEG
opponent_baseline,29,1.0,0.9744465351104736,0.999605119228363,0.005935549736022949,-0.04524146020412445,-0.010963224805891514,0.401290625333786,3.584778308868408,ILSVRC2012_val_00032623.JPEG
semantic_only,28,-0.002715524286031723,0.9792657494544983,0.9997695088386536,1.0,0.048453591763973236,0.4907206892967224,0.35261058807373047,3.63432240486145,ILSVRC2012_val_00032552.JPEG
semantic_only,29,0.005935549736022949,0.9744465351104736,0.999605119228363,1.0,0.05022044852375984,0.4746714234352112,0.401290625333786,3.584778308868408,ILSVRC2012_val_00032623.JPEG
shuffled_semantic,28,0.9701426029205322,0.9792657494544983,0.9997695088386536,-0.0021689110435545444,-0.04598727077245712,-0.025201253592967987,0.35261058807373047,3.63432240486145,ILSVRC2012_val_00032552.JPEG
shuffled_semantic,29,0.9701424837112427,0.9744465351104736,0.999605119228363,0.01452036015689373,-0.041387878358364105,-0.008873188868165016,0.401290625333786,3.584778308868408,ILSVRC2012_val_00032623.JPEG
final_semantic_residual,28,0.9701424837112427,0.9792657494544983,0.9997695088386536,0.23990027606487274,-0.03432447463274002,0.09306208789348602,0.35261058807373047,3.63432240486145,ILSVRC2012_val_00032552.JPEG
final_semantic_residual,29,0.9701424837112427,0.9744465351104736,0.999605119228363,0.24828967452049255,-0.031645070761442184,0.10450664162635803,0.401290625333786,3.584778308868408,ILSVRC2012_val_00032623.JPEG
early_semantic_residual,28,0.9701424837112427,0.9792657494544983,0.9997695088386536,0.00909924041479826,0.19621731340885162,0.061042316257953644,0.35261058807373047,3.63432240486145,ILSVRC2012_val_00032552.JPEG
early_semantic_residual,29,0.9701425433158875,0.9744465351104736,0.999605119228363,0.018016256392002106,0.19839662313461304,0.06953928619623184,0.401290625333786,3.584778308868408,ILSVRC2012_val_00032623.JPEG
uniform_multilayer_residual,28,0.9701424837112427,0.9792657494544983,0.9997695088386536,0.15340599417686462,0.10186897218227386,0.1453372836112976,0.35261058807373047,3.63432240486145,ILSVRC2012_val_00032552.JPEG
uniform_multilayer_residual,29,0.9701424837112427,0.9744465351104736,0.999605119228363,0.16074538230895996,0.09508523344993591,0.1574723869562149,0.401290625333786,3.584778308868408,ILSVRC2012_val_00032623.JPEG
consensus_multilayer_residual,28,0.9701424837112427,0.9792657494544983,0.9997695088386536,0.15749379992485046,0.04226536303758621,0.143758624792099,0.35261058807373047,3.63432240486145,ILSVRC2012_val_00032552.JPEG
consensus_multilayer_residual,29,0.9701424837112427,0.9744465351104736,0.999605119228363,0.16427433490753174,0.02824828028678894,0.15462225675582886,0.401290625333786,3.584778308868408,ILSVRC2012_val_00032623.JPEG
opponent_baseline,30,1.0,0.9740837812423706,0.9977056980133057,-0.014980832114815712,-0.010990559123456478,-0.005629299208521843,0.4068838655948639,3.6168875694274902,ILSVRC2012_val_00032646.JPEG
opponent_baseline,31,0.9999999403953552,0.9617080688476562,0.9996961951255798,-0.05347786098718643,0.009189408272504807,-0.00508955679833889,0.3643592596054077,3.5019290447235107,ILSVRC2012_val_00032695.JPEG
semantic_only,30,-0.014980830252170563,0.9740837812423706,0.9977056980133057,1.0,0.07251641154289246,0.5059827566146851,0.4068838655948639,3.6168875694274902,ILSVRC2012_val_00032646.JPEG
semantic_only,31,-0.05347786098718643,0.9617080688476562,0.9996961951255798,1.0,0.035095009952783585,0.5022674798965454,0.3643592596054077,3.5019290447235107,ILSVRC2012_val_00032695.JPEG
shuffled_semantic,30,0.9701425433158875,0.9740837812423706,0.9977056980133057,-0.014354933053255081,-0.01202667411416769,-0.0065197087824344635,0.4068838655948639,3.6168875694274902,ILSVRC2012_val_00032646.JPEG
shuffled_semantic,31,0.9701424837112427,0.9617080688476562,0.9996961951255798,-0.051871512085199356,0.008704941719770432,-0.005033635534346104,0.3643592596054077,3.5019290447235107,ILSVRC2012_val_00032695.JPEG
final_semantic_residual,30,0.9701424241065979,0.9740837812423706,0.9977056980133057,0.22797484695911407,0.006887437775731087,0.1172509416937828,0.4068838655948639,3.6168875694274902,ILSVRC2012_val_00032646.JPEG
final_semantic_residual,31,0.9701424837112427,0.9617080688476562,0.9996961951255798,0.19030742347240448,0.01755838468670845,0.11698862910270691,0.3643592596054077,3.5019290447235107,ILSVRC2012_val_00032695.JPEG
early_semantic_residual,30,0.9701426029205322,0.9740837812423706,0.9977056980133057,0.0030153999105095863,0.23185858130455017,0.075541190803051,0.4068838655948639,3.6168875694274902,ILSVRC2012_val_00032646.JPEG
early_semantic_residual,31,0.9701424241065979,0.9617080688476562,0.9996961951255798,-0.04324980825185776,0.2514404058456421,0.07637007534503937,0.3643592596054077,3.5019290447235107,ILSVRC2012_val_00032695.JPEG
uniform_multilayer_residual,30,0.9701426029205322,0.9740837812423706,0.9977056980133057,0.1641128659248352,0.12694641947746277,0.1620783805847168,0.4068838655948639,3.6168875694274902,ILSVRC2012_val_00032646.JPEG
uniform_multilayer_residual,31,0.9701424241065979,0.9617080688476562,0.9996961951255798,0.15408629179000854,0.09662006795406342,0.16473683714866638,0.3643592596054077,3.5019290447235107,ILSVRC2012_val_00032695.JPEG
consensus_multilayer_residual,30,0.9701426029205322,0.9740837812423706,0.9977056980133057,0.17979294061660767,0.06336112320423126,0.1597011387348175,0.4068838655948639,3.6168875694274902,ILSVRC2012_val_00032646.JPEG
consensus_multilayer_residual,31,0.9701424241065979,0.9617080688476562,0.9996961951255798,0.1408914029598236,0.05867927148938179,0.16307014226913452,0.3643592596054077,3.5019290447235107,ILSVRC2012_val_00032695.JPEG
opponent_baseline,32,1.0000001192092896,0.9693794846534729,0.9964773654937744,0.05761181563138962,-9.127426892518997e-05,0.02146315388381481,0.35880085825920105,3.667492389678955,ILSVRC2012_val_00032723.JPEG
opponent_baseline,33,0.9999999403953552,0.9605898261070251,0.9985641837120056,0.054974474012851715,0.010996788740158081,0.004202560521662235,0.36083829402923584,3.7059848308563232,ILSVRC2012_val_00032911.JPEG
semantic_only,32,0.057611823081970215,0.9693794846534729,0.9964773654937744,1.0,0.03397127240896225,0.4329037070274353,0.35880085825920105,3.667492389678955,ILSVRC2012_val_00032723.JPEG
semantic_only,33,0.054974474012851715,0.9605898261070251,0.9985641837120056,1.0,0.01642928086221218,0.4651322364807129,0.36083829402923584,3.7059848308563232,ILSVRC2012_val_00032911.JPEG
shuffled_semantic,32,0.9701424837112427,0.9693794846534729,0.9964773654937744,0.06074528396129608,0.0012838160619139671,0.02439708076417446,0.35880085825920105,3.667492389678955,ILSVRC2012_val_00032723.JPEG
shuffled_semantic,33,0.9701424837112427,0.9605898261070251,0.9985641837120056,0.07214991003274918,0.00927705317735672,0.013305624946951866,0.36083829402923584,3.7059848308563232,ILSVRC2012_val_00032911.JPEG
final_semantic_residual,32,0.9701425433158875,0.9693794846534729,0.9964773654937744,0.29802441596984863,0.008165678009390831,0.12569114565849304,0.35880085825920105,3.667492389678955,ILSVRC2012_val_00032723.JPEG
final_semantic_residual,33,0.9701424837112427,0.9605898261070251,0.9985641837120056,0.2955019176006317,0.014512328431010246,0.1170029565691948,0.36083829402923584,3.7059848308563232,ILSVRC2012_val_00032911.JPEG
early_semantic_residual,32,0.9701426029205322,0.9693794846534729,0.9964773654937744,0.06413218379020691,0.24244706332683563,0.08692723512649536,0.35880085825920105,3.667492389678955,ILSVRC2012_val_00032723.JPEG
early_semantic_residual,33,0.9701424837112427,0.9605898261070251,0.9985641837120056,0.057171374559402466,0.25318941473960876,0.07517632097005844,0.36083829402923584,3.7059848308563232,ILSVRC2012_val_00032911.JPEG
uniform_multilayer_residual,32,0.9701424837112427,0.9693794846534729,0.9964773654937744,0.2178148627281189,0.10857096314430237,0.17891034483909607,0.35880085825920105,3.667492389678955,ILSVRC2012_val_00032723.JPEG
uniform_multilayer_residual,33,0.9701424837112427,0.9605898261070251,0.9985641837120056,0.21402765810489655,0.13796748220920563,0.1638779640197754,0.36083829402923584,3.7059848308563232,ILSVRC2012_val_00032911.JPEG
consensus_multilayer_residual,32,0.9701425433158875,0.9693794846534729,0.9964773654937744,0.21483616530895233,0.0448521263897419,0.17390656471252441,0.35880085825920105,3.667492389678955,ILSVRC2012_val_00032723.JPEG
consensus_multilayer_residual,33,0.9701424837112427,0.9605898261070251,0.9985641837120056,0.23065944015979767,0.07190477848052979,0.16098637878894806,0.36083829402923584,3.7059848308563232,ILSVRC2012_val_00032911.JPEG
opponent_baseline,34,1.0000001192092896,0.9604693651199341,0.9984850287437439,0.06515394151210785,0.008113386109471321,0.0440591536462307,0.3351198136806488,3.7625324726104736,ILSVRC2012_val_00032926.JPEG
opponent_baseline,35,0.9999998807907104,0.975136399269104,0.9988919496536255,0.03264744207262993,-0.0005097296088933945,0.009838473983108997,0.3890421986579895,3.577618360519409,ILSVRC2012_val_00032950.JPEG
semantic_only,34,0.06515394151210785,0.9604693651199341,0.9984850287437439,1.0000001192092896,0.04982411861419678,0.40819647908210754,0.3351198136806488,3.7625324726104736,ILSVRC2012_val_00032926.JPEG
semantic_only,35,0.03264744207262993,0.975136399269104,0.9988919496536255,0.9999998807907104,0.020138440653681755,0.4664328098297119,0.3890421986579895,3.577618360519409,ILSVRC2012_val_00032950.JPEG
shuffled_semantic,34,0.9701424837112427,0.9604693651199341,0.9984850287437439,0.06557521224021912,0.00714210607111454,0.04319048672914505,0.3351198136806488,3.7625324726104736,ILSVRC2012_val_00032926.JPEG
shuffled_semantic,35,0.9701424837112427,0.975136399269104,0.9988919496536255,0.031792521476745605,-0.0007758880965411663,0.009530249983072281,0.3890421986579895,3.577618360519409,ILSVRC2012_val_00032950.JPEG
final_semantic_residual,34,0.9701424837112427,0.9604693651199341,0.9984850287437439,0.3052288889884949,0.01985251158475876,0.14125892519950867,0.3351198136806488,3.7625324726104736,ILSVRC2012_val_00032926.JPEG
final_semantic_residual,35,0.9701424837112427,0.975136399269104,0.9988919496536255,0.27407902479171753,0.004396421834826469,0.12265369296073914,0.3890421986579895,3.577618360519409,ILSVRC2012_val_00032950.JPEG
early_semantic_residual,34,0.9701424837112427,0.9604693651199341,0.9984850287437439,0.07516492158174515,0.25039878487586975,0.12566348910331726,0.3351198136806488,3.7625324726104736,ILSVRC2012_val_00032926.JPEG
early_semantic_residual,35,0.9701424241065979,0.975136399269104,0.9988919496536255,0.03656099736690521,0.24204109609127045,0.07733067870140076,0.3890421986579895,3.577618360519409,ILSVRC2012_val_00032950.JPEG
uniform_multilayer_residual,34,0.9701425433158875,0.9604693651199341,0.9984850287437439,0.20908626914024353,0.1535312533378601,0.20255085825920105,0.3351198136806488,3.7625324726104736,ILSVRC2012_val_00032926.JPEG
uniform_multilayer_residual,35,0.9701424837112427,0.975136399269104,0.9988919496536255,0.21999946236610413,0.10575426369905472,0.17121335864067078,0.3890421986579895,3.577618360519409,ILSVRC2012_val_00032950.JPEG
consensus_multilayer_residual,34,0.9701424837112427,0.9604693651199341,0.9984850287437439,0.19971352815628052,0.10821303725242615,0.2015814632177353,0.3351198136806488,3.7625324726104736,ILSVRC2012_val_00032926.JPEG
consensus_multilayer_residual,35,0.9701424837112427,0.975136399269104,0.9988919496536255,0.2223755121231079,0.040556177496910095,0.1675470769405365,0.3890421986579895,3.577618360519409,ILSVRC2012_val_00032950.JPEG
opponent_baseline,36,1.0,0.9660614728927612,0.999552845954895,-0.048728097230196,-0.0008029844029806554,-0.017421381548047066,0.36067667603492737,3.545480489730835,ILSVRC2012_val_00033014.JPEG
opponent_baseline,37,0.9999998807907104,0.9725805521011353,0.9994719624519348,0.09862186014652252,-0.006671128794550896,0.03166821226477623,0.3535986542701721,3.7073235511779785,ILSVRC2012_val_00033018.JPEG
semantic_only,36,-0.0487280935049057,0.9660614728927612,0.999552845954895,1.0,0.09168589115142822,0.5865720510482788,0.36067667603492737,3.545480489730835,ILSVRC2012_val_00033014.JPEG
semantic_only,37,0.09862186014652252,0.9725805521011353,0.9994719624519348,1.0,0.004739530384540558,0.40797051787376404,0.3535986542701721,3.7073235511779785,ILSVRC2012_val_00033018.JPEG
shuffled_semantic,36,0.9701424837112427,0.9660614728927612,0.999552845954895,-0.04549918323755264,0.0017133763758465648,-0.014759330078959465,0.36067667603492737,3.545480489730835,ILSVRC2012_val_00033014.JPEG
shuffled_semantic,37,0.9701424837112427,0.9725805521011353,0.9994719624519348,0.09734004735946655,-0.008847031742334366,0.031448207795619965,0.3535986542701721,3.7073235511779785,ILSVRC2012_val_00033018.JPEG
final_semantic_residual,36,0.9701423645019531,0.9660614728927612,0.999552845954895,0.19497431814670563,0.02147503010928631,0.12532645463943481,0.36067667603492737,3.545480489730835,ILSVRC2012_val_00033014.JPEG
final_semantic_residual,37,0.9701424837112427,0.9725805521011353,0.9994719624519348,0.3370305299758911,-0.005156461149454117,0.12939360737800598,0.3535986542701721,3.7073235511779785,ILSVRC2012_val_00033018.JPEG
early_semantic_residual,36,0.9701424837112427,0.9660614728927612,0.999552845954895,-0.02504558488726616,0.24175651371479034,0.07550445199012756,0.36067667603492737,3.545480489730835,ILSVRC2012_val_00033014.JPEG
early_semantic_residual,37,0.9701424837112427,0.9725805521011353,0.9994719624519348,0.09698636829853058,0.2360582947731018,0.09123881161212921,0.3535986542701721,3.7073235511779785,ILSVRC2012_val_00033018.JPEG
uniform_multilayer_residual,36,0.9701424837112427,0.9660614728927612,0.999552845954895,0.13724088668823242,0.13365867733955383,0.1667139232158661,0.36067667603492737,3.545480489730835,ILSVRC2012_val_00033014.JPEG
uniform_multilayer_residual,37,0.9701424837112427,0.9725805521011353,0.9994719624519348,0.24507743120193481,0.11881697177886963,0.18130138516426086,0.3535986542701721,3.7073235511779785,ILSVRC2012_val_00033018.JPEG
consensus_multilayer_residual,36,0.9701424837112427,0.9660614728927612,0.999552845954895,0.14581739902496338,0.07382568717002869,0.16266988217830658,0.36067667603492737,3.545480489730835,ILSVRC2012_val_00033014.JPEG
consensus_multilayer_residual,37,0.9701425433158875,0.9725805521011353,0.9994719624519348,0.2534600496292114,0.0428963229060173,0.17918285727500916,0.3535986542701721,3.7073235511779785,ILSVRC2012_val_00033018.JPEG
opponent_baseline,38,1.0,0.9378790855407715,0.9994806051254272,-0.08291144669055939,0.0026625734753906727,-0.027397312223911285,0.33367425203323364,3.8242485523223877,ILSVRC2012_val_00033076.JPEG
opponent_baseline,39,0.9999999403953552,0.97499018907547,0.9998403787612915,0.13666972517967224,-0.010462170466780663,0.024169648066163063,0.3698989748954773,3.6541225910186768,ILSVRC2012_val_00033149.JPEG
semantic_only,38,-0.08291144669055939,0.9378790855407715,0.9994806051254272,1.0,0.011854669079184532,0.34154507517814636,0.33367425203323364,3.8242485523223877,ILSVRC2012_val_00033076.JPEG
semantic_only,39,0.13666971027851105,0.97499018907547,0.9998403787612915,1.0,0.04577051103115082,0.44511929154396057,0.3698989748954773,3.6541225910186768,ILSVRC2012_val_00033149.JPEG
shuffled_semantic,38,0.9701424837112427,0.9378790855407715,0.9994806051254272,-0.05389390140771866,0.0018413785146549344,-0.018583135679364204,0.33367425203323364,3.8242485523223877,ILSVRC2012_val_00033076.JPEG
shuffled_semantic,39,0.9701425433158875,0.97499018907547,0.9998403787612915,0.14555977284908295,-0.010023168288171291,0.027097539976239204,0.3698989748954773,3.6541225910186768,ILSVRC2012_val_00033149.JPEG
final_semantic_residual,38,0.9701425433158875,0.9378790855407715,0.9994806051254272,0.16126464307308197,0.0055219149217009544,0.05599091574549675,0.33367425203323364,3.8242485523223877,ILSVRC2012_val_00033076.JPEG
final_semantic_residual,39,0.9701426029205322,0.97499018907547,0.9998403787612915,0.3728489279747009,0.0014064108254387975,0.13161912560462952,0.3698989748954773,3.6541225910186768,ILSVRC2012_val_00033149.JPEG
early_semantic_residual,38,0.9701425433158875,0.9378790855407715,0.9994806051254272,-0.07750718295574188,0.24511785805225372,0.060357384383678436,0.33367425203323364,3.8242485523223877,ILSVRC2012_val_00033076.JPEG
early_semantic_residual,39,0.9701423645019531,0.97499018907547,0.9998403787612915,0.14403748512268066,0.23237255215644836,0.11181670427322388,0.3698989748954773,3.6541225910186768,ILSVRC2012_val_00033149.JPEG
uniform_multilayer_residual,38,0.9701425433158875,0.9378790855407715,0.9994806051254272,0.04788341000676155,0.15526707470417023,0.12737086415290833,0.33367425203323364,3.8242485523223877,ILSVRC2012_val_00033076.JPEG
uniform_multilayer_residual,39,0.9701425433158875,0.97499018907547,0.9998403787612915,0.2872702181339264,0.12805482745170593,0.192080557346344,0.3698989748954773,3.6541225910186768,ILSVRC2012_val_00033149.JPEG
consensus_multilayer_residual,38,0.9701424837112427,0.9378790855407715,0.9994806051254272,0.02349064312875271,0.132389634847641,0.1264393925666809,0.33367425203323364,3.8242485523223877,ILSVRC2012_val_00033076.JPEG
consensus_multilayer_residual,39,0.9701424837112427,0.97499018907547,0.9998403787612915,0.2770465612411499,0.08104423433542252,0.18908590078353882,0.3698989748954773,3.6541225910186768,ILSVRC2012_val_00033149.JPEG
opponent_baseline,40,1.0,0.9869369864463806,0.998516321182251,0.022597886621952057,-0.009597009047865868,0.019279982894659042,0.36848798394203186,3.6143174171447754,ILSVRC2012_val_00033150.JPEG
opponent_baseline,41,0.9999999403953552,0.9918088912963867,0.9996363520622253,0.009506311267614365,-0.0003092056140303612,-0.002311110496520996,0.36860910058021545,3.520153522491455,ILSVRC2012_val_00033171.JPEG
semantic_only,40,0.022597886621952057,0.9869369864463806,0.998516321182251,1.0000001192092896,0.0027417559176683426,0.40641850233078003,0.36848798394203186,3.6143174171447754,ILSVRC2012_val_00033150.JPEG
semantic_only,41,0.009506311267614365,0.9918088912963867,0.9996363520622253,0.9999998807907104,0.03218194842338562,0.3858483135700226,0.36860910058021545,3.520153522491455,ILSVRC2012_val_00033171.JPEG
shuffled_semantic,40,0.9701425433158875,0.9869369864463806,0.998516321182251,0.021952789276838303,-0.0091366246342659,0.01879247836768627,0.36848798394203186,3.6143174171447754,ILSVRC2012_val_00033150.JPEG
shuffled_semantic,41,0.9701425433158875,0.9918088912963867,0.9996363520622253,0.008708037436008453,-0.0015772930346429348,-0.0029431236907839775,0.36860910058021545,3.520153522491455,ILSVRC2012_val_00033171.JPEG
final_semantic_residual,40,0.9701425433158875,0.9869369864463806,0.998516321182251,0.2643968462944031,-0.00859270989894867,0.1171947568655014,0.36848798394203186,3.6143174171447754,ILSVRC2012_val_00033150.JPEG
final_semantic_residual,41,0.9701425433158875,0.9918088912963867,0.9996363520622253,0.25174713134765625,0.007506362162530422,0.09134941548109055,0.36860910058021545,3.520153522491455,ILSVRC2012_val_00033171.JPEG
early_semantic_residual,40,0.9701424837112427,0.9869369864463806,0.998516321182251,0.02264077588915825,0.23321399092674255,0.08582289516925812,0.36848798394203186,3.6143174171447754,ILSVRC2012_val_00033150.JPEG
early_semantic_residual,41,0.9701424837112427,0.9918088912963867,0.9996363520622253,0.017028460279107094,0.24223566055297852,0.051315635442733765,0.36860910058021545,3.520153522491455,ILSVRC2012_val_00033171.JPEG
uniform_multilayer_residual,40,0.9701424837112427,0.9869369864463806,0.998516321182251,0.17807237803936005,0.10352811962366104,0.17673860490322113,0.36848798394203186,3.6143174171447754,ILSVRC2012_val_00033150.JPEG
uniform_multilayer_residual,41,0.9701424837112427,0.9918088912963867,0.9996363520622253,0.17534250020980835,0.08460811525583267,0.15071424841880798,0.36860910058021545,3.520153522491455,ILSVRC2012_val_00033171.JPEG
consensus_multilayer_residual,40,0.9701424837112427,0.9869369864463806,0.998516321182251,0.1658099740743637,0.039610739797353745,0.17200925946235657,0.36848798394203186,3.6143174171447754,ILSVRC2012_val_00033150.JPEG
consensus_multilayer_residual,41,0.9701424837112427,0.9918088912963867,0.9996363520622253,0.1470905989408493,0.012733053416013718,0.1440565288066864,0.36860910058021545,3.520153522491455,ILSVRC2012_val_00033171.JPEG
opponent_baseline,42,0.9999998807907104,0.9120600819587708,0.9991679191589355,0.043938037008047104,-0.007164474576711655,0.017821837216615677,0.3683339059352875,3.785677671432495,ILSVRC2012_val_00033207.JPEG
opponent_baseline,43,1.0,0.9864219427108765,0.9995690584182739,0.11265832185745239,-0.004110544454306364,0.02831997349858284,0.3612927794456482,3.5786259174346924,ILSVRC2012_val_00033255.JPEG
semantic_only,42,0.043938033282756805,0.9120600819587708,0.9991679191589355,1.0,0.023685626685619354,0.40627217292785645,0.3683339059352875,3.785677671432495,ILSVRC2012_val_00033207.JPEG
semantic_only,43,0.11265832185745239,0.9864219427108765,0.9995690584182739,1.0,0.057286813855171204,0.516663670539856,0.3612927794456482,3.5786259174346924,ILSVRC2012_val_00033255.JPEG
shuffled_semantic,42,0.9701424837112427,0.9120600819587708,0.9991679191589355,0.04176265001296997,-0.007022596895694733,0.01611878164112568,0.3683339059352875,3.785677671432495,ILSVRC2012_val_00033207.JPEG
shuffled_semantic,43,0.9701424837112427,0.9864219427108765,0.9995690584182739,0.1178930252790451,-0.004036297556012869,0.03142910450696945,0.3612927794456482,3.5786259174346924,ILSVRC2012_val_00033255.JPEG
final_semantic_residual,42,0.9701425433158875,0.9120600819587708,0.9991679191589355,0.2849275469779968,-0.0011239773593842983,0.11573034524917603,0.3683339059352875,3.785677671432495,ILSVRC2012_val_00033207.JPEG
final_semantic_residual,43,0.9701424837112427,0.9864219427108765,0.9995690584182739,0.35028618574142456,0.010108334943652153,0.15280784666538239,0.3612927794456482,3.5786259174346924,ILSVRC2012_val_00033255.JPEG
early_semantic_residual,42,0.9701425433158875,0.9120600819587708,0.9991679191589355,0.04844726622104645,0.23557886481285095,0.09171830862760544,0.3683339059352875,3.785677671432495,ILSVRC2012_val_00033207.JPEG
early_semantic_residual,43,0.9701424837112427,0.9864219427108765,0.9995690584182739,0.12330114841461182,0.238545760512352,0.09850196540355682,0.3612927794456482,3.5786259174346924,ILSVRC2012_val_00033255.JPEG
uniform_multilayer_residual,42,0.9701424837112427,0.9120600819587708,0.9991679191589355,0.20194804668426514,0.11488592624664307,0.17179715633392334,0.3683339059352875,3.785677671432495,ILSVRC2012_val_00033207.JPEG
uniform_multilayer_residual,43,0.9701424241065979,0.9864219427108765,0.9995690584182739,0.28093844652175903,0.11825196444988251,0.1958390474319458,0.3612927794456482,3.5786259174346924,ILSVRC2012_val_00033255.JPEG
consensus_multilayer_residual,42,0.9701424837112427,0.9120600819587708,0.9991679191589355,0.20666152238845825,0.06649357080459595,0.168572798371315,0.3683339059352875,3.785677671432495,ILSVRC2012_val_00033207.JPEG
consensus_multilayer_residual,43,0.9701424837112427,0.9864219427108765,0.9995690584182739,0.29005229473114014,0.04214358329772949,0.19138023257255554,0.3612927794456482,3.5786259174346924,ILSVRC2012_val_00033255.JPEG
opponent_baseline,44,1.0000001192092896,0.973105788230896,0.9994579553604126,0.001882792916148901,-0.005953120067715645,0.006952580995857716,0.38555413484573364,3.460724353790283,ILSVRC2012_val_00033340.JPEG
opponent_baseline,45,1.0000001192092896,0.9592767953872681,0.9979123473167419,0.07183587551116943,0.013188967481255531,0.028311852365732193,0.3909563422203064,3.5973620414733887,ILSVRC2012_val_00033725.JPEG
semantic_only,44,0.0018827924504876137,0.973105788230896,0.9994579553604126,1.0,-0.021518779918551445,0.45770618319511414,0.38555413484573364,3.460724353790283,ILSVRC2012_val_00033340.JPEG
semantic_only,45,0.07183587551116943,0.9592767953872681,0.9979123473167419,0.9999998807907104,0.01585961878299713,0.47510701417922974,0.3909563422203064,3.5973620414733887,ILSVRC2012_val_00033725.JPEG
shuffled_semantic,44,0.9701424837112427,0.973105788230896,0.9994579553604126,0.008681554347276688,-0.005797587335109711,0.009601452387869358,0.38555413484573364,3.460724353790283,ILSVRC2012_val_00033340.JPEG
shuffled_semantic,45,0.9701426029205322,0.9592767953872681,0.9979123473167419,0.06951052695512772,0.012198081240057945,0.02657361701130867,0.3909563422203064,3.5973620414733887,ILSVRC2012_val_00033725.JPEG
final_semantic_residual,44,0.9701425433158875,0.973105788230896,0.9994579553604126,0.2443617731332779,-0.010991735383868217,0.1177520677447319,0.38555413484573364,3.460724353790283,ILSVRC2012_val_00033340.JPEG
final_semantic_residual,45,0.9701425433158875,0.9592767953872681,0.9979123473167419,0.31160005927085876,0.016421280801296234,0.1425008475780487,0.3909563422203064,3.5973620414733887,ILSVRC2012_val_00033725.JPEG
early_semantic_residual,44,0.9701425433158875,0.973105788230896,0.9994579553604126,-0.0033898656256496906,0.23675593733787537,0.06805794686079025,0.38555413484573364,3.460724353790283,ILSVRC2012_val_00033340.JPEG
early_semantic_residual,45,0.9701425433158875,0.9592767953872681,0.9979123473167419,0.0733080804347992,0.25530970096588135,0.09043348580598831,0.3909563422203064,3.5973620414733887,ILSVRC2012_val_00033725.JPEG
uniform_multilayer_residual,44,0.9701425433158875,0.973105788230896,0.9994579553604126,0.16399140655994415,0.09663289040327072,0.17112967371940613,0.38555413484573364,3.460724353790283,ILSVRC2012_val_00033340.JPEG
uniform_multilayer_residual,45,0.9701426029205322,0.9592767953872681,0.9979123473167419,0.23781979084014893,0.12726625800132751,0.1863550841808319,0.3909563422203064,3.5973620414733887,ILSVRC2012_val_00033725.JPEG
consensus_multilayer_residual,44,0.9701425433158875,0.973105788230896,0.9994579553604126,0.1579185575246811,0.02017575316131115,0.1641659140586853,0.38555413484573364,3.460724353790283,ILSVRC2012_val_00033340.JPEG
consensus_multilayer_residual,45,0.9701425433158875,0.9592767953872681,0.9979123473167419,0.2565363347530365,0.050494514405727386,0.18156170845031738,0.3909563422203064,3.5973620414733887,ILSVRC2012_val_00033725.JPEG
opponent_baseline,46,1.0,0.9807703495025635,0.9990780353546143,-0.00464663514867425,0.035704921931028366,-0.012155045755207539,0.39272910356521606,3.6193206310272217,ILSVRC2012_val_00033897.JPEG
opponent_baseline,47,0.9999998807907104,0.9795003533363342,0.9961978197097778,-0.0015523973852396011,-0.004555523861199617,-0.021279992535710335,0.4066745936870575,3.581789255142212,ILSVRC2012_val_00033960.JPEG
semantic_only,46,-0.004646634683012962,0.9807703495025635,0.9990780353546143,1.0,0.09913235157728195,0.49845683574676514,0.39272910356521606,3.6193206310272217,ILSVRC2012_val_00033897.JPEG
semantic_only,47,-0.0015523992478847504,0.9795003533363342,0.9961978197097778,1.0,0.008073409087955952,0.42503607273101807,0.4066745936870575,3.581789255142212,ILSVRC2012_val_00033960.JPEG
shuffled_semantic,46,0.9701424837112427,0.9807703495025635,0.9990780353546143,0.007550188340246677,0.03186565265059471,-0.004704904742538929,0.39272910356521606,3.6193206310272217,ILSVRC2012_val_00033897.JPEG
shuffled_semantic,47,0.9701424837112427,0.9795003533363342,0.9961978197097778,-0.0008685546927154064,-0.003911283798515797,-0.020287031307816505,0.4066745936870575,3.581789255142212,ILSVRC2012_val_00033960.JPEG
final_semantic_residual,46,0.9701424837112427,0.9807703495025635,0.9990780353546143,0.23802509903907776,0.05872248858213425,0.10908901691436768,0.39272910356521606,3.6193206310272217,ILSVRC2012_val_00033897.JPEG
final_semantic_residual,47,0.9701424241065979,0.9795003533363342,0.9961978197097778,0.2410292774438858,-0.002463130746036768,0.08243387937545776,0.4066745936870575,3.581789255142212,ILSVRC2012_val_00033960.JPEG
early_semantic_residual,46,0.9701425433158875,0.9807703495025635,0.9990780353546143,0.01959083043038845,0.27701982855796814,0.0688319131731987,0.39272910356521606,3.6193206310272217,ILSVRC2012_val_00033897.JPEG
early_semantic_residual,47,0.9701424837112427,0.9795003533363342,0.9961978197097778,0.0004503473173826933,0.2381136119365692,0.04258324205875397,0.4066745936870575,3.581789255142212,ILSVRC2012_val_00033960.JPEG
uniform_multilayer_residual,46,0.9701424837112427,0.9807703495025635,0.9990780353546143,0.17281314730644226,0.1494905948638916,0.15796788036823273,0.39272910356521606,3.6193206310272217,ILSVRC2012_val_00033897.JPEG
uniform_multilayer_residual,47,0.9701424241065979,0.9795003533363342,0.9961978197097778,0.14664950966835022,0.12451844662427902,0.1353590190410614,0.4066745936870575,3.581789255142212,ILSVRC2012_val_00033960.JPEG
consensus_multilayer_residual,46,0.9701424837112427,0.9807703495025635,0.9990780353546143,0.17116759717464447,0.09676854312419891,0.15303196012973785,0.39272910356521606,3.6193206310272217,ILSVRC2012_val_00033897.JPEG
consensus_multilayer_residual,47,0.9701424837112427,0.9795003533363342,0.9961978197097778,0.15286721289157867,0.04295917600393295,0.13271662592887878,0.4066745936870575,3.581789255142212,ILSVRC2012_val_00033960.JPEG
opponent_baseline,48,1.0,0.9856767058372498,0.9982858896255493,-0.13387399911880493,0.060021188110113144,-0.005455993115901947,0.4101998507976532,3.5912857055664062,ILSVRC2012_val_00033997.JPEG
opponent_baseline,49,1.0,0.963367223739624,0.9988998770713806,0.02708582952618599,0.005374866537749767,0.008746354840695858,0.3544427454471588,3.545705556869507,ILSVRC2012_val_00034008.JPEG
semantic_only,48,-0.13387399911880493,0.9856767058372498,0.9982858896255493,1.0,-0.057143405079841614,0.36040809750556946,0.4101998507976532,3.5912857055664062,ILSVRC2012_val_00033997.JPEG
semantic_only,49,0.02708582952618599,0.963367223739624,0.9988998770713806,1.0,0.008533010259270668,0.46580302715301514,0.3544427454471588,3.545705556869507,ILSVRC2012_val_00034008.JPEG
shuffled_semantic,48,0.9701424837112427,0.9856767058372498,0.9982858896255493,-0.13307294249534607,0.05745571479201317,-0.006025262176990509,0.4101998507976532,3.5912857055664062,ILSVRC2012_val_00033997.JPEG
shuffled_semantic,49,0.9701426029205322,0.963367223739624,0.9988998770713806,0.02919568121433258,0.006330567412078381,0.009454866871237755,0.3544427454471588,3.545705556869507,ILSVRC2012_val_00034008.JPEG
final_semantic_residual,48,0.9701424837112427,0.9856767058372498,0.9982858896255493,0.11047554016113281,0.04621044546365738,0.08273394405841827,0.4101998507976532,3.5912857055664062,ILSVRC2012_val_00033997.JPEG
final_semantic_residual,49,0.9701425433158875,0.963367223739624,0.9988998770713806,0.2687237858772278,0.007249383721500635,0.12144303321838379,0.3544427454471588,3.545705556869507,ILSVRC2012_val_00034008.JPEG
early_semantic_residual,48,0.9701424837112427,0.9856767058372498,0.9982858896255493,-0.14180883765220642,0.30032745003700256,0.06740233302116394,0.4101998507976532,3.5912857055664062,ILSVRC2012_val_00033997.JPEG
early_semantic_residual,49,0.9701424837112427,0.963367223739624,0.9988998770713806,0.028311392292380333,0.24774649739265442,0.07286616414785385,0.3544427454471588,3.545705556869507,ILSVRC2012_val_00034008.JPEG
uniform_multilayer_residual,48,0.9701424837112427,0.9856767058372498,0.9982858896255493,0.016912782564759254,0.1845831573009491,0.15002858638763428,0.4101998507976532,3.5912857055664062,ILSVRC2012_val_00033997.JPEG
uniform_multilayer_residual,49,0.9701426029205322,0.963367223739624,0.9988998770713806,0.18767902255058289,0.1122964546084404,0.17242667078971863,0.3544427454471588,3.545705556869507,ILSVRC2012_val_00034008.JPEG
consensus_multilayer_residual,48,0.9701424837112427,0.9856767058372498,0.9982858896255493,-0.0011060172691941261,0.13238227367401123,0.14804214239120483,0.4101998507976532,3.5912857055664062,ILSVRC2012_val_00033997.JPEG
consensus_multilayer_residual,49,0.9701425433158875,0.963367223739624,0.9988998770713806,0.18534834682941437,0.038773104548454285,0.16596311330795288,0.3544427454471588,3.545705556869507,ILSVRC2012_val_00034008.JPEG
opponent_baseline,50,1.0,0.9704267978668213,0.999481201171875,0.0850292518734932,0.0036912355571985245,0.021431563422083855,0.3723437488079071,3.768510103225708,ILSVRC2012_val_00034055.JPEG
opponent_baseline,51,1.0,0.9733093976974487,0.9994521141052246,0.01734907180070877,-0.001853353576734662,0.013859386555850506,0.38215500116348267,3.6997179985046387,ILSVRC2012_val_00034168.JPEG
semantic_only,50,0.0850292518734932,0.9704267978668213,0.999481201171875,1.0000001192092896,0.04170911759138107,0.37781819701194763,0.3723437488079071,3.768510103225708,ILSVRC2012_val_00034055.JPEG
semantic_only,51,0.01734907180070877,0.9733093976974487,0.9994521141052246,1.0000001192092896,-0.027286414057016373,0.36166614294052124,0.38215500116348267,3.6997179985046387,ILSVRC2012_val_00034168.JPEG
shuffled_semantic,50,0.9701424837112427,0.9704267978668213,0.999481201171875,0.09003280848264694,0.004678836092352867,0.02269338071346283,0.3723437488079071,3.768510103225708,ILSVRC2012_val_00034055.JPEG
shuffled_semantic,51,0.9701425433158875,0.9733093976974487,0.9994521141052246,0.05946451053023338,-0.0008746897801756859,0.025771092623472214,0.38215500116348267,3.6997179985046387,ILSVRC2012_val_00034168.JPEG
final_semantic_residual,50,0.9701424837112427,0.9704267978668213,0.999481201171875,0.3241477906703949,0.01365734077990055,0.11231552809476852,0.3723437488079071,3.768510103225708,ILSVRC2012_val_00034055.JPEG
final_semantic_residual,51,0.9701425433158875,0.9733093976974487,0.9994521141052246,0.2593301832675934,-0.008409138768911362,0.10111737251281738,0.38215500116348267,3.6997179985046387,ILSVRC2012_val_00034168.JPEG
early_semantic_residual,50,0.9701424837112427,0.9704267978668213,0.999481201171875,0.09253038465976715,0.24611499905586243,0.09049002826213837,0.3723437488079071,3.768510103225708,ILSVRC2012_val_00034055.JPEG
early_semantic_residual,51,0.9701425433158875,0.9733093976974487,0.9994521141052246,0.01022093091160059,0.240737184882164,0.08843731880187988,0.38215500116348267,3.6997179985046387,ILSVRC2012_val_00034168.JPEG
uniform_multilayer_residual,50,0.9701424837112427,0.9704267978668213,0.999481201171875,0.2348858267068863,0.12867799401283264,0.1714486926794052,0.3723437488079071,3.768510103225708,ILSVRC2012_val_00034055.JPEG
uniform_multilayer_residual,51,0.9701424837112427,0.9733093976974487,0.9994521141052246,0.1680787205696106,0.12169669568538666,0.1676543951034546,0.38215500116348267,3.6997179985046387,ILSVRC2012_val_00034168.JPEG
consensus_multilayer_residual,50,0.9701424837112427,0.9704267978668213,0.999481201171875,0.2301982045173645,0.07725043594837189,0.16942498087882996,0.3723437488079071,3.768510103225708,ILSVRC2012_val_00034055.JPEG
consensus_multilayer_residual,51,0.9701425433158875,0.9733093976974487,0.9994521141052246,0.14954085648059845,0.07928130775690079,0.1657942235469818,0.38215500116348267,3.6997179985046387,ILSVRC2012_val_00034168.JPEG
opponent_baseline,52,1.0000001192092896,0.9673258066177368,0.9994447231292725,0.021856196224689484,-0.010333538986742496,0.0030159316956996918,0.3782431185245514,3.7514090538024902,ILSVRC2012_val_00034182.JPEG
opponent_baseline,53,1.0000001192092896,0.9786175489425659,0.9992361664772034,0.013334386050701141,0.004194051492959261,0.028256209567189217,0.35764557123184204,3.469923496246338,ILSVRC2012_val_00034217.JPEG
semantic_only,52,0.021856198087334633,0.9673258066177368,0.9994447231292725,1.0000001192092896,0.017506934702396393,0.29661327600479126,0.3782431185245514,3.7514090538024902,ILSVRC2012_val_00034182.JPEG
semantic_only,53,0.01333438791334629,0.9786175489425659,0.9992361664772034,1.0,0.034951187670230865,0.6124271750450134,0.35764557123184204,3.469923496246338,ILSVRC2012_val_00034217.JPEG
shuffled_semantic,52,0.9701425433158875,0.9673258066177368,0.9994447231292725,0.022351957857608795,-0.008713681250810623,0.004108058754354715,0.3782431185245514,3.7514090538024902,ILSVRC2012_val_00034182.JPEG
shuffled_semantic,53,0.9701426029205322,0.9786175489425659,0.9992361664772034,0.013084311038255692,0.006043503060936928,0.028603501617908478,0.35764557123184204,3.469923496246338,ILSVRC2012_val_00034217.JPEG
final_semantic_residual,52,0.9701426029205322,0.9673258066177368,0.9994447231292725,0.2636812925338745,-0.005723142996430397,0.07486635446548462,0.3782431185245514,3.7514090538024902,ILSVRC2012_val_00034182.JPEG
final_semantic_residual,53,0.9701426029205322,0.9786175489425659,0.9992361664772034,0.2554503083229065,0.012532925233244896,0.17586976289749146,0.35764557123184204,3.469923496246338,ILSVRC2012_val_00034217.JPEG
early_semantic_residual,52,0.9701425433158875,0.9673258066177368,0.9994447231292725,0.025504684075713158,0.23249763250350952,0.07467934489250183,0.3782431185245514,3.7514090538024902,ILSVRC2012_val_00034182.JPEG
early_semantic_residual,53,0.9701425433158875,0.9786175489425659,0.9992361664772034,0.02139967307448387,0.24660231173038483,0.10031916946172714,0.35764557123184204,3.469923496246338,ILSVRC2012_val_00034217.JPEG
uniform_multilayer_residual,52,0.9701425433158875,0.9673258066177368,0.9994447231292725,0.1694566309452057,0.12076663970947266,0.14626260101795197,0.3782431185245514,3.7514090538024902,ILSVRC2012_val_00034182.JPEG
uniform_multilayer_residual,53,0.9701425433158875,0.9786175489425659,0.9992361664772034,0.206944078207016,0.10097572207450867,0.2066209465265274,0.35764557123184204,3.469923496246338,ILSVRC2012_val_00034217.JPEG
consensus_multilayer_residual,52,0.9701424837112427,0.9673258066177368,0.9994447231292725,0.13157114386558533,0.08752364665269852,0.14734593033790588,0.3782431185245514,3.7514090538024902,ILSVRC2012_val_00034182.JPEG
consensus_multilayer_residual,53,0.9701426029205322,0.9786175489425659,0.9992361664772034,0.21851631999015808,0.038066282868385315,0.19966210424900055,0.35764557123184204,3.469923496246338,ILSVRC2012_val_00034217.JPEG
opponent_baseline,54,1.0,0.9854715466499329,0.9994044899940491,-0.044355109333992004,0.004551486577838659,0.002425755374133587,0.4299378991127014,3.4405553340911865,ILSVRC2012_val_00034225.JPEG
opponent_baseline,55,0.9999998807907104,0.9812372922897339,0.9996004700660706,0.008489247411489487,-0.016640527173876762,-0.006787988357245922,0.3941214978694916,3.5487985610961914,ILSVRC2012_val_00034230.JPEG
semantic_only,54,-0.04435510188341141,0.9854715466499329,0.9994044899940491,1.0,-0.005522283725440502,0.5084676742553711,0.4299378991127014,3.4405553340911865,ILSVRC2012_val_00034225.JPEG
semantic_only,55,0.008489246480166912,0.9812372922897339,0.9996004700660706,1.0,0.09765997529029846,0.5920091271400452,0.3941214978694916,3.5487985610961914,ILSVRC2012_val_00034230.JPEG
shuffled_semantic,54,0.9701425433158875,0.9854715466499329,0.9994044899940491,-0.04200417175889015,0.004014217294752598,0.0028980234637856483,0.4299378991127014,3.4405553340911865,ILSVRC2012_val_00034225.JPEG
shuffled_semantic,55,0.9701423645019531,0.9812372922897339,0.9996004700660706,0.012524573132395744,-0.016889497637748718,-0.0068199229426681995,0.3941214978694916,3.5487985610961914,ILSVRC2012_val_00034230.JPEG
final_semantic_residual,54,0.9701425433158875,0.9854715466499329,0.9994044899940491,0.19926616549491882,0.0031239325180649757,0.12582248449325562,0.4299378991127014,3.4405553340911865,ILSVRC2012_val_00034225.JPEG
final_semantic_residual,55,0.9701424837112427,0.9812372922897339,0.9996004700660706,0.2507627010345459,0.007577457930892706,0.137017160654068,0.3941214978694916,3.5487985610961914,ILSVRC2012_val_00034230.JPEG
early_semantic_residual,54,0.9701425433158875,0.9854715466499329,0.9994044899940491,-0.044321171939373016,0.2469487190246582,0.060872651636600494,0.4299378991127014,3.4405553340911865,ILSVRC2012_val_00034225.JPEG
early_semantic_residual,55,0.9701423645019531,0.9812372922897339,0.9996004700660706,0.031959351152181625,0.2263583391904831,0.10319541394710541,0.3941214978694916,3.5487985610961914,ILSVRC2012_val_00034230.JPEG
uniform_multilayer_residual,54,0.9701424837112427,0.9854715466499329,0.9994044899940491,0.14124944806098938,0.11127185821533203,0.16354793310165405,0.4299378991127014,3.4405553340911865,ILSVRC2012_val_00034225.JPEG
uniform_multilayer_residual,55,0.9701423645019531,0.9812372922897339,0.9996004700660706,0.21348591148853302,0.10090325772762299,0.18142902851104736,0.3941214978694916,3.5487985610961914,ILSVRC2012_val_00034230.JPEG
consensus_multilayer_residual,54,0.9701424837112427,0.9854715466499329,0.9994044899940491,0.16678377985954285,0.02749864012002945,0.1568659096956253,0.4299378991127014,3.4405553340911865,ILSVRC2012_val_00034225.JPEG
consensus_multilayer_residual,55,0.9701423645019531,0.9812372922897339,0.9996004700660706,0.21015538275241852,0.07419361174106598,0.17848078906536102,0.3941214978694916,3.5487985610961914,ILSVRC2012_val_00034230.JPEG
opponent_baseline,56,1.0,0.9781338572502136,0.9980213046073914,0.0170163381844759,-0.0029652363155037165,0.004441811703145504,0.3490889072418213,3.8599376678466797,ILSVRC2012_val_00034302.JPEG
opponent_baseline,57,1.0,0.9831934571266174,0.9993637800216675,0.036093708127737045,-0.0161653570830822,-0.022762499749660492,0.36138036847114563,3.7344672679901123,ILSVRC2012_val_00034356.JPEG
semantic_only,56,0.0170163381844759,0.9781338572502136,0.9980213046073914,1.0,-0.010805632919073105,0.28007879853248596,0.3490889072418213,3.8599376678466797,ILSVRC2012_val_00034302.JPEG
semantic_only,57,0.036093708127737045,0.9831934571266174,0.9993637800216675,1.0,0.02671610563993454,0.3422691822052002,0.36138036847114563,3.7344672679901123,ILSVRC2012_val_00034356.JPEG
shuffled_semantic,56,0.9701424837112427,0.9781338572502136,0.9980213046073914,0.01712462678551674,-0.0028339314740151167,0.0045811478048563,0.3490889072418213,3.8599376678466797,ILSVRC2012_val_00034302.JPEG
shuffled_semantic,57,0.9701425433158875,0.9831934571266174,0.9993637800216675,0.037428755313158035,-0.015737248584628105,-0.02102796360850334,0.36138036847114563,3.7344672679901123,ILSVRC2012_val_00034356.JPEG
final_semantic_residual,56,0.9701424837112427,0.9781338572502136,0.9980213046073914,0.2590087652206421,-0.005485593341290951,0.0722297728061676,0.3490889072418213,3.8599376678466797,ILSVRC2012_val_00034302.JPEG
final_semantic_residual,57,0.9701425433158875,0.9831934571266174,0.9993637800216675,0.2773936092853546,-0.009057261981070042,0.06118311360478401,0.36138036847114563,3.7344672679901123,ILSVRC2012_val_00034356.JPEG
early_semantic_residual,56,0.9701424837112427,0.9781338572502136,0.9980213046073914,0.013899748213589191,0.23965787887573242,0.07033967971801758,0.3490889072418213,3.8599376678466797,ILSVRC2012_val_00034302.JPEG
early_semantic_residual,57,0.9701424837112427,0.9831934571266174,0.9993637800216675,0.041638024151325226,0.22682124376296997,0.049036599695682526,0.36138036847114563,3.7344672679901123,ILSVRC2012_val_00034356.JPEG
uniform_multilayer_residual,56,0.9701424837112427,0.9781338572502136,0.9980213046073914,0.14232943952083588,0.11314013600349426,0.14197078347206116,0.3490889072418213,3.8599376678466797,ILSVRC2012_val_00034302.JPEG
uniform_multilayer_residual,57,0.9701425433158875,0.9831934571266174,0.9993637800216675,0.19009670615196228,0.11095118522644043,0.12707345187664032,0.36138036847114563,3.7344672679901123,ILSVRC2012_val_00034356.JPEG
consensus_multilayer_residual,56,0.9701425433158875,0.9781338572502136,0.9980213046073914,0.11642714589834213,0.0848972499370575,0.13987885415554047,0.3490889072418213,3.8599376678466797,ILSVRC2012_val_00034302.JPEG
consensus_multilayer_residual,57,0.9701425433158875,0.9831934571266174,0.9993637800216675,0.16536520421504974,0.06480539590120316,0.12690705060958862,0.36138036847114563,3.7344672679901123,ILSVRC2012_val_00034356.JPEG
opponent_baseline,58,1.0,0.9518443942070007,0.9997750520706177,0.040805235505104065,-0.0030097332783043385,0.01755865290760994,0.3414824306964874,3.7096803188323975,ILSVRC2012_val_00034359.JPEG
opponent_baseline,59,1.0,0.88466477394104,0.9981575012207031,0.1019650399684906,0.015838785097002983,0.04164800047874451,0.3896600008010864,3.662168264389038,ILSVRC2012_val_00034391.JPEG
semantic_only,58,0.040805235505104065,0.9518443942070007,0.9997750520706177,1.0000001192092896,0.10534200072288513,0.5548753142356873,0.3414824306964874,3.7096803188323975,ILSVRC2012_val_00034359.JPEG
semantic_only,59,0.1019650399684906,0.88466477394104,0.9981575012207031,1.0,0.014411097392439842,0.4050736427307129,0.3896600008010864,3.662168264389038,ILSVRC2012_val_00034391.JPEG
shuffled_semantic,58,0.9701424837112427,0.9518443942070007,0.9997750520706177,0.04173722863197327,0.0004822204355150461,0.019668594002723694,0.3414824306964874,3.7096803188323975,ILSVRC2012_val_00034359.JPEG
shuffled_semantic,59,0.9701424837112427,0.88466477394104,0.9981575012207031,0.09857241064310074,0.016993634402751923,0.0410272479057312,0.3896600008010864,3.662168264389038,ILSVRC2012_val_00034391.JPEG
final_semantic_residual,58,0.9701426029205322,0.9518443942070007,0.9997750520706177,0.28192052245140076,0.02268042601644993,0.15154969692230225,0.3414824306964874,3.7096803188323975,ILSVRC2012_val_00034359.JPEG
final_semantic_residual,59,0.9701424241065979,0.88466477394104,0.9981575012207031,0.34019213914871216,0.018485648557543755,0.13812865316867828,0.3896600008010864,3.662168264389038,ILSVRC2012_val_00034391.JPEG
early_semantic_residual,58,0.9701426029205322,0.9518443942070007,0.9997750520706177,0.06516598165035248,0.23961463570594788,0.10805851966142654,0.3414824306964874,3.7096803188323975,ILSVRC2012_val_00034359.JPEG
early_semantic_residual,59,0.9701425433158875,0.88466477394104,0.9981575012207031,0.10202451050281525,0.2578710913658142,0.10607106238603592,0.3896600008010864,3.662168264389038,ILSVRC2012_val_00034391.JPEG
uniform_multilayer_residual,58,0.9701426029205322,0.9518443942070007,0.9997750520706177,0.2199854701757431,0.13339152932167053,0.1926279515028,0.3414824306964874,3.7096803188323975,ILSVRC2012_val_00034359.JPEG
uniform_multilayer_residual,59,0.9701424837112427,0.88466477394104,0.9981575012207031,0.24142979085445404,0.1401161104440689,0.19449347257614136,0.3896600008010864,3.662168264389038,ILSVRC2012_val_00034391.JPEG
consensus_multilayer_residual,58,0.9701424837112427,0.9518443942070007,0.9997750520706177,0.23355863988399506,0.08021582663059235,0.18952235579490662,0.3414824306964874,3.7096803188323975,ILSVRC2012_val_00034359.JPEG
consensus_multilayer_residual,59,0.9701424241065979,0.88466477394104,0.9981575012207031,0.2424222230911255,0.0698491632938385,0.19068396091461182,0.3896600008010864,3.662168264389038,ILSVRC2012_val_00034391.JPEG
opponent_baseline,60,1.0,0.9811264872550964,0.9995631575584412,0.04793542996048927,0.0171583853662014,0.004751794971525669,0.37202128767967224,3.603374719619751,ILSVRC2012_val_00034406.JPEG
opponent_baseline,61,0.9999998807907104,0.9824772477149963,0.9987776279449463,0.15467308461666107,-0.017181377857923508,0.04193205386400223,0.3624372184276581,3.633829355239868,ILSVRC2012_val_00034438.JPEG
semantic_only,60,0.04793542996048927,0.9811264872550964,0.9995631575584412,1.0,0.03610319271683693,0.4823606312274933,0.37202128767967224,3.603374719619751,ILSVRC2012_val_00034406.JPEG
semantic_only,61,0.15467309951782227,0.9824772477149963,0.9987776279449463,1.0,0.025637026876211166,0.4945259392261505,0.3624372184276581,3.633829355239868,ILSVRC2012_val_00034438.JPEG
shuffled_semantic,60,0.9701426029205322,0.9811264872550964,0.9995631575584412,0.05554994195699692,0.021234851330518723,0.010840356349945068,0.37202128767967224,3.603374719619751,ILSVRC2012_val_00034406.JPEG
shuffled_semantic,61,0.9701423645019531,0.9824772477149963,0.9987776279449463,0.15285788476467133,-0.014799294993281364,0.04231569543480873,0.3624372184276581,3.633829355239868,ILSVRC2012_val_00034438.JPEG
final_semantic_residual,60,0.9701424837112427,0.9811264872550964,0.9995631575584412,0.2887610197067261,0.02521275356411934,0.1216788962483406,0.37202128767967224,3.603374719619751,ILSVRC2012_val_00034406.JPEG
final_semantic_residual,61,0.9701424241065979,0.9824772477149963,0.9987776279449463,0.38967180252075195,-0.009722365997731686,0.1604890078306198,0.3624372184276581,3.633829355239868,ILSVRC2012_val_00034438.JPEG
early_semantic_residual,60,0.9701424837112427,0.9811264872550964,0.9995631575584412,0.05506228655576706,0.2591460049152374,0.08756551146507263,0.37202128767967224,3.603374719619751,ILSVRC2012_val_00034406.JPEG
early_semantic_residual,61,0.9701424837112427,0.9824772477149963,0.9987776279449463,0.15691837668418884,0.22583144903182983,0.11187726259231567,0.3624372184276581,3.633829355239868,ILSVRC2012_val_00034438.JPEG
uniform_multilayer_residual,60,0.9701425433158875,0.9811264872550964,0.9995631575584412,0.20568595826625824,0.15420794486999512,0.17501653730869293,0.37202128767967224,3.603374719619751,ILSVRC2012_val_00034406.JPEG
uniform_multilayer_residual,61,0.9701424837112427,0.9824772477149963,0.9987776279449463,0.32009878754615784,0.10785692930221558,0.20514404773712158,0.3624372184276581,3.633829355239868,ILSVRC2012_val_00034438.JPEG
consensus_multilayer_residual,60,0.9701425433158875,0.9811264872550964,0.9995631575584412,0.2072041928768158,0.09298005700111389,0.17208701372146606,0.37202128767967224,3.603374719619751,ILSVRC2012_val_00034406.JPEG
consensus_multilayer_residual,61,0.9701424837112427,0.9824772477149963,0.9987776279449463,0.33415234088897705,0.03570754826068878,0.2015743851661682,0.3624372184276581,3.633829355239868,ILSVRC2012_val_00034438.JPEG
opponent_baseline,62,1.0000001192092896,0.9773539900779724,0.9994068741798401,-0.04624173045158386,-0.025394698604941368,-0.03428184241056442,0.3712247610092163,3.5986011028289795,ILSVRC2012_val_00034459.JPEG
opponent_baseline,63,0.9999998807907104,0.9835633039474487,0.9988229870796204,0.1322573572397232,0.013841398060321808,0.08552616834640503,0.3699917197227478,3.4901037216186523,ILSVRC2012_val_00034548.JPEG
semantic_only,62,-0.04624173045158386,0.9773539900779724,0.9994068741798401,0.9999999403953552,-0.0010212860070168972,0.49119457602500916,0.3712247610092163,3.5986011028289795,ILSVRC2012_val_00034459.JPEG
semantic_only,63,0.1322573572397232,0.9835633039474487,0.9988229870796204,0.9999999403953552,-0.023007694631814957,0.5739513635635376,0.3699917197227478,3.4901037216186523,ILSVRC2012_val_00034548.JPEG
shuffled_semantic,62,0.9701425433158875,0.9773539900779724,0.9994068741798401,-0.03699849545955658,-0.023770717903971672,-0.030884763225913048,0.3712247610092163,3.5986011028289795,ILSVRC2012_val_00034459.JPEG
shuffled_semantic,63,0.9701424241065979,0.9835633039474487,0.9988229870796204,0.12866802513599396,0.010919400490820408,0.08238629996776581,0.3699917197227478,3.4901037216186523,ILSVRC2012_val_00034548.JPEG
final_semantic_residual,62,0.9701424837112427,0.9773539900779724,0.9994068741798401,0.1974150836467743,-0.025169551372528076,0.0856165885925293,0.3712247610092163,3.5986011028289795,ILSVRC2012_val_00034459.JPEG
final_semantic_residual,63,0.9701425433158875,0.9835633039474487,0.9988229870796204,0.3687135577201843,0.007350561209022999,0.22064217925071716,0.3699917197227478,3.4901037216186523,ILSVRC2012_val_00034548.JPEG
early_semantic_residual,62,0.9701425433158875,0.9773539900779724,0.9994068741798401,-0.04539374262094498,0.2178209125995636,0.038788847625255585,0.3712247610092163,3.5986011028289795,ILSVRC2012_val_00034459.JPEG
early_semantic_residual,63,0.9701424837112427,0.9835633039474487,0.9988229870796204,0.12228373438119888,0.2559405267238617,0.14697210490703583,0.3699917197227478,3.4901037216186523,ILSVRC2012_val_00034548.JPEG
uniform_multilayer_residual,62,0.9701424837112427,0.9773539900779724,0.9994068741798401,0.13033214211463928,0.09221074730157852,0.13333037495613098,0.3712247610092163,3.5986011028289795,ILSVRC2012_val_00034459.JPEG
uniform_multilayer_residual,63,0.9701424837112427,0.9835633039474487,0.9988229870796204,0.3318634033203125,0.09248639643192291,0.25167322158813477,0.3699917197227478,3.4901037216186523,ILSVRC2012_val_00034548.JPEG
consensus_multilayer_residual,62,0.9701424837112427,0.9773539900779724,0.9994068741798401,0.13959507644176483,0.02499350532889366,0.12899425625801086,0.3712247610092163,3.5986011028289795,ILSVRC2012_val_00034459.JPEG
consensus_multilayer_residual,63,0.9701424837112427,0.9835633039474487,0.9988229870796204,0.3467292785644531,0.030947793275117874,0.24275243282318115,0.3699917197227478,3.4901037216186523,ILSVRC2012_val_00034548.JPEG
