model,image_name,condition,mix_gain,mlp_gain,total_gain
vit_base_patch16_224,ILSVRC2012_val_00031361.JPEG,promotion,0.27730369567871094,0.12457583844661713,0.40187954902648926
vit_base_patch16_224,ILSVRC2012_val_00031410.JPEG,promotion,0.434965044260025,0.036347925662994385,0.4713129699230194
vit_base_patch16_224,ILSVRC2012_val_00031361.JPEG,stable_high,0.2695048749446869,0.07781494408845901,0.3473198413848877
vit_base_patch16_224,ILSVRC2012_val_00031410.JPEG,stable_high,0.4872789978981018,0.021815786138176918,0.509094774723053
vit_base_patch16_224,ILSVRC2012_val_00031361.JPEG,stable_low,0.3311515152454376,0.04787950962781906,0.3790310323238373
vit_base_patch16_224,ILSVRC2012_val_00031410.JPEG,stable_low,0.40761521458625793,-0.02220192179083824,0.3854133188724518
vit_base_patch16_224,ILSVRC2012_val_00031361.JPEG,random,0.2715933620929718,0.08990757912397385,0.36150094866752625
vit_base_patch16_224,ILSVRC2012_val_00031410.JPEG,random,0.4264272153377533,-0.00039594940608367324,0.4260312616825104
vit_base_patch16_224,ILSVRC2012_val_00031472.JPEG,promotion,0.4239905774593353,0.018742475658655167,0.4427330791950226
vit_base_patch16_224,ILSVRC2012_val_00031495.JPEG,promotion,0.2648799419403076,0.02641090378165245,0.29129084944725037
vit_base_patch16_224,ILSVRC2012_val_00031472.JPEG,stable_high,0.4184804856777191,-0.0024663805961608887,0.416014164686203
vit_base_patch16_224,ILSVRC2012_val_00031495.JPEG,stable_high,0.26632946729660034,0.027050528675317764,0.2933799922466278
vit_base_patch16_224,ILSVRC2012_val_00031472.JPEG,stable_low,0.46712931990623474,-0.057608168572187424,0.4095211625099182
vit_base_patch16_224,ILSVRC2012_val_00031495.JPEG,stable_low,0.27351027727127075,0.008789206854999065,0.2822994887828827
vit_base_patch16_224,ILSVRC2012_val_00031472.JPEG,random,0.43401357531547546,-0.033001482486724854,0.4010120928287506
vit_base_patch16_224,ILSVRC2012_val_00031495.JPEG,random,0.258005827665329,0.025678643956780434,0.28368446230888367
vit_base_patch16_224,ILSVRC2012_val_00031548.JPEG,promotion,0.3639797866344452,0.06133141741156578,0.42531123757362366
vit_base_patch16_224,ILSVRC2012_val_00031586.JPEG,promotion,0.38861337304115295,0.029473934322595596,0.41808730363845825
vit_base_patch16_224,ILSVRC2012_val_00031548.JPEG,stable_high,0.38255801796913147,0.025743799284100533,0.40830183029174805
vit_base_patch16_224,ILSVRC2012_val_00031586.JPEG,stable_high,0.4062480628490448,0.03398195281624794,0.44022998213768005
vit_base_patch16_224,ILSVRC2012_val_00031548.JPEG,stable_low,0.4491075873374939,-0.0576469711959362,0.3914605975151062
vit_base_patch16_224,ILSVRC2012_val_00031586.JPEG,stable_low,0.3389626443386078,-0.004929985385388136,0.33403268456459045
vit_base_patch16_224,ILSVRC2012_val_00031548.JPEG,random,0.41121745109558105,-0.0323890782892704,0.37882834672927856
vit_base_patch16_224,ILSVRC2012_val_00031586.JPEG,random,0.4082607626914978,0.004411305766552687,0.41267210245132446
vit_base_patch16_224,ILSVRC2012_val_00031588.JPEG,promotion,0.4172058701515198,0.03002353198826313,0.44722938537597656
vit_base_patch16_224,ILSVRC2012_val_00031593.JPEG,promotion,0.39262932538986206,0.024079425260424614,0.41670873761177063
vit_base_patch16_224,ILSVRC2012_val_00031588.JPEG,stable_high,0.488077312707901,-0.0029682430904358625,0.4851090610027313
vit_base_patch16_224,ILSVRC2012_val_00031593.JPEG,stable_high,0.38613152503967285,0.006224402226507664,0.39235594868659973
vit_base_patch16_224,ILSVRC2012_val_00031588.JPEG,stable_low,0.41801324486732483,0.008070851676166058,0.42608407139778137
vit_base_patch16_224,ILSVRC2012_val_00031593.JPEG,stable_low,0.3902428150177002,-0.04598047211766243,0.34426236152648926
vit_base_patch16_224,ILSVRC2012_val_00031588.JPEG,random,0.44239577651023865,0.016344835981726646,0.45874056220054626
vit_base_patch16_224,ILSVRC2012_val_00031593.JPEG,random,0.433168888092041,-0.0300490353256464,0.403119832277298
vit_base_patch16_224,ILSVRC2012_val_00031629.JPEG,promotion,0.468263179063797,-0.0064443605951964855,0.4618188440799713
vit_base_patch16_224,ILSVRC2012_val_00031647.JPEG,promotion,0.2856467664241791,0.047862377017736435,0.3335091471672058
vit_base_patch16_224,ILSVRC2012_val_00031629.JPEG,stable_high,0.4288017451763153,0.007246349472552538,0.43604809045791626
vit_base_patch16_224,ILSVRC2012_val_00031647.JPEG,stable_high,0.3387361466884613,0.024243934080004692,0.36298009753227234
vit_base_patch16_224,ILSVRC2012_val_00031629.JPEG,stable_low,0.44809818267822266,-0.0007801098399795592,0.44731810688972473
vit_base_patch16_224,ILSVRC2012_val_00031647.JPEG,stable_low,0.3968220353126526,-0.05050743371248245,0.3463146388530731
vit_base_patch16_224,ILSVRC2012_val_00031629.JPEG,random,0.4388495981693268,-0.009663590230047703,0.4291859567165375
vit_base_patch16_224,ILSVRC2012_val_00031647.JPEG,random,0.38015133142471313,-0.0264076329767704,0.35374370217323303
vit_base_patch16_224,ILSVRC2012_val_00031670.JPEG,promotion,0.36770692467689514,0.02625810168683529,0.3939650058746338
vit_base_patch16_224,ILSVRC2012_val_00031686.JPEG,promotion,0.36758947372436523,0.04822868853807449,0.41581815481185913
vit_base_patch16_224,ILSVRC2012_val_00031670.JPEG,stable_high,0.3317168653011322,0.03353476524353027,0.36525169014930725
vit_base_patch16_224,ILSVRC2012_val_00031686.JPEG,stable_high,0.3441965878009796,0.020994586870074272,0.36519119143486023
vit_base_patch16_224,ILSVRC2012_val_00031670.JPEG,stable_low,0.40294334292411804,-0.03145276755094528,0.37149056792259216
vit_base_patch16_224,ILSVRC2012_val_00031686.JPEG,stable_low,0.3660602569580078,-0.013552963733673096,0.3525073230266571
vit_base_patch16_224,ILSVRC2012_val_00031670.JPEG,random,0.42435598373413086,-0.02901463769376278,0.39534133672714233
vit_base_patch16_224,ILSVRC2012_val_00031686.JPEG,random,0.3531549870967865,-0.0057762437500059605,0.3473787307739258
vit_base_patch16_224,ILSVRC2012_val_00031762.JPEG,promotion,0.48514291644096375,0.02555617317557335,0.5106990933418274
vit_base_patch16_224,ILSVRC2012_val_00031783.JPEG,promotion,0.5158602595329285,0.028641028329730034,0.5445012450218201
vit_base_patch16_224,ILSVRC2012_val_00031762.JPEG,stable_high,0.428333044052124,0.028818676248192787,0.4571516811847687
vit_base_patch16_224,ILSVRC2012_val_00031783.JPEG,stable_high,0.5131985545158386,0.01703508384525776,0.5302336812019348
vit_base_patch16_224,ILSVRC2012_val_00031762.JPEG,stable_low,0.41590431332588196,0.001045073731802404,0.4169493317604065
vit_base_patch16_224,ILSVRC2012_val_00031783.JPEG,stable_low,0.44682401418685913,0.020493166521191597,0.4673171639442444
vit_base_patch16_224,ILSVRC2012_val_00031762.JPEG,random,0.4332793653011322,0.021444158628582954,0.4547235071659088
vit_base_patch16_224,ILSVRC2012_val_00031783.JPEG,random,0.4229554831981659,0.021998243406414986,0.44495370984077454
vit_base_patch16_224,ILSVRC2012_val_00031785.JPEG,promotion,0.3998708128929138,0.08231108635663986,0.4821818768978119
vit_base_patch16_224,ILSVRC2012_val_00031789.JPEG,promotion,0.42798662185668945,0.04707643762230873,0.4750630557537079
vit_base_patch16_224,ILSVRC2012_val_00031785.JPEG,stable_high,0.4029870331287384,0.0693836435675621,0.4723707139492035
vit_base_patch16_224,ILSVRC2012_val_00031789.JPEG,stable_high,0.4474073052406311,0.022975334897637367,0.4703826308250427
vit_base_patch16_224,ILSVRC2012_val_00031785.JPEG,stable_low,0.2784651517868042,-0.001450257608667016,0.2770148813724518
vit_base_patch16_224,ILSVRC2012_val_00031789.JPEG,stable_low,0.37227338552474976,0.00033688120311126113,0.37261027097702026
vit_base_patch16_224,ILSVRC2012_val_00031785.JPEG,random,0.3447151184082031,0.04685358330607414,0.39156869053840637
vit_base_patch16_224,ILSVRC2012_val_00031789.JPEG,random,0.43520188331604004,0.004220017232000828,0.4394218623638153
cait_s24_224,ILSVRC2012_val_00031361.JPEG,promotion,0.05745987221598625,0.045127023011446,0.10258690267801285
cait_s24_224,ILSVRC2012_val_00031410.JPEG,promotion,0.0061626136302948,0.07185016572475433,0.07801277190446854
cait_s24_224,ILSVRC2012_val_00031361.JPEG,stable_high,0.0908772423863411,0.09743327647447586,0.18831051886081696
cait_s24_224,ILSVRC2012_val_00031410.JPEG,stable_high,0.03728098049759865,0.10158608108758926,0.1388670653104782
cait_s24_224,ILSVRC2012_val_00031361.JPEG,stable_low,0.040947940200567245,0.018729398027062416,0.05967733636498451
cait_s24_224,ILSVRC2012_val_00031410.JPEG,stable_low,0.047895580530166626,0.06020576134324074,0.10810135304927826
cait_s24_224,ILSVRC2012_val_00031361.JPEG,random,0.06776317209005356,0.06798984855413437,0.13575302064418793
cait_s24_224,ILSVRC2012_val_00031410.JPEG,random,0.03498443588614464,0.07989039272069931,0.11487483233213425
cait_s24_224,ILSVRC2012_val_00031472.JPEG,promotion,0.049957115203142166,0.13526888191699982,0.18522599339485168
cait_s24_224,ILSVRC2012_val_00031495.JPEG,promotion,0.030101541429758072,0.3739883303642273,0.40408986806869507
cait_s24_224,ILSVRC2012_val_00031472.JPEG,stable_high,0.07179275900125504,0.1703605204820633,0.24215327203273773
cait_s24_224,ILSVRC2012_val_00031495.JPEG,stable_high,0.02961552143096924,0.3566882312297821,0.38630375266075134
cait_s24_224,ILSVRC2012_val_00031472.JPEG,stable_low,0.06061311811208725,0.025950465351343155,0.0865635871887207
cait_s24_224,ILSVRC2012_val_00031495.JPEG,stable_low,0.011018463410437107,0.24393238127231598,0.2549508213996887
cait_s24_224,ILSVRC2012_val_00031472.JPEG,random,0.05288989096879959,0.0750579684972763,0.1279478520154953
cait_s24_224,ILSVRC2012_val_00031495.JPEG,random,0.022082993760704994,0.2918643355369568,0.3139473497867584
cait_s24_224,ILSVRC2012_val_00031548.JPEG,promotion,0.033720605075359344,0.05463976785540581,0.08836036920547485
cait_s24_224,ILSVRC2012_val_00031586.JPEG,promotion,0.016362395137548447,0.07104779779911041,0.08741018921136856
cait_s24_224,ILSVRC2012_val_00031548.JPEG,stable_high,0.05822914093732834,0.06009870395064354,0.11832784116268158
cait_s24_224,ILSVRC2012_val_00031586.JPEG,stable_high,0.03341684490442276,0.07563477009534836,0.10905160754919052
cait_s24_224,ILSVRC2012_val_00031548.JPEG,stable_low,0.025856580585241318,0.043936457484960556,0.06979303807020187
cait_s24_224,ILSVRC2012_val_00031586.JPEG,stable_low,0.04264436289668083,0.07178209722042084,0.11442645639181137
cait_s24_224,ILSVRC2012_val_00031548.JPEG,random,0.02943415753543377,0.048584822565317154,0.07801897823810577
cait_s24_224,ILSVRC2012_val_00031586.JPEG,random,0.03665388375520706,0.052604712545871735,0.0892586037516594
cait_s24_224,ILSVRC2012_val_00031588.JPEG,promotion,0.0740622952580452,0.07813983410596848,0.15220212936401367
cait_s24_224,ILSVRC2012_val_00031593.JPEG,promotion,0.08178480714559555,0.11061703413724899,0.19240184128284454
cait_s24_224,ILSVRC2012_val_00031588.JPEG,stable_high,0.07293543964624405,0.07544685900211334,0.1483822911977768
cait_s24_224,ILSVRC2012_val_00031593.JPEG,stable_high,0.07449529320001602,0.09399165958166122,0.16848695278167725
cait_s24_224,ILSVRC2012_val_00031588.JPEG,stable_low,0.07831574231386185,0.03557267785072327,0.11388842761516571
cait_s24_224,ILSVRC2012_val_00031593.JPEG,stable_low,0.059749867767095566,0.07732252031564713,0.1370723992586136
cait_s24_224,ILSVRC2012_val_00031588.JPEG,random,0.08179450035095215,0.06066872924566269,0.14246322214603424
cait_s24_224,ILSVRC2012_val_00031593.JPEG,random,0.07256846874952316,0.09358884394168854,0.1661573201417923
cait_s24_224,ILSVRC2012_val_00031629.JPEG,promotion,0.08170988410711288,0.20136083662509918,0.28307074308395386
cait_s24_224,ILSVRC2012_val_00031647.JPEG,promotion,0.05057979002594948,0.14360657334327698,0.19418637454509735
cait_s24_224,ILSVRC2012_val_00031629.JPEG,stable_high,0.058861855417490005,0.17823179066181183,0.23709365725517273
cait_s24_224,ILSVRC2012_val_00031647.JPEG,stable_high,0.04443725198507309,0.1998906284570694,0.24432788789272308
cait_s24_224,ILSVRC2012_val_00031629.JPEG,stable_low,0.0757753774523735,0.01795172691345215,0.09372710436582565
cait_s24_224,ILSVRC2012_val_00031647.JPEG,stable_low,0.07028435170650482,0.024233387783169746,0.09451774507761002
cait_s24_224,ILSVRC2012_val_00031629.JPEG,random,0.07496066391468048,0.1241871789097786,0.19914785027503967
cait_s24_224,ILSVRC2012_val_00031647.JPEG,random,0.040394894778728485,0.12666039168834686,0.16705529391765594
cait_s24_224,ILSVRC2012_val_00031670.JPEG,promotion,0.07255210727453232,0.17413224279880524,0.24668435752391815
cait_s24_224,ILSVRC2012_val_00031686.JPEG,promotion,0.08527924865484238,0.2420845776796341,0.3273637890815735
cait_s24_224,ILSVRC2012_val_00031670.JPEG,stable_high,0.059700459241867065,0.20922912657260895,0.2689295709133148
cait_s24_224,ILSVRC2012_val_00031686.JPEG,stable_high,0.07996638119220734,0.2191746085882187,0.299140989780426
cait_s24_224,ILSVRC2012_val_00031670.JPEG,stable_low,0.03386494517326355,0.05394132062792778,0.08780626207590103
cait_s24_224,ILSVRC2012_val_00031686.JPEG,stable_low,0.04987911134958267,0.10355707257986069,0.15343618392944336
cait_s24_224,ILSVRC2012_val_00031670.JPEG,random,0.052806708961725235,0.1024136021733284,0.15522031486034393
cait_s24_224,ILSVRC2012_val_00031686.JPEG,random,0.06106412783265114,0.14941999316215515,0.2104841023683548
cait_s24_224,ILSVRC2012_val_00031762.JPEG,promotion,0.03728586062788963,0.024281194433569908,0.06156705692410469
cait_s24_224,ILSVRC2012_val_00031783.JPEG,promotion,0.02213963493704796,0.044080257415771484,0.06621988862752914
cait_s24_224,ILSVRC2012_val_00031762.JPEG,stable_high,0.02518528699874878,0.03307340666651726,0.05825869366526604
cait_s24_224,ILSVRC2012_val_00031783.JPEG,stable_high,0.0638158917427063,0.04207595810294151,0.10589184612035751
cait_s24_224,ILSVRC2012_val_00031762.JPEG,stable_low,0.02791874296963215,0.03644109517335892,0.06435983628034592
cait_s24_224,ILSVRC2012_val_00031783.JPEG,stable_low,0.054345037788152695,0.0711638480424881,0.1255088895559311
cait_s24_224,ILSVRC2012_val_00031762.JPEG,random,0.030287666246294975,0.02793428674340248,0.058221954852342606
cait_s24_224,ILSVRC2012_val_00031783.JPEG,random,0.06422484666109085,0.056630223989486694,0.12085505574941635
cait_s24_224,ILSVRC2012_val_00031785.JPEG,promotion,0.08101149648427963,0.132147878408432,0.21315935254096985
cait_s24_224,ILSVRC2012_val_00031789.JPEG,promotion,0.06140884384512901,0.10440973937511444,0.16581857204437256
cait_s24_224,ILSVRC2012_val_00031785.JPEG,stable_high,0.033031754195690155,0.029639223590493202,0.06267097592353821
cait_s24_224,ILSVRC2012_val_00031789.JPEG,stable_high,0.050985466688871384,0.12402347475290298,0.17500893771648407
cait_s24_224,ILSVRC2012_val_00031785.JPEG,stable_low,0.08288584649562836,0.026714662089943886,0.1096004992723465
cait_s24_224,ILSVRC2012_val_00031789.JPEG,stable_low,0.04158726707100868,0.06251397728919983,0.10410124808549881
cait_s24_224,ILSVRC2012_val_00031785.JPEG,random,0.07215524464845657,0.013527346774935722,0.08568258583545685
cait_s24_224,ILSVRC2012_val_00031789.JPEG,random,0.04302435740828514,0.082430399954319,0.12545475363731384
pit_b_224,ILSVRC2012_val_00031361.JPEG,promotion,-0.07310084998607635,-0.23537608981132507,-0.30847692489624023
pit_b_224,ILSVRC2012_val_00031410.JPEG,promotion,0.0675543025135994,-0.29512840509414673,-0.22757412493228912
pit_b_224,ILSVRC2012_val_00031361.JPEG,stable_high,-0.0590917207300663,-0.21733804047107697,-0.2764297425746918
pit_b_224,ILSVRC2012_val_00031410.JPEG,stable_high,0.08916471898555756,-0.3307291865348816,-0.24156446754932404
pit_b_224,ILSVRC2012_val_00031361.JPEG,stable_low,-0.08815090358257294,-0.22514767944812775,-0.3132985532283783
pit_b_224,ILSVRC2012_val_00031410.JPEG,stable_low,0.05390256643295288,-0.3825787603855133,-0.3286761939525604
pit_b_224,ILSVRC2012_val_00031361.JPEG,random,-0.08356795459985733,-0.19462908804416656,-0.2781970202922821
pit_b_224,ILSVRC2012_val_00031410.JPEG,random,0.07474810630083084,-0.34051957726478577,-0.2657714784145355
pit_b_224,ILSVRC2012_val_00031472.JPEG,promotion,0.1332034021615982,-0.2342468947172165,-0.10104351490736008
pit_b_224,ILSVRC2012_val_00031495.JPEG,promotion,0.17882399260997772,-0.14002268016338348,0.03880131244659424
pit_b_224,ILSVRC2012_val_00031472.JPEG,stable_high,0.1167454719543457,-0.2328214794397354,-0.11607600748538971
pit_b_224,ILSVRC2012_val_00031495.JPEG,stable_high,0.18210792541503906,-0.1451348066329956,0.03697311505675316
pit_b_224,ILSVRC2012_val_00031472.JPEG,stable_low,0.12844760715961456,-0.27543729543685913,-0.14698965847492218
pit_b_224,ILSVRC2012_val_00031495.JPEG,stable_low,0.16215522587299347,-0.1715400516986847,-0.00938485749065876
pit_b_224,ILSVRC2012_val_00031472.JPEG,random,0.1111149713397026,-0.2580779194831848,-0.14696292579174042
pit_b_224,ILSVRC2012_val_00031495.JPEG,random,0.17137005925178528,-0.15668748319149017,0.014682590961456299
pit_b_224,ILSVRC2012_val_00031548.JPEG,promotion,0.011818082071840763,-0.30647706985473633,-0.29465898871421814
pit_b_224,ILSVRC2012_val_00031586.JPEG,promotion,0.1535460501909256,-0.23755280673503876,-0.08400678634643555
pit_b_224,ILSVRC2012_val_00031548.JPEG,stable_high,0.004006546456366777,-0.27342689037323,-0.2694203555583954
pit_b_224,ILSVRC2012_val_00031586.JPEG,stable_high,0.16014494001865387,-0.13405098021030426,0.026093972846865654
pit_b_224,ILSVRC2012_val_00031548.JPEG,stable_low,-0.0573124960064888,-0.29772546887397766,-0.35503795742988586
pit_b_224,ILSVRC2012_val_00031586.JPEG,stable_low,0.11788003891706467,-0.27650150656700134,-0.15862147510051727
pit_b_224,ILSVRC2012_val_00031548.JPEG,random,0.00864302646368742,-0.2690940797328949,-0.2604510486125946
pit_b_224,ILSVRC2012_val_00031586.JPEG,random,0.14715251326560974,-0.21888914704322815,-0.071736641228199
pit_b_224,ILSVRC2012_val_00031588.JPEG,promotion,0.08691250532865524,-0.33404645323753357,-0.24713397026062012
pit_b_224,ILSVRC2012_val_00031593.JPEG,promotion,0.09280656278133392,-0.22962941229343414,-0.13682283461093903
pit_b_224,ILSVRC2012_val_00031588.JPEG,stable_high,0.08420775085687637,-0.3381548821926117,-0.2539471387863159
pit_b_224,ILSVRC2012_val_00031593.JPEG,stable_high,0.0832684114575386,-0.22318799793720245,-0.13991960883140564
pit_b_224,ILSVRC2012_val_00031588.JPEG,stable_low,0.07709507644176483,-0.3596641719341278,-0.28256911039352417
pit_b_224,ILSVRC2012_val_00031593.JPEG,stable_low,0.05209116265177727,-0.22323884069919586,-0.1711476743221283
pit_b_224,ILSVRC2012_val_00031588.JPEG,random,0.06343158334493637,-0.33905696868896484,-0.27562540769577026
pit_b_224,ILSVRC2012_val_00031593.JPEG,random,0.08390273153781891,-0.22685913741588593,-0.14295639097690582
pit_b_224,ILSVRC2012_val_00031629.JPEG,promotion,0.13370266556739807,-0.22721947729587555,-0.09351682662963867
pit_b_224,ILSVRC2012_val_00031647.JPEG,promotion,0.09370908886194229,-0.2909458577632904,-0.19723676145076752
pit_b_224,ILSVRC2012_val_00031629.JPEG,stable_high,0.12887993454933167,-0.22111961245536804,-0.09223967790603638
pit_b_224,ILSVRC2012_val_00031647.JPEG,stable_high,0.108950674533844,-0.2739664912223816,-0.1650158017873764
pit_b_224,ILSVRC2012_val_00031629.JPEG,stable_low,0.1487894207239151,-0.3345271944999695,-0.185737743973732
pit_b_224,ILSVRC2012_val_00031647.JPEG,stable_low,0.030097777023911476,-0.3246031701564789,-0.29450538754463196
pit_b_224,ILSVRC2012_val_00031629.JPEG,random,0.13540084660053253,-0.26226213574409485,-0.12686128914356232
pit_b_224,ILSVRC2012_val_00031647.JPEG,random,0.07639224827289581,-0.2927244007587433,-0.21633218228816986
pit_b_224,ILSVRC2012_val_00031670.JPEG,promotion,0.02740601636469364,-0.25975704193115234,-0.23235101997852325
pit_b_224,ILSVRC2012_val_00031686.JPEG,promotion,0.14517174661159515,-0.24688757956027985,-0.1017158254981041
pit_b_224,ILSVRC2012_val_00031670.JPEG,stable_high,0.05155685171484947,-0.25779131054878235,-0.20623447000980377
pit_b_224,ILSVRC2012_val_00031686.JPEG,stable_high,0.12449689209461212,-0.23615777492523193,-0.11166087538003922
pit_b_224,ILSVRC2012_val_00031670.JPEG,stable_low,0.014669914729893208,-0.34297510981559753,-0.328305184841156
pit_b_224,ILSVRC2012_val_00031686.JPEG,stable_low,0.06460825353860855,-0.25578293204307556,-0.19117471575737
pit_b_224,ILSVRC2012_val_00031670.JPEG,random,0.020780548453330994,-0.26564130187034607,-0.24486075341701508
pit_b_224,ILSVRC2012_val_00031686.JPEG,random,0.11338848620653152,-0.26027819514274597,-0.14688973128795624
pit_b_224,ILSVRC2012_val_00031762.JPEG,promotion,0.09666449576616287,-0.27472954988479614,-0.17806506156921387
pit_b_224,ILSVRC2012_val_00031783.JPEG,promotion,0.13158857822418213,-0.3908555507659912,-0.2592669427394867
pit_b_224,ILSVRC2012_val_00031762.JPEG,stable_high,0.07730943709611893,-0.27466586232185364,-0.1973564177751541
pit_b_224,ILSVRC2012_val_00031783.JPEG,stable_high,0.1147342175245285,-0.383708655834198,-0.2689744532108307
pit_b_224,ILSVRC2012_val_00031762.JPEG,stable_low,0.04948808625340462,-0.2901095747947693,-0.24062152206897736
pit_b_224,ILSVRC2012_val_00031783.JPEG,stable_low,0.11068390309810638,-0.40775707364082336,-0.2970731556415558
pit_b_224,ILSVRC2012_val_00031762.JPEG,random,0.07572299987077713,-0.2664945721626282,-0.19077157974243164
pit_b_224,ILSVRC2012_val_00031783.JPEG,random,0.10854244977235794,-0.44203513860702515,-0.3334926962852478
pit_b_224,ILSVRC2012_val_00031785.JPEG,promotion,0.07716114073991776,-0.2590118646621704,-0.18185071647167206
pit_b_224,ILSVRC2012_val_00031789.JPEG,promotion,0.03786014765501022,-0.2747378647327423,-0.2368777096271515
pit_b_224,ILSVRC2012_val_00031785.JPEG,stable_high,0.05438535287976265,-0.2799544036388397,-0.22556908428668976
pit_b_224,ILSVRC2012_val_00031789.JPEG,stable_high,0.042510952800512314,-0.25817734003067017,-0.21566639840602875
pit_b_224,ILSVRC2012_val_00031785.JPEG,stable_low,-0.01891438476741314,-0.28135791420936584,-0.30027225613594055
pit_b_224,ILSVRC2012_val_00031789.JPEG,stable_low,0.02172192558646202,-0.29511523246765137,-0.27339330315589905
pit_b_224,ILSVRC2012_val_00031785.JPEG,random,0.00970636960119009,-0.2884516716003418,-0.2787453234195709
pit_b_224,ILSVRC2012_val_00031789.JPEG,random,0.015561128035187721,-0.2853667140007019,-0.26980558037757874
visformer_small,ILSVRC2012_val_00031361.JPEG,promotion,0.04702206328511238,0.03140900656580925,0.07843106985092163
visformer_small,ILSVRC2012_val_00031410.JPEG,promotion,0.07580295950174332,0.015803592279553413,0.09160654991865158
visformer_small,ILSVRC2012_val_00031361.JPEG,stable_high,0.0485786609351635,0.028143730014562607,0.0767223909497261
visformer_small,ILSVRC2012_val_00031410.JPEG,stable_high,0.06516711413860321,0.02027139440178871,0.08543850481510162
visformer_small,ILSVRC2012_val_00031361.JPEG,stable_low,0.04507002606987953,0.011564443819224834,0.05663447454571724
visformer_small,ILSVRC2012_val_00031410.JPEG,stable_low,0.05964728444814682,0.04433700442314148,0.1039842888712883
visformer_small,ILSVRC2012_val_00031361.JPEG,random,0.061328668147325516,0.06494184583425522,0.12627051770687103
visformer_small,ILSVRC2012_val_00031410.JPEG,random,0.04033982381224632,0.016469743102788925,0.05680956691503525
visformer_small,ILSVRC2012_val_00031472.JPEG,promotion,0.04917973279953003,0.029851606115698814,0.07903134077787399
visformer_small,ILSVRC2012_val_00031495.JPEG,promotion,0.0508742518723011,0.020608944818377495,0.07148319482803345
visformer_small,ILSVRC2012_val_00031472.JPEG,stable_high,0.08674825727939606,0.07984916120767593,0.1665974110364914
visformer_small,ILSVRC2012_val_00031495.JPEG,stable_high,0.06196296215057373,0.0260600782930851,0.08802304416894913
visformer_small,ILSVRC2012_val_00031472.JPEG,stable_low,0.05169099196791649,0.05062515661120415,0.10231614857912064
visformer_small,ILSVRC2012_val_00031495.JPEG,stable_low,0.06948788464069366,0.04079444333910942,0.11028233915567398
visformer_small,ILSVRC2012_val_00031472.JPEG,random,0.07115425169467926,0.08085589855909348,0.15201015770435333
visformer_small,ILSVRC2012_val_00031495.JPEG,random,0.04461691901087761,0.015767620876431465,0.060384541749954224
visformer_small,ILSVRC2012_val_00031548.JPEG,promotion,0.05412038788199425,-0.04775924235582352,0.006361144129186869
visformer_small,ILSVRC2012_val_00031586.JPEG,promotion,0.09323520958423615,0.05845563858747482,0.15169085562229156
visformer_small,ILSVRC2012_val_00031548.JPEG,stable_high,0.07765449583530426,-0.02212338335812092,0.05553111806511879
visformer_small,ILSVRC2012_val_00031586.JPEG,stable_high,0.07284313440322876,0.01690894365310669,0.08975207805633545
visformer_small,ILSVRC2012_val_00031548.JPEG,stable_low,0.08042674511671066,0.007242954336106777,0.08766969293355942
visformer_small,ILSVRC2012_val_00031586.JPEG,stable_low,0.10098849982023239,0.07755708694458008,0.17854557931423187
visformer_small,ILSVRC2012_val_00031548.JPEG,random,0.0793074518442154,-0.04538321495056152,0.03392424061894417
visformer_small,ILSVRC2012_val_00031586.JPEG,random,0.06696400791406631,0.018247773870825768,0.08521177619695663
visformer_small,ILSVRC2012_val_00031588.JPEG,promotion,0.08640416711568832,0.010943353176116943,0.09734752029180527
visformer_small,ILSVRC2012_val_00031593.JPEG,promotion,0.059091296046972275,0.020369956269860268,0.07946125417947769
visformer_small,ILSVRC2012_val_00031588.JPEG,stable_high,0.07450748234987259,0.012642034329473972,0.08714951574802399
visformer_small,ILSVRC2012_val_00031593.JPEG,stable_high,0.05152413621544838,0.010401325300335884,0.06192546337842941
visformer_small,ILSVRC2012_val_00031588.JPEG,stable_low,0.06769827753305435,0.025200406089425087,0.09289868175983429
visformer_small,ILSVRC2012_val_00031593.JPEG,stable_low,0.057285092771053314,0.013220957480370998,0.07050605118274689
visformer_small,ILSVRC2012_val_00031588.JPEG,random,0.07590017467737198,0.012487675063312054,0.08838784694671631
visformer_small,ILSVRC2012_val_00031593.JPEG,random,0.057322919368743896,0.014806159771978855,0.07212907820940018
visformer_small,ILSVRC2012_val_00031629.JPEG,promotion,0.06941813975572586,0.01192775834351778,0.08134590089321136
visformer_small,ILSVRC2012_val_00031647.JPEG,promotion,0.07461054623126984,0.017453501001000404,0.09206404536962509
visformer_small,ILSVRC2012_val_00031629.JPEG,stable_high,0.06312360614538193,-0.00555132981389761,0.05757227912545204
visformer_small,ILSVRC2012_val_00031647.JPEG,stable_high,0.04587665572762489,0.013592771254479885,0.05946942791342735
visformer_small,ILSVRC2012_val_00031629.JPEG,stable_low,0.059797924011945724,0.026140285655856133,0.0859382152557373
visformer_small,ILSVRC2012_val_00031647.JPEG,stable_low,0.06712371110916138,0.04073837399482727,0.10786207765340805
visformer_small,ILSVRC2012_val_00031629.JPEG,random,0.060268014669418335,0.06123938038945198,0.12150740623474121
visformer_small,ILSVRC2012_val_00031647.JPEG,random,0.07483136653900146,0.05009181424975395,0.12492317706346512
visformer_small,ILSVRC2012_val_00031670.JPEG,promotion,0.036674320697784424,0.01783416047692299,0.05450848117470741
visformer_small,ILSVRC2012_val_00031686.JPEG,promotion,0.04892653971910477,0.022603604942560196,0.07153014838695526
visformer_small,ILSVRC2012_val_00031670.JPEG,stable_high,0.020304067060351372,0.0061157941818237305,0.026419861242175102
visformer_small,ILSVRC2012_val_00031686.JPEG,stable_high,0.04972310736775398,0.011855832301080227,0.061578936874866486
visformer_small,ILSVRC2012_val_00031670.JPEG,stable_low,0.050691355019807816,0.09997202455997467,0.1506633758544922
visformer_small,ILSVRC2012_val_00031686.JPEG,stable_low,0.05682186409831047,0.07103133946657181,0.12785321474075317
visformer_small,ILSVRC2012_val_00031670.JPEG,random,0.05389799550175667,0.037425536662340164,0.09132353216409683
visformer_small,ILSVRC2012_val_00031686.JPEG,random,0.060300808399915695,0.026432454586029053,0.08673326671123505
visformer_small,ILSVRC2012_val_00031762.JPEG,promotion,0.06365787982940674,0.0020972234196960926,0.06575510650873184
visformer_small,ILSVRC2012_val_00031783.JPEG,promotion,0.04597780480980873,-0.0013888904359191656,0.04458891600370407
visformer_small,ILSVRC2012_val_00031762.JPEG,stable_high,0.07595924288034439,0.016776416450738907,0.0927356630563736
visformer_small,ILSVRC2012_val_00031783.JPEG,stable_high,0.07807710021734238,-0.001801984617486596,0.07627511769533157
visformer_small,ILSVRC2012_val_00031762.JPEG,stable_low,0.054530270397663116,0.07694089412689209,0.1314711719751358
visformer_small,ILSVRC2012_val_00031783.JPEG,stable_low,0.04949990287423134,0.053099531680345535,0.10259944200515747
visformer_small,ILSVRC2012_val_00031762.JPEG,random,0.06151853874325752,0.05427444726228714,0.11579298973083496
visformer_small,ILSVRC2012_val_00031783.JPEG,random,0.06808348000049591,0.04784661531448364,0.11593008786439896
visformer_small,ILSVRC2012_val_00031785.JPEG,promotion,0.06142295151948929,0.01628228649497032,0.07770524173974991
visformer_small,ILSVRC2012_val_00031789.JPEG,promotion,0.052710793912410736,-0.004050965886563063,0.048659827560186386
visformer_small,ILSVRC2012_val_00031785.JPEG,stable_high,0.09565099328756332,0.05660203471779823,0.15225303173065186
visformer_small,ILSVRC2012_val_00031789.JPEG,stable_high,0.04909219220280647,0.011460100300610065,0.060552291572093964
visformer_small,ILSVRC2012_val_00031785.JPEG,stable_low,0.09697172790765762,0.0010362224420532584,0.09800795465707779
visformer_small,ILSVRC2012_val_00031789.JPEG,stable_low,0.06354492157697678,0.046754974871873856,0.11029989272356033
visformer_small,ILSVRC2012_val_00031785.JPEG,random,0.0862281322479248,0.044789426028728485,0.1310175657272339
visformer_small,ILSVRC2012_val_00031789.JPEG,random,0.04260513558983803,-0.002466365694999695,0.04013877362012863
